model_key,label,n_sets,mean_test_auc,median_test_auc,mean_null_auc,mean_test_logloss,mean_p_value,mean_p_value_bh,frac_sig_at_p05,frac_sig_at_bh_fdr05
gpt-54,gpt-54,100,0.913273504967666,0.918057082098513,0.6914843284094198,0.3080619276727298,0.07397567618758996,0.07966683790663882,0.83,0.83
gpt-54-mini,gpt-54-mini,100,0.9331909001373326,0.9402049356368133,0.640641058256752,0.2693739816214629,0.03507462686567164,0.03706200245595277,0.9,0.9
gpt-54-mini-thinking,gpt-54-mini-thinking,99,0.9536362716953893,0.9568498271189608,0.6814699908221167,0.20569111113522856,0.05385381275180793,0.06007377621146866,0.7777777777777778,0.7676767676767676
gpt-54-nano,gpt-54-nano,100,0.8539919715030355,0.8596887245654199,0.5739725570012368,0.4037798589261026,0.06666666666666667,0.07176133774270654,0.82,0.82
gpt-54-nano-thinking,gpt-54-nano-thinking,100,0.942560113242682,0.9516318227315418,0.6269016866752861,0.23459759544960498,0.05711716417910448,0.061309100593735774,0.84,0.84
gpt-54-thinking,gpt-54-thinking,99,0.9384978818734463,0.9477364892824629,0.6822930348967313,0.23342287719772653,0.061103578239466855,0.06765950643479655,0.797979797979798,0.7474747474747475
