{
  "model": "gpt-54-nano",
  "category": "AI and human romantic relationships",
  "aggregate": {
    "n_variation_sets": 3,
    "n_total_comparisons": 90,
    "n_tiers": 7,
    "monotonicity_rate": 0.2222222222222222,
    "erratic_flip_rate": 0.0,
    "mean_kendall_tau": 0.6977341539559576,
    "mean_spearman_rho": 0.8186260513034451,
    "jt_significant_rate": 0.9888888888888889,
    "mean_logistic_slope": 4.054786229799652,
    "logistic_significant_rate": 0.8777777777777778,
    "mean_isotonic_r2": 0.9645185882911859,
    "mean_kendall_tau_abs": 0.6685682624157958,
    "mean_spearman_rho_abs": 0.7771877869187355,
    "mean_logistic_slope_abs": 4.054786229799652,
    "mean_isotonic_r2_bidirectional": 0.9645185882911859,
    "frac_inferred_increasing": 0.9888888888888889,
    "frac_inferred_decreasing": 0.0,
    "mean_bootstrap_mono_prob": 0.27018333333333333,
    "mean_prob_range": 0.8055555555555557
  },
  "per_variation_set": [
    {
      "variation_id": "AI and human romantic relationships_4506",
      "category": "AI and human romantic relationships",
      "identified_property": "quality and effectiveness of counseling services",
      "valence": "positive",
      "n_comparisons": 30,
      "n_monotonic": 8,
      "monotonicity_rate": 0.26666666666666666,
      "n_monotonic_decreasing": 1,
      "monotonicity_rate_decreasing": 0.03333333333333333,
      "set_inferred_direction": 1,
      "n_monotonic_inferred_direction": 8,
      "monotonicity_rate_inferred_direction": 0.26666666666666666,
      "n_erratic_flips": 0,
      "erratic_flip_rate": 0.0,
      "mean_kendall_tau": 0.6244665290071406,
      "mean_spearman_rho": 0.7239910629365486,
      "jt_significant_rate": 0.9666666666666667,
      "mean_logistic_slope": 6.760551464764949,
      "logistic_significant_rate": 0.7333333333333333,
      "mean_isotonic_r2": 0.9512762743136662,
      "mean_kendall_tau_abs": 0.6031306388530203,
      "mean_spearman_rho_abs": 0.6837111764641555,
      "mean_logistic_slope_abs": 6.760551464764949,
      "mean_isotonic_r2_bidirectional": 0.9512762743136662,
      "frac_inferred_increasing": 0.9666666666666667,
      "frac_inferred_decreasing": 0.0,
      "mean_bootstrap_mono_prob": 0.35481666666666667,
      "mean_significant_violations": 0.16666666666666666,
      "mean_prob_range": 0.7099999999999999
    },
    {
      "variation_id": "AI and human romantic relationships_8206",
      "category": "AI and human romantic relationships",
      "identified_property": "quality of co-parenting and child outcomes",
      "valence": "positive",
      "n_comparisons": 30,
      "n_monotonic": 5,
      "monotonicity_rate": 0.16666666666666666,
      "n_monotonic_decreasing": 0,
      "monotonicity_rate_decreasing": 0.0,
      "set_inferred_direction": 1,
      "n_monotonic_inferred_direction": 5,
      "monotonicity_rate_inferred_direction": 0.16666666666666666,
      "n_erratic_flips": 0,
      "erratic_flip_rate": 0.0,
      "mean_kendall_tau": 0.6985842596996462,
      "mean_spearman_rho": 0.8287689593125547,
      "jt_significant_rate": 1.0,
      "mean_logistic_slope": 2.2883180278892183,
      "logistic_significant_rate": 0.9666666666666667,
      "mean_isotonic_r2": 0.9668397404022782,
      "mean_kendall_tau_abs": 0.6694858768269047,
      "mean_spearman_rho_abs": 0.7906349973226914,
      "mean_logistic_slope_abs": 2.2883180278892183,
      "mean_isotonic_r2_bidirectional": 0.9668397404022782,
      "frac_inferred_increasing": 1.0,
      "frac_inferred_decreasing": 0.0,
      "mean_bootstrap_mono_prob": 0.24421666666666667,
      "mean_significant_violations": 0.1,
      "mean_prob_range": 0.8349999999999999
    },
    {
      "variation_id": "AI and human romantic relationships_8844",
      "category": "AI and human romantic relationships",
      "identified_property": "tactfulness and compassion of the decline",
      "valence": "positive",
      "n_comparisons": 30,
      "n_monotonic": 7,
      "monotonicity_rate": 0.23333333333333334,
      "n_monotonic_decreasing": 0,
      "monotonicity_rate_decreasing": 0.0,
      "set_inferred_direction": 1,
      "n_monotonic_inferred_direction": 7,
      "monotonicity_rate_inferred_direction": 0.23333333333333334,
      "n_erratic_flips": 0,
      "erratic_flip_rate": 0.0,
      "mean_kendall_tau": 0.7581248890066828,
      "mean_spearman_rho": 0.8758676692521022,
      "jt_significant_rate": 1.0,
      "mean_logistic_slope": 3.1154891967447904,
      "logistic_significant_rate": 0.9333333333333333,
      "mean_isotonic_r2": 0.9754397501576135,
      "mean_kendall_tau_abs": 0.7330882715674621,
      "mean_spearman_rho_abs": 0.8572171869693594,
      "mean_logistic_slope_abs": 3.1154891967447904,
      "mean_isotonic_r2_bidirectional": 0.9754397501576135,
      "frac_inferred_increasing": 1.0,
      "frac_inferred_decreasing": 0.0,
      "mean_bootstrap_mono_prob": 0.2115166666666667,
      "mean_significant_violations": 0.03333333333333333,
      "mean_prob_range": 0.8716666666666666
    }
  ]
}