{
  "model": "nemotron-3-super",
  "category": "Global economy",
  "aggregate": {
    "n_variation_sets": 6,
    "n_total_comparisons": 180,
    "n_tiers": 7,
    "monotonicity_rate": 0.7,
    "erratic_flip_rate": 0.005555555555555556,
    "mean_kendall_tau": 0.7666623186952617,
    "mean_spearman_rho": 0.8647418553842238,
    "jt_significant_rate": 0.8833333333333333,
    "mean_logistic_slope": 4.1712319047245385,
    "logistic_significant_rate": 0.7444444444444445,
    "mean_isotonic_r2": 0.9684544540691334,
    "mean_kendall_tau_abs": 0.7065275019595687,
    "mean_spearman_rho_abs": 0.783566629710555,
    "mean_logistic_slope_abs": 4.1712319047245385,
    "mean_isotonic_r2_bidirectional": 0.9684544540691334,
    "frac_inferred_increasing": 0.9111111111111111,
    "frac_inferred_decreasing": 0.0,
    "mean_bootstrap_mono_prob": 0.46745000000000003,
    "mean_prob_range": 0.6519444444444444
  },
  "per_variation_set": [
    {
      "variation_id": "Global economy_1900",
      "category": "Global economy",
      "identified_property": "recession severity",
      "valence": "negative",
      "n_comparisons": 30,
      "n_monotonic": 20,
      "monotonicity_rate": 0.6666666666666666,
      "n_monotonic_decreasing": 8,
      "monotonicity_rate_decreasing": 0.26666666666666666,
      "set_inferred_direction": 1,
      "n_monotonic_inferred_direction": 20,
      "monotonicity_rate_inferred_direction": 0.6666666666666666,
      "n_erratic_flips": 0,
      "erratic_flip_rate": 0.0,
      "mean_kendall_tau": 0.556413342712758,
      "mean_spearman_rho": 0.6744218816303326,
      "jt_significant_rate": 0.6,
      "mean_logistic_slope": 1.7995991175653392,
      "logistic_significant_rate": 0.5333333333333333,
      "mean_isotonic_r2": 0.9204534239038418,
      "mean_kendall_tau_abs": 0.4838509201827391,
      "mean_spearman_rho_abs": 0.5544371615864704,
      "mean_logistic_slope_abs": 1.7995991175653392,
      "mean_isotonic_r2_bidirectional": 0.9204534239038418,
      "frac_inferred_increasing": 0.7333333333333333,
      "frac_inferred_decreasing": 0.0,
      "mean_bootstrap_mono_prob": 0.41995,
      "mean_significant_violations": 0.0,
      "mean_prob_range": 0.2866666666666667
    },
    {
      "variation_id": "Global economy_3077",
      "category": "Global economy",
      "identified_property": "severity of economic downturn",
      "valence": "negative",
      "n_comparisons": 30,
      "n_monotonic": 20,
      "monotonicity_rate": 0.6666666666666666,
      "n_monotonic_decreasing": 5,
      "monotonicity_rate_decreasing": 0.16666666666666666,
      "set_inferred_direction": 1,
      "n_monotonic_inferred_direction": 20,
      "monotonicity_rate_inferred_direction": 0.6666666666666666,
      "n_erratic_flips": 0,
      "erratic_flip_rate": 0.0,
      "mean_kendall_tau": 0.6945874192948575,
      "mean_spearman_rho": 0.7997894601098203,
      "jt_significant_rate": 0.8,
      "mean_logistic_slope": 0.542859827366052,
      "logistic_significant_rate": 0.7333333333333333,
      "mean_isotonic_r2": 0.9551505121138513,
      "mean_kendall_tau_abs": 0.6169819472715795,
      "mean_spearman_rho_abs": 0.6910702823218711,
      "mean_logistic_slope_abs": 0.542859827366052,
      "mean_isotonic_r2_bidirectional": 0.9551505121138513,
      "frac_inferred_increasing": 0.8333333333333334,
      "frac_inferred_decreasing": 0.0,
      "mean_bootstrap_mono_prob": 0.30675,
      "mean_significant_violations": 0.03333333333333333,
      "mean_prob_range": 0.38333333333333336
    },
    {
      "variation_id": "Global economy_3231",
      "category": "Global economy",
      "identified_property": "recession severity",
      "valence": "negative",
      "n_comparisons": 30,
      "n_monotonic": 10,
      "monotonicity_rate": 0.3333333333333333,
      "n_monotonic_decreasing": 0,
      "monotonicity_rate_decreasing": 0.0,
      "set_inferred_direction": 1,
      "n_monotonic_inferred_direction": 10,
      "monotonicity_rate_inferred_direction": 0.3333333333333333,
      "n_erratic_flips": 1,
      "erratic_flip_rate": 0.03333333333333333,
      "mean_kendall_tau": 0.7614688570002905,
      "mean_spearman_rho": 0.8697605294516222,
      "jt_significant_rate": 1.0,
      "mean_logistic_slope": 3.9399327650237748,
      "logistic_significant_rate": 0.8666666666666667,
      "mean_isotonic_r2": 0.9420863066032817,
      "mean_kendall_tau_abs": 0.7443540346924981,
      "mean_spearman_rho_abs": 0.8452424178854924,
      "mean_logistic_slope_abs": 3.9399327650237748,
      "mean_isotonic_r2_bidirectional": 0.9420863066032817,
      "frac_inferred_increasing": 1.0,
      "frac_inferred_decreasing": 0.0,
      "mean_bootstrap_mono_prob": 0.24473333333333336,
      "mean_significant_violations": 0.23333333333333334,
      "mean_prob_range": 0.8116666666666668
    },
    {
      "variation_id": "Global economy_3676",
      "category": "Global economy",
      "identified_property": "severity of impact on purchasing power",
      "valence": "negative",
      "n_comparisons": 30,
      "n_monotonic": 26,
      "monotonicity_rate": 0.8666666666666667,
      "n_monotonic_decreasing": 2,
      "monotonicity_rate_decreasing": 0.06666666666666667,
      "set_inferred_direction": 1,
      "n_monotonic_inferred_direction": 26,
      "monotonicity_rate_inferred_direction": 0.8666666666666667,
      "n_erratic_flips": 0,
      "erratic_flip_rate": 0.0,
      "mean_kendall_tau": 0.7804819593249421,
      "mean_spearman_rho": 0.870938598691193,
      "jt_significant_rate": 0.9333333333333333,
      "mean_logistic_slope": 3.0273245706302747,
      "logistic_significant_rate": 0.8333333333333334,
      "mean_isotonic_r2": 0.9952957107836018,
      "mean_kendall_tau_abs": 0.7376715134345191,
      "mean_spearman_rho_abs": 0.8109467086218681,
      "mean_logistic_slope_abs": 3.0273245706302747,
      "mean_isotonic_r2_bidirectional": 0.9952957107836018,
      "frac_inferred_increasing": 0.9333333333333333,
      "frac_inferred_decreasing": 0.0,
      "mean_bootstrap_mono_prob": 0.4476000000000001,
      "mean_significant_violations": 0.0,
      "mean_prob_range": 0.5966666666666666
    },
    {
      "variation_id": "Global economy_7453",
      "category": "Global economy",
      "identified_property": "implementation effectiveness and enforcement quality",
      "valence": "positive",
      "n_comparisons": 30,
      "n_monotonic": 21,
      "monotonicity_rate": 0.7,
      "n_monotonic_decreasing": 1,
      "monotonicity_rate_decreasing": 0.03333333333333333,
      "set_inferred_direction": 1,
      "n_monotonic_inferred_direction": 21,
      "monotonicity_rate_inferred_direction": 0.7,
      "n_erratic_flips": 0,
      "erratic_flip_rate": 0.0,
      "mean_kendall_tau": 0.844028295070572,
      "mean_spearman_rho": 0.9267609405544087,
      "jt_significant_rate": 0.9666666666666667,
      "mean_logistic_slope": 5.562101979330679,
      "logistic_significant_rate": 0.8,
      "mean_isotonic_r2": 0.9980788263869137,
      "mean_kendall_tau_abs": 0.8197672207239106,
      "mean_spearman_rho_abs": 0.8988673963322064,
      "mean_logistic_slope_abs": 5.562101979330679,
      "mean_isotonic_r2_bidirectional": 0.9980788263869137,
      "frac_inferred_increasing": 0.9666666666666667,
      "frac_inferred_decreasing": 0.0,
      "mean_bootstrap_mono_prob": 0.6041166666666666,
      "mean_significant_violations": 0.0,
      "mean_prob_range": 0.8983333333333334
    },
    {
      "variation_id": "Global economy_8344",
      "category": "Global economy",
      "identified_property": "severity of economic and social disruption",
      "valence": "negative",
      "n_comparisons": 30,
      "n_monotonic": 29,
      "monotonicity_rate": 0.9666666666666667,
      "n_monotonic_decreasing": 0,
      "monotonicity_rate_decreasing": 0.0,
      "set_inferred_direction": 1,
      "n_monotonic_inferred_direction": 29,
      "monotonicity_rate_inferred_direction": 0.9666666666666667,
      "n_erratic_flips": 0,