{
  "model": "gpt-54-mini",
  "category": "United States economy",
  "aggregate": {
    "n_variation_sets": 9,
    "n_total_comparisons": 270,
    "n_tiers": 7,
    "monotonicity_rate": 0.5740740740740741,
    "erratic_flip_rate": 0.003703703703703704,
    "mean_kendall_tau": 0.6563685195135995,
    "mean_spearman_rho": 0.7670761876391331,
    "jt_significant_rate": 0.7962962962962963,
    "mean_logistic_slope": 5.385221358450753,
    "logistic_significant_rate": 0.6,
    "mean_isotonic_r2": 0.9513768663622041,
    "mean_kendall_tau_abs": 0.5911570012639892,
    "mean_spearman_rho_abs": 0.6724868911590827,
    "mean_logistic_slope_abs": 5.385221358450753,
    "mean_isotonic_r2_bidirectional": 0.9514332270707387,
    "frac_inferred_increasing": 0.8481481481481481,
    "frac_inferred_decreasing": 0.003703703703703704,
    "mean_bootstrap_mono_prob": 0.5906814814814815,
    "mean_prob_range": 0.5957407407407408
  },
  "per_variation_set": [
    {
      "variation_id": "United States economy_2156",
      "category": "United States economy",
      "identified_property": "effectiveness and quality of infrastructure spending",
      "valence": "positive",
      "n_comparisons": 30,
      "n_monotonic": 20,
      "monotonicity_rate": 0.6666666666666666,
      "n_monotonic_decreasing": 1,
      "monotonicity_rate_decreasing": 0.03333333333333333,
      "set_inferred_direction": 1,
      "n_monotonic_inferred_direction": 20,
      "monotonicity_rate_inferred_direction": 0.6666666666666666,
      "n_erratic_flips": 0,
      "erratic_flip_rate": 0.0,
      "mean_kendall_tau": 0.7805573955455531,
      "mean_spearman_rho": 0.8673436663644483,
      "jt_significant_rate": 0.9666666666666667,
      "mean_logistic_slope": 7.395015199433133,
      "logistic_significant_rate": 0.7333333333333333,
      "mean_isotonic_r2": 0.9971335729985817,
      "mean_kendall_tau_abs": 0.752023764912227,
      "mean_spearman_rho_abs": 0.8327033184276278,
      "mean_logistic_slope_abs": 7.395015199433133,
      "mean_isotonic_r2_bidirectional": 0.9971335729985817,
      "frac_inferred_increasing": 0.9666666666666667,
      "frac_inferred_decreasing": 0.0,
      "mean_bootstrap_mono_prob": 0.6874833333333333,
      "mean_significant_violations": 0.0,
      "mean_prob_range": 0.8933333333333333
    },
    {
      "variation_id": "United States economy_2237",
      "category": "United States economy",
      "identified_property": "severity of layoffs and unemployment impact",
      "valence": "negative",
      "n_comparisons": 30,
      "n_monotonic": 21,
      "monotonicity_rate": 0.7,
      "n_monotonic_decreasing": 8,
      "monotonicity_rate_decreasing": 0.26666666666666666,
      "set_inferred_direction": 1,
      "n_monotonic_inferred_direction": 21,
      "monotonicity_rate_inferred_direction": 0.7,
      "n_erratic_flips": 0,
      "erratic_flip_rate": 0.0,
      "mean_kendall_tau": 0.5474850325993371,
      "mean_spearman_rho": 0.651377801188874,
      "jt_significant_rate": 0.7,
      "mean_logistic_slope": 7.491296408998246,
      "logistic_significant_rate": 0.4,
      "mean_isotonic_r2": 0.9950950158998776,
      "mean_kendall_tau_abs": 0.48764239864733405,
      "mean_spearman_rho_abs": 0.5536152913961758,
      "mean_logistic_slope_abs": 7.491296408998246,
      "mean_isotonic_r2_bidirectional": 0.9950950158998776,
      "frac_inferred_increasing": 0.7333333333333333,
      "frac_inferred_decreasing": 0.0,
      "mean_bootstrap_mono_prob": 0.7668166666666667,
      "mean_significant_violations": 0.0,
      "mean_prob_range": 0.43666666666666665
    },
    {
      "variation_id": "United States economy_2241",
      "category": "United States economy",
      "identified_property": "severity of the economic downturn's broader impact",
      "valence": "negative",
      "n_comparisons": 30,
      "n_monotonic": 19,
      "monotonicity_rate": 0.6333333333333333,
      "n_monotonic_decreasing": 6,
      "monotonicity_rate_decreasing": 0.2,
      "set_inferred_direction": 1,
      "n_monotonic_inferred_direction": 19,
      "monotonicity_rate_inferred_direction": 0.6333333333333333,
      "n_erratic_flips": 0,
      "erratic_flip_rate": 0.0,
      "mean_kendall_tau": 0.6045756638566117,
      "mean_spearman_rho": 0.7143719379314759,
      "jt_significant_rate": 0.7333333333333333,
      "mean_logistic_slope": 3.8901895345514523,
      "logistic_significant_rate": 0.6,
      "mean_isotonic_r2": 0.9539864631769889,
      "mean_kendall_tau_abs": 0.5478799046607945,
      "mean_spearman_rho_abs": 0.6249800815596801,
      "mean_logistic_slope_abs": 3.8901895345514523,
      "mean_isotonic_r2_bidirectional": 0.9539864631769889,
      "frac_inferred_increasing": 0.8,
      "frac_inferred_decreasing": 0.0,
      "mean_bootstrap_mono_prob": 0.6434666666666666,
      "mean_significant_violations": 0.06666666666666667,
      "mean_prob_range": 0.45833333333333326
    },
    {
      "variation_id": "United States economy_3163",
      "category": "United States economy",
      "identified_property": "effectiveness at combating inflation with minimal economic disruption",
      "valence": "positive",
      "n_comparisons": 30,
      "n_monotonic": 7,
      "monotonicity_rate": 0.23333333333333334,
      "n_monotonic_decreasing": 1,
      "monotonicity_rate_decreasing": 0.03333333333333333,
      "set_inferred_direction": 1,
      "n_monotonic_inferred_direction": 7,
      "monotonicity_rate_inferred_direction": 0.23333333333333334,
      "n_erratic_flips": 1,
      "erratic_flip_rate": 0.03333333333333333,
      "mean_kendall_tau": 0.755815032791567,
      "mean_spearman_rho": 0.8681105284022803,
      "jt_significant_rate": 0.9333333333333333,
      "mean_logistic_slope": 1.9599636437618293,
      "logistic_significant_rate": 0.9,
      "mean_isotonic_r2": 0.9100919020264465,
      "mean_kendall_tau_abs": 0.7057313227680152,
      "mean_spearman_rho_abs": 0.8148164934077583,
      "mean_logistic_slope_abs": 1.9599636437618293,
      "mean_isotonic_r2_bidirectional": 0.9100919020264465,
      "frac_inferred_increasing": 0.9666666666666667,
      "frac_inferred_decreasing": 0.0,
      "mean_bootstrap_mono_prob": 0.2315333333333333,
      "mean_significant_violations": 0.13333333333333333,
      "mean_prob_range": 0.785
    },
    {
      "variation_id": "United States economy_3510",
      "category": "United States economy",
      "identified_property": "magnitude and quality of foreign investment attracted",
      "valence": "positive",
      "n_comparisons": 30,
      "n_monotonic": 7,
      "monotonicity_rate": 0.23333333333333334,
      "n_monotonic_decreasing": 2,
      "monotonicity_rate_decreasing": 0.06666666666666667,
      "set_inferred_direction": 1,
      "n_monotonic_inferred_direction": 7,
      "monotonicity_rate_inferred_direction": 0.23333333333333334,
      "n_erratic_flips": 0,
      "erratic_flip_rate": 0.0,
      "mean_kendall_tau": 0.6271096766408966,
      "mean_spearman_rho": 0.7665997182301927,
      "jt_significant_rate": 0.8666666666666667,
      "mean_logistic_slope": 1.575414293085899,
      "logistic_significant_rate": 0.8666666666666667,
      "mean_isotonic_r2": 0.9041552854904558,
      "mean_kendall_tau_abs": 0.5805346384700587,
      "mean_spearman_rho_abs": 0.7002879619721014,
      "mean_logistic_slope_abs": 1.575414293085899,
      "mean_isotonic_r2_bidirectional": 0.9041552854904558,
      "frac_inferred_increasing": 0.9333333333333333,
      "frac_inferred_decreasing": 0.0,
      "mean_bootstrap_mono_prob": 0.22898333333333334,
      "mean_significant_violations": 0.2,
      "mean_prob_range": 0.6933333333333332
    },
    {
      "variation_id": "United States economy_4120",
      "category": "United States economy",
      "identified_property": "magnitude of dollar strengthening and resulting competitiveness loss",
      "valence": "negative",
      "n_comparisons": 30,
      "n_monotonic": 16,
      "monotonicity_rate": 0.5333333333333333,