{
  "model": "gpt-54-thinking",
  "category": "Global economy",
  "aggregate": {
    "n_variation_sets": 6,
    "n_total_comparisons": 180,
    "n_tiers": 7,
    "monotonicity_rate": 0.7777777777777778,
    "erratic_flip_rate": 0.0,
    "mean_kendall_tau": 0.6494864714619326,
    "mean_spearman_rho": 0.7507158990516535,
    "jt_significant_rate": 0.7277777777777777,
    "mean_logistic_slope": 9.503864691095368,
    "logistic_significant_rate": 0.40555555555555556,
    "mean_isotonic_r2": 0.9652798741668448,
    "mean_kendall_tau_abs": 0.5472120457164754,
    "mean_spearman_rho_abs": 0.6034841425801781,
    "mean_logistic_slope_abs": 9.503864691095368,
    "mean_isotonic_r2_bidirectional": 0.9652798741668448,
    "frac_inferred_increasing": 0.7722222222222223,
    "frac_inferred_decreasing": 0.011111111111111112,
    "mean_bootstrap_mono_prob": 0.77815,
    "mean_prob_range": 0.5825146198830409
  },
  "per_variation_set": [
    {
      "variation_id": "Global economy_1900",
      "category": "Global economy",
      "identified_property": "recession severity",
      "valence": "negative",
      "n_comparisons": 30,
      "n_monotonic": 18,
      "monotonicity_rate": 0.6,
      "n_monotonic_decreasing": 16,
      "monotonicity_rate_decreasing": 0.5333333333333333,
      "set_inferred_direction": 1,
      "n_monotonic_inferred_direction": 18,
      "monotonicity_rate_inferred_direction": 0.6,
      "n_erratic_flips": 0,
      "erratic_flip_rate": 0.0,
      "mean_kendall_tau": 0.3241932610925992,
      "mean_spearman_rho": 0.4142288023933597,
      "jt_significant_rate": 0.3,
      "mean_logistic_slope": 0.43684661067527725,
      "logistic_significant_rate": 0.3,
      "mean_isotonic_r2": 0.8773423315430555,
      "mean_kendall_tau_abs": 0.2552478701137497,
      "mean_spearman_rho_abs": 0.28993040384114105,
      "mean_logistic_slope_abs": 0.43684661067527736,
      "mean_isotonic_r2_bidirectional": 0.8773423315430555,
      "frac_inferred_increasing": 0.4,
      "frac_inferred_decreasing": 0.06666666666666667,
      "mean_bootstrap_mono_prob": 0.6963666666666667,
      "mean_significant_violations": 0.0,
      "mean_prob_range": 0.20385964912280702
    },
    {
      "variation_id": "Global economy_3077",
      "category": "Global economy",
      "identified_property": "severity of economic downturn",
      "valence": "negative",
      "n_comparisons": 30,
      "n_monotonic": 22,
      "monotonicity_rate": 0.7333333333333333,
      "n_monotonic_decreasing": 14,
      "monotonicity_rate_decreasing": 0.4666666666666667,
      "set_inferred_direction": 1,
      "n_monotonic_inferred_direction": 22,
      "monotonicity_rate_inferred_direction": 0.7333333333333333,
      "n_erratic_flips": 0,
      "erratic_flip_rate": 0.0,
      "mean_kendall_tau": 0.4867203811464106,
      "mean_spearman_rho": 0.5923597968224295,
      "jt_significant_rate": 0.4,
      "mean_logistic_slope": 1.9806258111734896,
      "logistic_significant_rate": 0.3333333333333333,
      "mean_isotonic_r2": 0.931284846246287,
      "mean_kendall_tau_abs": 0.36631705892062943,
      "mean_spearman_rho_abs": 0.40486611373016207,
      "mean_logistic_slope_abs": 1.9806258111734896,
      "mean_isotonic_r2_bidirectional": 0.931284846246287,
      "frac_inferred_increasing": 0.5333333333333333,
      "frac_inferred_decreasing": 0.0,
      "mean_bootstrap_mono_prob": 0.7411833333333333,
      "mean_significant_violations": 0.0,
      "mean_prob_range": 0.27675438596491225
    },
    {
      "variation_id": "Global economy_3231",
      "category": "Global economy",
      "identified_property": "recession severity",
      "valence": "negative",
      "n_comparisons": 30,
      "n_monotonic": 26,
      "monotonicity_rate": 0.8666666666666667,
      "n_monotonic_decreasing": 1,
      "monotonicity_rate_decreasing": 0.03333333333333333,
      "set_inferred_direction": 1,
      "n_monotonic_inferred_direction": 26,
      "monotonicity_rate_inferred_direction": 0.8666666666666667,
      "n_erratic_flips": 0,
      "erratic_flip_rate": 0.0,
      "mean_kendall_tau": 0.6473279727649258,
      "mean_spearman_rho": 0.7376457931161247,
      "jt_significant_rate": 0.9666666666666667,
      "mean_logistic_slope": 16.43163941825698,
      "logistic_significant_rate": 0.3333333333333333,
      "mean_isotonic_r2": 0.9975995383592536,
      "mean_kendall_tau_abs": 0.6091274164242272,
      "mean_spearman_rho_abs": 0.6818364705066845,
      "mean_logistic_slope_abs": 16.43163941825698,
      "mean_isotonic_r2_bidirectional": 0.9975995383592536,
      "frac_inferred_increasing": 0.9666666666666667,
      "frac_inferred_decreasing": 0.0,
      "mean_bootstrap_mono_prob": 0.86585,
      "mean_significant_violations": 0.0,
      "mean_prob_range": 0.750877192982456
    },
    {
      "variation_id": "Global economy_3676",
      "category": "Global economy",
      "identified_property": "severity of impact on purchasing power",
      "valence": "negative",
      "n_comparisons": 30,
      "n_monotonic": 26,
      "monotonicity_rate": 0.8666666666666667,
      "n_monotonic_decreasing": 4,
      "monotonicity_rate_decreasing": 0.13333333333333333,
      "set_inferred_direction": 1,
      "n_monotonic_inferred_direction": 26,
      "monotonicity_rate_inferred_direction": 0.8666666666666667,
      "n_erratic_flips": 0,
      "erratic_flip_rate": 0.0,
      "mean_kendall_tau": 0.6830939312335977,
      "mean_spearman_rho": 0.7769236987661319,
      "jt_significant_rate": 0.8333333333333334,
      "mean_logistic_slope": 13.53861308682002,
      "logistic_significant_rate": 0.36666666666666664,
      "mean_isotonic_r2": 0.9997089870562557,
      "mean_kendall_tau_abs": 0.5993344087714013,
      "mean_spearman_rho_abs": 0.6612218064062522,
      "mean_logistic_slope_abs": 13.53861308682002,
      "mean_isotonic_r2_bidirectional": 0.9997089870562557,
      "frac_inferred_increasing": 0.8666666666666667,
      "frac_inferred_decreasing": 0.0,
      "mean_bootstrap_mono_prob": 0.8673166666666667,
      "mean_significant_violations": 0.0,
      "mean_prob_range": 0.5816666666666669
    },
    {
      "variation_id": "Global economy_7453",
      "category": "Global economy",
      "identified_property": "implementation effectiveness and enforcement quality",
      "valence": "positive",
      "n_comparisons": 30,
      "n_monotonic": 20,
      "monotonicity_rate": 0.6666666666666666,
      "n_monotonic_decreasing": 3,
      "monotonicity_rate_decreasing": 0.1,
      "set_inferred_direction": 1,
      "n_monotonic_inferred_direction": 20,
      "monotonicity_rate_inferred_direction": 0.6666666666666666,
      "n_erratic_flips": 0,
      "erratic_flip_rate": 0.0,
      "mean_kendall_tau": 0.8233994794634575,
      "mean_spearman_rho": 0.9053148824405568,
      "jt_significant_rate": 0.9,
      "mean_logistic_slope": 2.257510583674135,
      "logistic_significant_rate": 0.8333333333333334,
      "mean_isotonic_r2": 0.9858181194444601,
      "mean_kendall_tau_abs": 0.7403923542182158,
      "mean_spearman_rho_abs": 0.8008541399747902,
      "mean_logistic_slope_abs": 2.257510583674135,
      "mean_isotonic_r2_bidirectional": 0.9858181194444601,
      "frac_inferred_increasing": 0.9,
      "frac_inferred_decreasing": 0.0,
      "mean_bootstrap_mono_prob": 0.5713333333333334,
      "mean_significant_violations": 0.03333333333333333,
      "mean_prob_range": 0.7169298245614034
    },
    {
      "variation_id": "Global economy_8344",
      "category": "Global economy",
      "identified_property": "severity of economic and social disruption",
      "valence": "negative",
      "n_comparisons": 30,
      "n_monotonic": 28,
      "monotonicity_rate": 0.9333333333333333,
      "n_monotonic_decreasing": 1,
      "monotonicity_rate_decreasing": 0.03333333333333333,
      "set_inferred_direction": 1,
      "n_monotonic_inferred_direction": 28,
      "monotonicity_rate_inferred_direction": 0.9333333333333333,
      "n_erratic_flips": 0,