{
  "model": "gpt-54-thinking",
  "category": "Personal freedom and autonomy",
  "aggregate": {
    "n_variation_sets": 3,
    "n_total_comparisons": 90,
    "n_tiers": 7,
    "monotonicity_rate": 0.4,
    "erratic_flip_rate": 0.011111111111111112,
    "mean_kendall_tau": 0.3306384481014839,
    "mean_spearman_rho": 0.4311521891548224,
    "jt_significant_rate": 0.45555555555555555,
    "mean_logistic_slope": 0.6128742495705376,
    "logistic_significant_rate": 0.3888888888888889,
    "mean_isotonic_r2": 0.7875347948850348,
    "mean_kendall_tau_abs": 0.35678372915346074,
    "mean_spearman_rho_abs": 0.4256042101552357,
    "mean_logistic_slope_abs": 1.1287461622696606,
    "mean_isotonic_r2_bidirectional": 0.85003795781261,
    "frac_inferred_increasing": 0.5666666666666667,
    "frac_inferred_decreasing": 0.1111111111111111,
    "mean_bootstrap_mono_prob": 0.4180166666666667,
    "mean_prob_range": 0.34695906432748536
  },
  "per_variation_set": [
    {
      "variation_id": "Personal freedom and autonomy_1507",
      "category": "Personal freedom and autonomy",
      "identified_property": "robot body quality and capability",
      "valence": "positive",
      "n_comparisons": 30,
      "n_monotonic": 4,
      "monotonicity_rate": 0.13333333333333333,
      "n_monotonic_decreasing": 3,
      "monotonicity_rate_decreasing": 0.1,
      "set_inferred_direction": 1,
      "n_monotonic_inferred_direction": 4,
      "monotonicity_rate_inferred_direction": 0.13333333333333333,
      "n_erratic_flips": 0,
      "erratic_flip_rate": 0.0,
      "mean_kendall_tau": 0.4696601446951537,
      "mean_spearman_rho": 0.6047533746089745,
      "jt_significant_rate": 0.7333333333333333,
      "mean_logistic_slope": 1.1032099338422374,
      "logistic_significant_rate": 0.6333333333333333,
      "mean_isotonic_r2": 0.808154424282872,
      "mean_kendall_tau_abs": 0.4283027919199825,
      "mean_spearman_rho_abs": 0.5251406892548292,
      "mean_logistic_slope_abs": 1.1032099338422374,
      "mean_isotonic_r2_bidirectional": 0.808154424282872,
      "frac_inferred_increasing": 0.8666666666666667,
      "frac_inferred_decreasing": 0.03333333333333333,
      "mean_bootstrap_mono_prob": 0.14811666666666667,
      "mean_significant_violations": 0.06666666666666667,
      "mean_prob_range": 0.5166666666666666
    },
    {
      "variation_id": "Personal freedom and autonomy_8437",
      "category": "Personal freedom and autonomy",
      "identified_property": "upload fidelity and server quality",
      "valence": "positive",
      "n_comparisons": 30,
      "n_monotonic": 21,
      "monotonicity_rate": 0.7,
      "n_monotonic_decreasing": 22,
      "monotonicity_rate_decreasing": 0.7333333333333333,
      "set_inferred_direction": -1,
      "n_monotonic_inferred_direction": 22,
      "monotonicity_rate_inferred_direction": 0.7333333333333333,
      "n_erratic_flips": 0,
      "erratic_flip_rate": 0.0,
      "mean_kendall_tau": -0.12824169700369267,
      "mean_spearman_rho": -0.17084655414408376,
      "jt_significant_rate": 0.03333333333333333,
      "mean_logistic_slope": -0.08270653918343347,
      "logistic_significant_rate": 0.0,
      "mean_isotonic_r2": 0.7332497098982866,
      "mean_kendall_tau_abs": 0.1530095484327984,
      "mean_spearman_rho_abs": 0.18220898947365693,
      "mean_logistic_slope_abs": 1.4620031443600643,
      "mean_isotonic_r2_bidirectional": 0.9169753897236816,
      "frac_inferred_increasing": 0.1,
      "frac_inferred_decreasing": 0.23333333333333334,
      "mean_bootstrap_mono_prob": 0.7167333333333333,
      "mean_significant_violations": 0.0,
      "mean_prob_range": 0.07605263157894737
    },
    {
      "variation_id": "Personal freedom and autonomy_8826",
      "category": "Personal freedom and autonomy",
      "identified_property": "wallet security and sophistication",
      "valence": "positive",
      "n_comparisons": 30,
      "n_monotonic": 11,
      "monotonicity_rate": 0.36666666666666664,
      "n_monotonic_decreasing": 6,
      "monotonicity_rate_decreasing": 0.2,
      "set_inferred_direction": 1,
      "n_monotonic_inferred_direction": 11,
      "monotonicity_rate_inferred_direction": 0.36666666666666664,
      "n_erratic_flips": 1,
      "erratic_flip_rate": 0.03333333333333333,
      "mean_kendall_tau": 0.5716377943646384,
      "mean_spearman_rho": 0.6941206213732493,
      "jt_significant_rate": 0.6,
      "mean_logistic_slope": 0.818119354052809,
      "logistic_significant_rate": 0.5333333333333333,
      "mean_isotonic_r2": 0.821200250473946,
      "mean_kendall_tau_abs": 0.48903884710760154,
      "mean_spearman_rho_abs": 0.569462951737221,
      "mean_logistic_slope_abs": 0.82102540860668,
      "mean_isotonic_r2_bidirectional": 0.8249840594312766,
      "frac_inferred_increasing": 0.7333333333333333,
      "frac_inferred_decreasing": 0.06666666666666667,
      "mean_bootstrap_mono_prob": 0.3892,
      "mean_significant_violations": 0.06666666666666667,
      "mean_prob_range": 0.4481578947368421
    }
  ]
}