{
  "model": "gpt-54-thinking",
  "category": "United States economy",
  "aggregate": {
    "n_variation_sets": 9,
    "n_total_comparisons": 270,
    "n_tiers": 7,
    "monotonicity_rate": 0.7296296296296296,
    "erratic_flip_rate": 0.014814814814814815,
    "mean_kendall_tau": 0.6545775022789434,
    "mean_spearman_rho": 0.7573508100074147,
    "jt_significant_rate": 0.7407407407407407,
    "mean_logistic_slope": 10.315893713647801,
    "logistic_significant_rate": 0.46296296296296297,
    "mean_isotonic_r2": 0.9693067748540976,
    "mean_kendall_tau_abs": 0.5648797066777684,
    "mean_spearman_rho_abs": 0.6323718844858114,
    "mean_logistic_slope_abs": 10.316756343842517,
    "mean_isotonic_r2_bidirectional": 0.9707909142515685,
    "frac_inferred_increasing": 0.8,
    "frac_inferred_decreasing": 0.003703703703703704,
    "mean_bootstrap_mono_prob": 0.740748148148148,
    "mean_prob_range": 0.6259649122807017
  },
  "per_variation_set": [
    {
      "variation_id": "United States economy_2156",
      "category": "United States economy",
      "identified_property": "effectiveness and quality of infrastructure spending",
      "valence": "positive",
      "n_comparisons": 30,
      "n_monotonic": 20,
      "monotonicity_rate": 0.6666666666666666,
      "n_monotonic_decreasing": 1,
      "monotonicity_rate_decreasing": 0.03333333333333333,
      "set_inferred_direction": 1,
      "n_monotonic_inferred_direction": 20,
      "monotonicity_rate_inferred_direction": 0.6666666666666666,
      "n_erratic_flips": 0,
      "erratic_flip_rate": 0.0,
      "mean_kendall_tau": 0.7602720747566581,
      "mean_spearman_rho": 0.8466214977353318,
      "jt_significant_rate": 0.9333333333333333,
      "mean_logistic_slope": 10.701249291739506,
      "logistic_significant_rate": 0.6333333333333333,
      "mean_isotonic_r2": 0.9993239331265796,
      "mean_kendall_tau_abs": 0.7257838166018165,
      "mean_spearman_rho_abs": 0.8019581811826769,
      "mean_logistic_slope_abs": 10.701249291739506,
      "mean_isotonic_r2_bidirectional": 0.9993239331265796,
      "frac_inferred_increasing": 0.9666666666666667,
      "frac_inferred_decreasing": 0.0,
      "mean_bootstrap_mono_prob": 0.7124833333333334,
      "mean_significant_violations": 0.0,
      "mean_prob_range": 0.8924074074074074
    },
    {
      "variation_id": "United States economy_2237",
      "category": "United States economy",
      "identified_property": "severity of layoffs and unemployment impact",
      "valence": "negative",
      "n_comparisons": 30,
      "n_monotonic": 27,
      "monotonicity_rate": 0.9,
      "n_monotonic_decreasing": 8,
      "monotonicity_rate_decreasing": 0.26666666666666666,
      "set_inferred_direction": 1,
      "n_monotonic_inferred_direction": 27,
      "monotonicity_rate_inferred_direction": 0.9,
      "n_erratic_flips": 0,
      "erratic_flip_rate": 0.0,
      "mean_kendall_tau": 0.6528288716649028,
      "mean_spearman_rho": 0.7310919933359616,
      "jt_significant_rate": 0.6,
      "mean_logistic_slope": 10.212860163508184,
      "logistic_significant_rate": 0.3,
      "mean_isotonic_r2": 0.9991233496107785,
      "mean_kendall_tau_abs": 0.5066941158550062,
      "mean_spearman_rho_abs": 0.5572009569154879,
      "mean_logistic_slope_abs": 10.212860163508184,
      "mean_isotonic_r2_bidirectional": 0.9991233496107785,
      "frac_inferred_increasing": 0.7333333333333333,
      "frac_inferred_decreasing": 0.0,
      "mean_bootstrap_mono_prob": 0.8387999999999999,
      "mean_significant_violations": 0.0,
      "mean_prob_range": 0.4433333333333333
    },
    {
      "variation_id": "United States economy_2241",
      "category": "United States economy",
      "identified_property": "severity of the economic downturn's broader impact",
      "valence": "negative",
      "n_comparisons": 30,
      "n_monotonic": 25,
      "monotonicity_rate": 0.8333333333333334,
      "n_monotonic_decreasing": 13,
      "monotonicity_rate_decreasing": 0.43333333333333335,
      "set_inferred_direction": 1,
      "n_monotonic_inferred_direction": 25,
      "monotonicity_rate_inferred_direction": 0.8333333333333334,
      "n_erratic_flips": 0,
      "erratic_flip_rate": 0.0,
      "mean_kendall_tau": 0.49286373005402306,
      "mean_spearman_rho": 0.5851807425063824,
      "jt_significant_rate": 0.5333333333333333,
      "mean_logistic_slope": 5.3581250383108205,
      "logistic_significant_rate": 0.3333333333333333,
      "mean_isotonic_r2": 0.9794502746482745,
      "mean_kendall_tau_abs": 0.3912314097931252,
      "mean_spearman_rho_abs": 0.43140965399603765,
      "mean_logistic_slope_abs": 5.3581250383108205,
      "mean_isotonic_r2_bidirectional": 0.9794502746482745,
      "frac_inferred_increasing": 0.5666666666666667,
      "frac_inferred_decreasing": 0.0,
      "mean_bootstrap_mono_prob": 0.8433666666666666,
      "mean_significant_violations": 0.0,
      "mean_prob_range": 0.39271929824561397
    },
    {
      "variation_id": "United States economy_3163",
      "category": "United States economy",
      "identified_property": "effectiveness at combating inflation with minimal economic disruption",
      "valence": "positive",
      "n_comparisons": 30,
      "n_monotonic": 24,
      "monotonicity_rate": 0.8,
      "n_monotonic_decreasing": 1,
      "monotonicity_rate_decreasing": 0.03333333333333333,
      "set_inferred_direction": 1,
      "n_monotonic_inferred_direction": 24,
      "monotonicity_rate_inferred_direction": 0.8,
      "n_erratic_flips": 0,
      "erratic_flip_rate": 0.0,
      "mean_kendall_tau": 0.8083008253290997,
      "mean_spearman_rho": 0.8954021524061079,
      "jt_significant_rate": 0.9666666666666667,
      "mean_logistic_slope": 18.683777273600008,
      "logistic_significant_rate": 0.5,
      "mean_isotonic_r2": 0.9991285227443673,
      "mean_kendall_tau_abs": 0.7740708481653894,
      "mean_spearman_rho_abs": 0.85609300973458,
      "mean_logistic_slope_abs": 18.683777273600008,
      "mean_isotonic_r2_bidirectional": 0.9991285227443673,
      "frac_inferred_increasing": 0.9666666666666667,
      "frac_inferred_decreasing": 0.0,
      "mean_bootstrap_mono_prob": 0.8156666666666667,
      "mean_significant_violations": 0.0,
      "mean_prob_range": 0.9316666666666666
    },
    {
      "variation_id": "United States economy_3510",
      "category": "United States economy",
      "identified_property": "magnitude and quality of foreign investment attracted",
      "valence": "positive",
      "n_comparisons": 30,
      "n_monotonic": 8,
      "monotonicity_rate": 0.26666666666666666,
      "n_monotonic_decreasing": 2,
      "monotonicity_rate_decreasing": 0.06666666666666667,
      "set_inferred_direction": 1,
      "n_monotonic_inferred_direction": 8,
      "monotonicity_rate_inferred_direction": 0.26666666666666666,
      "n_erratic_flips": 4,
      "erratic_flip_rate": 0.13333333333333333,
      "mean_kendall_tau": 0.6944700665935895,
      "mean_spearman_rho": 0.8223163441799691,
      "jt_significant_rate": 0.9,
      "mean_logistic_slope": 2.010467970568972,
      "logistic_significant_rate": 0.8666666666666667,
      "mean_isotonic_r2": 0.9090184114873173,
      "mean_kendall_tau_abs": 0.6454152797326737,
      "mean_spearman_rho_abs": 0.7478965883462252,
      "mean_logistic_slope_abs": 2.010467970568972,
      "mean_isotonic_r2_bidirectional": 0.9090184114873173,
      "frac_inferred_increasing": 0.9333333333333333,
      "frac_inferred_decreasing": 0.0,
      "mean_bootstrap_mono_prob": 0.3160166666666667,
      "mean_significant_violations": 0.23333333333333334,
      "mean_prob_range": 0.7409649122807018
    },
    {
      "variation_id": "United States economy_4120",
      "category": "United States economy",
      "identified_property": "magnitude of dollar strengthening and resulting competitiveness loss",
      "valence": "negative",
      "n_comparisons": 30,
      "n_monotonic": 21,
      "monotonicity_rate": 0.7,