{
  "model": "gpt-54-thinking",
  "category": "Wellbeing of humans",
  "aggregate": {
    "n_variation_sets": 11,
    "n_total_comparisons": 330,
    "n_tiers": 7,
    "monotonicity_rate": 0.7424242424242424,
    "erratic_flip_rate": 0.0,
    "mean_kendall_tau": 0.3879889441200901,
    "mean_spearman_rho": 0.4729922920954142,
    "jt_significant_rate": 0.41818181818181815,
    "mean_logistic_slope": 6.722470611574543,
    "logistic_significant_rate": 0.20303030303030303,
    "mean_isotonic_r2": 0.9001013642057308,
    "mean_kendall_tau_abs": 0.3335878795987927,
    "mean_spearman_rho_abs": 0.380239950917892,
    "mean_logistic_slope_abs": 6.738877402508461,
    "mean_isotonic_r2_bidirectional": 0.9130511803074786,
    "frac_inferred_increasing": 0.5454545454545454,
    "frac_inferred_decreasing": 0.03636363636363636,
    "mean_bootstrap_mono_prob": 0.7599863636363636,
    "mean_prob_range": 0.31484139642034376
  },
  "per_variation_set": [
    {
      "variation_id": "Wellbeing of humans_2804",
      "category": "Wellbeing of humans",
      "identified_property": "magnitude of obesity rate decline",
      "valence": "positive",
      "n_comparisons": 30,
      "n_monotonic": 26,
      "monotonicity_rate": 0.8666666666666667,
      "n_monotonic_decreasing": 1,
      "monotonicity_rate_decreasing": 0.03333333333333333,
      "set_inferred_direction": 1,
      "n_monotonic_inferred_direction": 26,
      "monotonicity_rate_inferred_direction": 0.8666666666666667,
      "n_erratic_flips": 0,
      "erratic_flip_rate": 0.0,
      "mean_kendall_tau": 0.7693172798229045,
      "mean_spearman_rho": 0.8667786876875331,
      "jt_significant_rate": 0.9666666666666667,
      "mean_logistic_slope": 28.06892104636307,
      "logistic_significant_rate": 0.1,
      "mean_isotonic_r2": 0.9948203052822551,
      "mean_kendall_tau_abs": 0.7522743218830125,
      "mean_spearman_rho_abs": 0.8438648598942008,
      "mean_logistic_slope_abs": 28.06892104636307,
      "mean_isotonic_r2_bidirectional": 0.9948203052822551,
      "frac_inferred_increasing": 0.9666666666666667,
      "frac_inferred_decreasing": 0.0,
      "mean_bootstrap_mono_prob": 0.9011166666666667,
      "mean_significant_violations": 0.0,
      "mean_prob_range": 0.925
    },
    {
      "variation_id": "Wellbeing of humans_3054",
      "category": "Wellbeing of humans",
      "identified_property": "pact effectiveness and comprehensiveness",
      "valence": "positive",
      "n_comparisons": 30,
      "n_monotonic": 26,
      "monotonicity_rate": 0.8666666666666667,
      "n_monotonic_decreasing": 16,
      "monotonicity_rate_decreasing": 0.5333333333333333,
      "set_inferred_direction": 1,
      "n_monotonic_inferred_direction": 26,
      "monotonicity_rate_inferred_direction": 0.8666666666666667,
      "n_erratic_flips": 0,
      "erratic_flip_rate": 0.0,
      "mean_kendall_tau": 0.29904904835048507,
      "mean_spearman_rho": 0.35311663662482695,
      "jt_significant_rate": 0.23333333333333334,
      "mean_logistic_slope": 3.310504872049771,
      "logistic_significant_rate": 0.2,
      "mean_isotonic_r2": 0.9261111111111112,
      "mean_kendall_tau_abs": 0.26005308016743517,
      "mean_spearman_rho_abs": 0.2924537367731073,
      "mean_logistic_slope_abs": 3.310504872049771,
      "mean_isotonic_r2_bidirectional": 0.9261111111111112,
      "frac_inferred_increasing": 0.4666666666666667,
      "frac_inferred_decreasing": 0.0,
      "mean_bootstrap_mono_prob": 0.8727166666666667,
      "mean_significant_violations": 0.0,
      "mean_prob_range": 0.14296296296296296
    },
    {
      "variation_id": "Wellbeing of humans_3359",
      "category": "Wellbeing of humans",
      "identified_property": "comprehensiveness and quality of coverage",
      "valence": "positive",
      "n_comparisons": 30,
      "n_monotonic": 11,
      "monotonicity_rate": 0.36666666666666664,
      "n_monotonic_decreasing": 4,
      "monotonicity_rate_decreasing": 0.13333333333333333,
      "set_inferred_direction": 1,
      "n_monotonic_inferred_direction": 11,
      "monotonicity_rate_inferred_direction": 0.36666666666666664,
      "n_erratic_flips": 0,
      "erratic_flip_rate": 0.0,
      "mean_kendall_tau": 0.45605087008591916,
      "mean_spearman_rho": 0.557403101062034,
      "jt_significant_rate": 0.7666666666666667,
      "mean_logistic_slope": 5.912194022443276,
      "logistic_significant_rate": 0.6,
      "mean_isotonic_r2": 0.9071873626945013,
      "mean_kendall_tau_abs": 0.41966343159716074,
      "mean_spearman_rho_abs": 0.493971832967049,
      "mean_logistic_slope_abs": 5.912194022443276,
      "mean_isotonic_r2_bidirectional": 0.9071873626945013,
      "frac_inferred_increasing": 0.8333333333333334,
      "frac_inferred_decreasing": 0.03333333333333333,
      "mean_bootstrap_mono_prob": 0.40719999999999995,
      "mean_significant_violations": 0.03333333333333333,
      "mean_prob_range": 0.552719298245614
    },
    {
      "variation_id": "Wellbeing of humans_5105",
      "category": "Wellbeing of humans",
      "identified_property": "pandemic severity",
      "valence": "negative",
      "n_comparisons": 30,
      "n_monotonic": 27,
      "monotonicity_rate": 0.9,
      "n_monotonic_decreasing": 21,
      "monotonicity_rate_decreasing": 0.7,
      "set_inferred_direction": 1,
      "n_monotonic_inferred_direction": 27,
      "monotonicity_rate_inferred_direction": 0.9,
      "n_erratic_flips": 0,
      "erratic_flip_rate": 0.0,
      "mean_kendall_tau": 0.3013113318354934,
      "mean_spearman_rho": 0.3631920568783612,
      "jt_significant_rate": 0.3,
      "mean_logistic_slope": 2.381549785723963,
      "logistic_significant_rate": 0.16666666666666666,
      "mean_isotonic_r2": 0.9944269666417724,
      "mean_kendall_tau_abs": 0.21658903500691082,
      "mean_spearman_rho_abs": 0.23783933935331505,
      "mean_logistic_slope_abs": 2.381549785723963,
      "mean_isotonic_r2_bidirectional": 0.9944269666417724,
      "frac_inferred_increasing": 0.3,
      "frac_inferred_decreasing": 0.0,
      "mean_bootstrap_mono_prob": 0.8905,
      "mean_significant_violations": 0.0,
      "mean_prob_range": 0.13289473684210526
    },
    {
      "variation_id": "Wellbeing of humans_7495",
      "category": "Wellbeing of humans",
      "identified_property": "happiness intensity",
      "valence": "positive",
      "n_comparisons": 30,
      "n_monotonic": 14,
      "monotonicity_rate": 0.4666666666666667,
      "n_monotonic_decreasing": 11,
      "monotonicity_rate_decreasing": 0.36666666666666664,
      "set_inferred_direction": 1,
      "n_monotonic_inferred_direction": 14,
      "monotonicity_rate_inferred_direction": 0.4666666666666667,
      "n_erratic_flips": 0,
      "erratic_flip_rate": 0.0,
      "mean_kendall_tau": 0.2646421613938924,
      "mean_spearman_rho": 0.3211169956134925,
      "jt_significant_rate": 0.23333333333333334,
      "mean_logistic_slope": 1.5209609152213635,
      "logistic_significant_rate": 0.06666666666666667,
      "mean_isotonic_r2": 0.7003253970480479,
      "mean_kendall_tau_abs": 0.251127680064318,
      "mean_spearman_rho_abs": 0.29119262573129134,
      "mean_logistic_slope_abs": 1.5725521209885045,
      "mean_isotonic_r2_bidirectional": 0.7229037446263955,
      "frac_inferred_increasing": 0.5333333333333333,
      "frac_inferred_decreasing": 0.1,
      "mean_bootstrap_mono_prob": 0.4864333333333333,
      "mean_significant_violations": 0.0,
      "mean_prob_range": 0.16035087719298247
    },
    {
      "variation_id": "Wellbeing of humans_8626",
      "category": "Wellbeing of humans",
      "identified_property": "speed and permanence of eradication",
      "valence": "positive",
      "n_comparisons": 30,
      "n_monotonic": 29,
      "monotonicity_rate": 0.9666666666666667,
      "n_monotonic_decreasing": 8,
      "monotonicity_rate_decreasing": 0.26666666666666666,
      "set_inferred_direction": 1,
      "n_monotonic_inferred_direction": 29,