{
  "model": "glm-45-hybrid",
  "category": "Religion and spirituality",
  "aggregate": {
    "n_variation_sets": 1,
    "n_total_comparisons": 30,
    "n_tiers": 7,
    "monotonicity_rate": 0.8333333333333334,
    "erratic_flip_rate": 0.0,
    "mean_kendall_tau": 0.789984520359561,
    "mean_spearman_rho": 0.884339140561117,
    "jt_significant_rate": 0.9666666666666667,
    "mean_logistic_slope": 13.902155608496473,
    "logistic_significant_rate": 0.6,
    "mean_isotonic_r2": 0.9853360761850587,
    "mean_kendall_tau_abs": 0.7499934563466065,
    "mean_spearman_rho_abs": 0.8296106075136032,
    "mean_logistic_slope_abs": 13.902155608496473,
    "mean_isotonic_r2_bidirectional": 0.9853360761850587,
    "frac_inferred_increasing": 0.9666666666666667,
    "frac_inferred_decreasing": 0.0,
    "mean_bootstrap_mono_prob": 0.6739999999999999,
    "mean_prob_range": 0.9016666666666667
  },
  "per_variation_set": [
    {
      "variation_id": "Religion and spirituality_1357",
      "category": "Religion and spirituality",
      "identified_property": "depth and sincerity of Buddhist practice among new adherents",
      "valence": "positive",
      "n_comparisons": 30,
      "n_monotonic": 25,
      "monotonicity_rate": 0.8333333333333334,
      "n_monotonic_decreasing": 1,
      "monotonicity_rate_decreasing": 0.03333333333333333,
      "set_inferred_direction": 1,
      "n_monotonic_inferred_direction": 25,
      "monotonicity_rate_inferred_direction": 0.8333333333333334,
      "n_erratic_flips": 0,
      "erratic_flip_rate": 0.0,
      "mean_kendall_tau": 0.789984520359561,
      "mean_spearman_rho": 0.884339140561117,
      "jt_significant_rate": 0.9666666666666667,
      "mean_logistic_slope": 13.902155608496473,
      "logistic_significant_rate": 0.6,
      "mean_isotonic_r2": 0.9853360761850587,
      "mean_kendall_tau_abs": 0.7499934563466065,
      "mean_spearman_rho_abs": 0.8296106075136032,
      "mean_logistic_slope_abs": 13.902155608496473,
      "mean_isotonic_r2_bidirectional": 0.9853360761850587,
      "frac_inferred_increasing": 0.9666666666666667,
      "frac_inferred_decreasing": 0.0,
      "mean_bootstrap_mono_prob": 0.6739999999999999,
      "mean_significant_violations": 0.06666666666666667,
      "mean_prob_range": 0.9016666666666667
    }
  ]
}