{
  "model": "gpt-54-nano",
  "category": "Religion and spirituality",
  "aggregate": {
    "n_variation_sets": 1,
    "n_total_comparisons": 30,
    "n_tiers": 7,
    "monotonicity_rate": 0.0,
    "erratic_flip_rate": 0.0,
    "mean_kendall_tau": 0.6236819486668024,
    "mean_spearman_rho": 0.7852570603813942,
    "jt_significant_rate": 0.9666666666666667,
    "mean_logistic_slope": 0.8446633197662189,
    "logistic_significant_rate": 0.9666666666666667,
    "mean_isotonic_r2": 0.8546572262928603,
    "mean_kendall_tau_abs": 0.6065115107186855,
    "mean_spearman_rho_abs": 0.7588549206162072,
    "mean_logistic_slope_abs": 0.8446633197662191,
    "mean_isotonic_r2_bidirectional": 0.8546572262928603,
    "frac_inferred_increasing": 1.0,
    "frac_inferred_decreasing": 0.0,
    "mean_bootstrap_mono_prob": 0.015366666666666667,
    "mean_prob_range": 0.8033333333333333
  },
  "per_variation_set": [
    {
      "variation_id": "Religion and spirituality_1357",
      "category": "Religion and spirituality",
      "identified_property": "depth and sincerity of Buddhist practice among new adherents",
      "valence": "positive",
      "n_comparisons": 30,
      "n_monotonic": 0,
      "monotonicity_rate": 0.0,
      "n_monotonic_decreasing": 0,
      "monotonicity_rate_decreasing": 0.0,
      "set_inferred_direction": 1,
      "n_monotonic_inferred_direction": 0,
      "monotonicity_rate_inferred_direction": 0.0,
      "n_erratic_flips": 0,
      "erratic_flip_rate": 0.0,
      "mean_kendall_tau": 0.6236819486668024,
      "mean_spearman_rho": 0.7852570603813942,
      "jt_significant_rate": 0.9666666666666667,
      "mean_logistic_slope": 0.8446633197662189,
      "logistic_significant_rate": 0.9666666666666667,
      "mean_isotonic_r2": 0.8546572262928603,
      "mean_kendall_tau_abs": 0.6065115107186855,
      "mean_spearman_rho_abs": 0.7588549206162072,
      "mean_logistic_slope_abs": 0.8446633197662191,
      "mean_isotonic_r2_bidirectional": 0.8546572262928603,
      "frac_inferred_increasing": 1.0,
      "frac_inferred_decreasing": 0.0,
      "mean_bootstrap_mono_prob": 0.015366666666666667,
      "mean_significant_violations": 0.3333333333333333,
      "mean_prob_range": 0.8033333333333333
    }
  ]
}