{
  "model": "llama-31-8b-instruct-openrouter",
  "category": "Religion and spirituality",
  "aggregate": {
    "n_variation_sets": 1,
    "n_total_comparisons": 30,
    "n_tiers": 7,
    "monotonicity_rate": 0.7,
    "erratic_flip_rate": 0.0,
    "mean_kendall_tau": 0.7282986357817909,
    "mean_spearman_rho": 0.8368680682210284,
    "jt_significant_rate": 0.9333333333333333,
    "mean_logistic_slope": 1.6510746128116376,
    "logistic_significant_rate": 0.8666666666666667,
    "mean_isotonic_r2": 0.9651539369590014,
    "mean_kendall_tau_abs": 0.6963666684868621,
    "mean_spearman_rho_abs": 0.7861862857268692,
    "mean_logistic_slope_abs": 1.6510746128116376,
    "mean_isotonic_r2_bidirectional": 0.9651539369590014,
    "frac_inferred_increasing": 0.9333333333333333,
    "frac_inferred_decreasing": 0.0,
    "mean_bootstrap_mono_prob": 0.3105333333333334,
    "mean_prob_range": 0.5698366666666667
  },
  "per_variation_set": [
    {
      "variation_id": "Religion and spirituality_1357",
      "category": "Religion and spirituality",
      "identified_property": "depth and sincerity of Buddhist practice among new adherents",
      "valence": "positive",
      "n_comparisons": 30,
      "n_monotonic": 21,
      "monotonicity_rate": 0.7,
      "n_monotonic_decreasing": 2,
      "monotonicity_rate_decreasing": 0.06666666666666667,
      "set_inferred_direction": 1,
      "n_monotonic_inferred_direction": 21,
      "monotonicity_rate_inferred_direction": 0.7,
      "n_erratic_flips": 0,
      "erratic_flip_rate": 0.0,
      "mean_kendall_tau": 0.7282986357817909,
      "mean_spearman_rho": 0.8368680682210284,
      "jt_significant_rate": 0.9333333333333333,
      "mean_logistic_slope": 1.6510746128116376,
      "logistic_significant_rate": 0.8666666666666667,
      "mean_isotonic_r2": 0.9651539369590014,
      "mean_kendall_tau_abs": 0.6963666684868621,
      "mean_spearman_rho_abs": 0.7861862857268692,
      "mean_logistic_slope_abs": 1.6510746128116376,
      "mean_isotonic_r2_bidirectional": 0.9651539369590014,
      "frac_inferred_increasing": 0.9333333333333333,
      "frac_inferred_decreasing": 0.0,
      "mean_bootstrap_mono_prob": 0.3105333333333334,
      "mean_significant_violations": 0.06666666666666667,
      "mean_prob_range": 0.5698366666666667
    }
  ]
}