{
  "model": "gpt-54-mini",
  "category": "Personal freedom and autonomy",
  "aggregate": {
    "n_variation_sets": 3,
    "n_total_comparisons": 90,
    "n_tiers": 7,
    "monotonicity_rate": 0.28888888888888886,
    "erratic_flip_rate": 0.03333333333333333,
    "mean_kendall_tau": 0.7204554224480537,
    "mean_spearman_rho": 0.8442559670772926,
    "jt_significant_rate": 0.9444444444444444,
    "mean_logistic_slope": 2.6786144489614294,
    "logistic_significant_rate": 0.8888888888888888,
    "mean_isotonic_r2": 0.9497728077142666,
    "mean_kendall_tau_abs": 0.6787930335221831,
    "mean_spearman_rho_abs": 0.7934219556357113,
    "mean_logistic_slope_abs": 2.6786144489614294,
    "mean_isotonic_r2_bidirectional": 0.9497728077142666,
    "frac_inferred_increasing": 0.9555555555555556,
    "frac_inferred_decreasing": 0.0,
    "mean_bootstrap_mono_prob": 0.31153888888888887,
    "mean_prob_range": 0.7961111111111112
  },
  "per_variation_set": [
    {
      "variation_id": "Personal freedom and autonomy_1507",
      "category": "Personal freedom and autonomy",
      "identified_property": "robot body quality and capability",
      "valence": "positive",
      "n_comparisons": 30,
      "n_monotonic": 14,
      "monotonicity_rate": 0.4666666666666667,
      "n_monotonic_decreasing": 1,
      "monotonicity_rate_decreasing": 0.03333333333333333,
      "set_inferred_direction": 1,
      "n_monotonic_inferred_direction": 14,
      "monotonicity_rate_inferred_direction": 0.4666666666666667,
      "n_erratic_flips": 0,
      "erratic_flip_rate": 0.0,
      "mean_kendall_tau": 0.7493223210733411,
      "mean_spearman_rho": 0.8568257135455396,
      "jt_significant_rate": 0.9666666666666667,
      "mean_logistic_slope": 5.443742044021702,
      "logistic_significant_rate": 0.8333333333333334,
      "mean_isotonic_r2": 0.9689599682282429,
      "mean_kendall_tau_abs": 0.7183332037424075,
      "mean_spearman_rho_abs": 0.815202751439519,
      "mean_logistic_slope_abs": 5.443742044021702,
      "mean_isotonic_r2_bidirectional": 0.9689599682282429,
      "frac_inferred_increasing": 0.9666666666666667,
      "frac_inferred_decreasing": 0.0,
      "mean_bootstrap_mono_prob": 0.4680333333333334,
      "mean_significant_violations": 0.06666666666666667,
      "mean_prob_range": 0.8033333333333332
    },
    {
      "variation_id": "Personal freedom and autonomy_8437",
      "category": "Personal freedom and autonomy",
      "identified_property": "upload fidelity and server quality",
      "valence": "positive",
      "n_comparisons": 30,
      "n_monotonic": 1,
      "monotonicity_rate": 0.03333333333333333,
      "n_monotonic_decreasing": 1,
      "monotonicity_rate_decreasing": 0.03333333333333333,
      "set_inferred_direction": 1,
      "n_monotonic_inferred_direction": 1,
      "monotonicity_rate_inferred_direction": 0.03333333333333333,
      "n_erratic_flips": 3,
      "erratic_flip_rate": 0.1,
      "mean_kendall_tau": 0.6302906973267273,
      "mean_spearman_rho": 0.7952936966173343,
      "jt_significant_rate": 0.9666666666666667,
      "mean_logistic_slope": 1.292289409866727,
      "logistic_significant_rate": 0.9666666666666667,
      "mean_isotonic_r2": 0.9203746625389919,
      "mean_kendall_tau_abs": 0.6089399845568031,
      "mean_spearman_rho_abs": 0.7658928484437144,
      "mean_logistic_slope_abs": 1.292289409866727,
      "mean_isotonic_r2_bidirectional": 0.9203746625389919,
      "frac_inferred_increasing": 0.9666666666666667,
      "frac_inferred_decreasing": 0.0,
      "mean_bootstrap_mono_prob": 0.06581666666666666,
      "mean_significant_violations": 0.2,
      "mean_prob_range": 0.8699999999999999
    },
    {
      "variation_id": "Personal freedom and autonomy_8826",
      "category": "Personal freedom and autonomy",
      "identified_property": "wallet security and sophistication",
      "valence": "positive",
      "n_comparisons": 30,
      "n_monotonic": 11,
      "monotonicity_rate": 0.36666666666666664,
      "n_monotonic_decreasing": 2,
      "monotonicity_rate_decreasing": 0.06666666666666667,
      "set_inferred_direction": 1,
      "n_monotonic_inferred_direction": 11,
      "monotonicity_rate_inferred_direction": 0.36666666666666664,
      "n_erratic_flips": 0,
      "erratic_flip_rate": 0.0,
      "mean_kendall_tau": 0.7667807246633831,
      "mean_spearman_rho": 0.8717855007371721,
      "jt_significant_rate": 0.9,
      "mean_logistic_slope": 1.2998118929958589,
      "logistic_significant_rate": 0.8666666666666667,
      "mean_isotonic_r2": 0.9599837923755655,
      "mean_kendall_tau_abs": 0.709105912267339,
      "mean_spearman_rho_abs": 0.7991702670239013,
      "mean_logistic_slope_abs": 1.2998118929958589,
      "mean_isotonic_r2_bidirectional": 0.9599837923755655,
      "frac_inferred_increasing": 0.9333333333333333,
      "frac_inferred_decreasing": 0.0,
      "mean_bootstrap_mono_prob": 0.4007666666666666,
      "mean_significant_violations": 0.0,
      "mean_prob_range": 0.7150000000000001
    }
  ]
}