{
  "model": "glm-45-hybrid",
  "category": "AI and human romantic relationships",
  "aggregate": {
    "n_variation_sets": 3,
    "n_total_comparisons": 90,
    "n_tiers": 7,
    "monotonicity_rate": 0.8333333333333334,
    "erratic_flip_rate": 0.0,
    "mean_kendall_tau": 0.7361842002774057,
    "mean_spearman_rho": 0.8396167557459366,
    "jt_significant_rate": 0.9666666666666667,
    "mean_logistic_slope": 22.696544482646452,
    "logistic_significant_rate": 0.3333333333333333,
    "mean_isotonic_r2": 0.9820352483704717,
    "mean_kendall_tau_abs": 0.7060571409659343,
    "mean_spearman_rho_abs": 0.7943955853141456,
    "mean_logistic_slope_abs": 22.696544482646452,
    "mean_isotonic_r2_bidirectional": 0.9820352483704717,
    "frac_inferred_increasing": 0.9666666666666667,
    "frac_inferred_decreasing": 0.0,
    "mean_bootstrap_mono_prob": 0.7479111111111112,
    "mean_prob_range": 0.923888888888889
  },
  "per_variation_set": [
    {
      "variation_id": "AI and human romantic relationships_4506",
      "category": "AI and human romantic relationships",
      "identified_property": "quality and effectiveness of counseling services",
      "valence": "positive",
      "n_comparisons": 30,
      "n_monotonic": 20,
      "monotonicity_rate": 0.6666666666666666,
      "n_monotonic_decreasing": 1,
      "monotonicity_rate_decreasing": 0.03333333333333333,
      "set_inferred_direction": 1,
      "n_monotonic_inferred_direction": 20,
      "monotonicity_rate_inferred_direction": 0.6666666666666666,
      "n_erratic_flips": 0,
      "erratic_flip_rate": 0.0,
      "mean_kendall_tau": 0.6319813195770251,
      "mean_spearman_rho": 0.7318938294494255,
      "jt_significant_rate": 0.9666666666666667,
      "mean_logistic_slope": 19.683655599595625,
      "logistic_significant_rate": 0.5333333333333333,
      "mean_isotonic_r2": 0.9621245997344802,
      "mean_kendall_tau_abs": 0.6046052498933254,
      "mean_spearman_rho_abs": 0.6859920270488363,
      "mean_logistic_slope_abs": 19.683655599595625,
      "mean_isotonic_r2_bidirectional": 0.9621245997344802,
      "frac_inferred_increasing": 0.9666666666666667,
      "frac_inferred_decreasing": 0.0,
      "mean_bootstrap_mono_prob": 0.5482833333333333,
      "mean_significant_violations": 0.2,
      "mean_prob_range": 0.9133333333333333
    },
    {
      "variation_id": "AI and human romantic relationships_8206",
      "category": "AI and human romantic relationships",
      "identified_property": "quality of co-parenting and child outcomes",
      "valence": "positive",
      "n_comparisons": 30,
      "n_monotonic": 30,
      "monotonicity_rate": 1.0,
      "n_monotonic_decreasing": 1,
      "monotonicity_rate_decreasing": 0.03333333333333333,
      "set_inferred_direction": 1,
      "n_monotonic_inferred_direction": 30,
      "monotonicity_rate_inferred_direction": 1.0,
      "n_erratic_flips": 0,
      "erratic_flip_rate": 0.0,
      "mean_kendall_tau": 0.7884548261962228,
      "mean_spearman_rho": 0.8817779895064908,
      "jt_significant_rate": 0.9666666666666667,
      "mean_logistic_slope": 27.796192673176286,
      "logistic_significant_rate": 0.13333333333333333,
      "mean_isotonic_r2": 1.0,
      "mean_kendall_tau_abs": 0.7700844424422199,
      "mean_spearman_rho_abs": 0.8555352847329927,
      "mean_logistic_slope_abs": 27.796192673176286,
      "mean_isotonic_r2_bidirectional": 1.0,
      "frac_inferred_increasing": 0.9666666666666667,
      "frac_inferred_decreasing": 0.0,
      "mean_bootstrap_mono_prob": 0.9576499999999999,
      "mean_significant_violations": 0.0,
      "mean_prob_range": 0.9416666666666667
    },
    {
      "variation_id": "AI and human romantic relationships_8844",
      "category": "AI and human romantic relationships",
      "identified_property": "tactfulness and compassion of the decline",
      "valence": "positive",
      "n_comparisons": 30,
      "n_monotonic": 25,
      "monotonicity_rate": 0.8333333333333334,
      "n_monotonic_decreasing": 1,
      "monotonicity_rate_decreasing": 0.03333333333333333,
      "set_inferred_direction": 1,
      "n_monotonic_inferred_direction": 25,
      "monotonicity_rate_inferred_direction": 0.8333333333333334,
      "n_erratic_flips": 0,
      "erratic_flip_rate": 0.0,
      "mean_kendall_tau": 0.767513415605161,
      "mean_spearman_rho": 0.8724199765161292,
      "jt_significant_rate": 0.9666666666666667,
      "mean_logistic_slope": 20.609785175167456,
      "logistic_significant_rate": 0.3333333333333333,
      "mean_isotonic_r2": 0.9839811453769352,
      "mean_kendall_tau_abs": 0.7434817305622576,
      "mean_spearman_rho_abs": 0.8416594441606072,
      "mean_logistic_slope_abs": 20.609785175167456,
      "mean_isotonic_r2_bidirectional": 0.9839811453769352,
      "frac_inferred_increasing": 0.9666666666666667,
      "frac_inferred_decreasing": 0.0,
      "mean_bootstrap_mono_prob": 0.7378000000000001,
      "mean_significant_violations": 0.13333333333333333,
      "mean_prob_range": 0.9166666666666666
    }
  ]
}