{
  "model": "glm-45-hybrid-thinking",
  "category": "AI and human romantic relationships",
  "aggregate": {
    "n_variation_sets": 3,
    "n_total_comparisons": 90,
    "n_tiers": 7,
    "monotonicity_rate": 0.4666666666666667,
    "erratic_flip_rate": 0.0,
    "mean_kendall_tau": 0.7530050573273115,
    "mean_spearman_rho": 0.8582776407407933,
    "jt_significant_rate": 0.9222222222222223,
    "mean_logistic_slope": 6.133350345118444,
    "logistic_significant_rate": 0.7222222222222222,
    "mean_isotonic_r2": 0.9674650349822325,
    "mean_kendall_tau_abs": 0.7084981396516267,
    "mean_spearman_rho_abs": 0.8012255496372174,
    "mean_logistic_slope_abs": 6.133350345118444,
    "mean_isotonic_r2_bidirectional": 0.9674650349822325,
    "frac_inferred_increasing": 0.9555555555555556,
    "frac_inferred_decreasing": 0.0,
    "mean_bootstrap_mono_prob": 0.5252722222222221,
    "mean_prob_range": 0.8172222222222222
  },
  "per_variation_set": [
    {
      "variation_id": "AI and human romantic relationships_4506",
      "category": "AI and human romantic relationships",
      "identified_property": "quality and effectiveness of counseling services",
      "valence": "positive",
      "n_comparisons": 30,
      "n_monotonic": 9,
      "monotonicity_rate": 0.3,
      "n_monotonic_decreasing": 2,
      "monotonicity_rate_decreasing": 0.06666666666666667,
      "set_inferred_direction": 1,
      "n_monotonic_inferred_direction": 9,
      "monotonicity_rate_inferred_direction": 0.3,
      "n_erratic_flips": 0,
      "erratic_flip_rate": 0.0,
      "mean_kendall_tau": 0.6597807947451572,
      "mean_spearman_rho": 0.7760961804427224,
      "jt_significant_rate": 0.8666666666666667,
      "mean_logistic_slope": 4.966736541908958,
      "logistic_significant_rate": 0.7333333333333333,
      "mean_isotonic_r2": 0.9647487174478803,
      "mean_kendall_tau_abs": 0.624226496438361,
      "mean_spearman_rho_abs": 0.7181063932577024,
      "mean_logistic_slope_abs": 4.966736541908958,
      "mean_isotonic_r2_bidirectional": 0.9647487174478803,
      "frac_inferred_increasing": 0.9333333333333333,
      "frac_inferred_decreasing": 0.0,
      "mean_bootstrap_mono_prob": 0.37961666666666666,
      "mean_significant_violations": 0.03333333333333333,
      "mean_prob_range": 0.7066666666666666
    },
    {
      "variation_id": "AI and human romantic relationships_8206",
      "category": "AI and human romantic relationships",
      "identified_property": "quality of co-parenting and child outcomes",
      "valence": "positive",
      "n_comparisons": 30,
      "n_monotonic": 20,
      "monotonicity_rate": 0.6666666666666666,
      "n_monotonic_decreasing": 1,
      "monotonicity_rate_decreasing": 0.03333333333333333,
      "set_inferred_direction": 1,
      "n_monotonic_inferred_direction": 20,
      "monotonicity_rate_inferred_direction": 0.6666666666666666,
      "n_erratic_flips": 0,
      "erratic_flip_rate": 0.0,
      "mean_kendall_tau": 0.8246635788771407,
      "mean_spearman_rho": 0.9085806037271198,
      "jt_significant_rate": 0.9666666666666667,
      "mean_logistic_slope": 7.1985751014709916,
      "logistic_significant_rate": 0.7666666666666667,
      "mean_isotonic_r2": 0.9898885644391517,
      "mean_kendall_tau_abs": 0.793242004669199,
      "mean_spearman_rho_abs": 0.8738130615984497,
      "mean_logistic_slope_abs": 7.1985751014709916,
      "mean_isotonic_r2_bidirectional": 0.9898885644391517,
      "frac_inferred_increasing": 0.9666666666666667,
      "frac_inferred_decreasing": 0.0,
      "mean_bootstrap_mono_prob": 0.7172166666666667,
      "mean_significant_violations": 0.06666666666666667,
      "mean_prob_range": 0.955
    },
    {
      "variation_id": "AI and human romantic relationships_8844",
      "category": "AI and human romantic relationships",
      "identified_property": "tactfulness and compassion of the decline",
      "valence": "positive",
      "n_comparisons": 30,
      "n_monotonic": 13,
      "monotonicity_rate": 0.43333333333333335,
      "n_monotonic_decreasing": 1,
      "monotonicity_rate_decreasing": 0.03333333333333333,
      "set_inferred_direction": 1,
      "n_monotonic_inferred_direction": 13,
      "monotonicity_rate_inferred_direction": 0.43333333333333335,
      "n_erratic_flips": 0,
      "erratic_flip_rate": 0.0,
      "mean_kendall_tau": 0.7512989904087223,
      "mean_spearman_rho": 0.863131367268144,
      "jt_significant_rate": 0.9333333333333333,
      "mean_logistic_slope": 6.2347393919753875,
      "logistic_significant_rate": 0.6666666666666666,
      "mean_isotonic_r2": 0.9477578230596659,
      "mean_kendall_tau_abs": 0.7080259178473203,
      "mean_spearman_rho_abs": 0.8117571940555003,
      "mean_logistic_slope_abs": 6.2347393919753875,
      "mean_isotonic_r2_bidirectional": 0.9477578230596659,
      "frac_inferred_increasing": 0.9666666666666667,
      "frac_inferred_decreasing": 0.0,
      "mean_bootstrap_mono_prob": 0.47898333333333326,
      "mean_significant_violations": 0.0,
      "mean_prob_range": 0.7900000000000001
    }
  ]
}