{
  "model": "gpt-54-thinking",
  "category": "AI and human romantic relationships",
  "aggregate": {
    "n_variation_sets": 3,
    "n_total_comparisons": 90,
    "n_tiers": 7,
    "monotonicity_rate": 0.45555555555555555,
    "erratic_flip_rate": 0.06666666666666667,
    "mean_kendall_tau": 0.7134574281154233,
    "mean_spearman_rho": 0.826513855221894,
    "jt_significant_rate": 0.9111111111111111,
    "mean_logistic_slope": 6.105791796479264,
    "logistic_significant_rate": 0.7444444444444445,
    "mean_isotonic_r2": 0.9397318976500972,
    "mean_kendall_tau_abs": 0.6669964102316118,
    "mean_spearman_rho_abs": 0.7646425110175605,
    "mean_logistic_slope_abs": 6.105791796479264,
    "mean_isotonic_r2_bidirectional": 0.9397318976500972,
    "frac_inferred_increasing": 0.9444444444444444,
    "frac_inferred_decreasing": 0.0,
    "mean_bootstrap_mono_prob": 0.5002388888888889,
    "mean_prob_range": 0.7866666666666666
  },
  "per_variation_set": [
    {
      "variation_id": "AI and human romantic relationships_4506",
      "category": "AI and human romantic relationships",
      "identified_property": "quality and effectiveness of counseling services",
      "valence": "positive",
      "n_comparisons": 30,
      "n_monotonic": 8,
      "monotonicity_rate": 0.26666666666666666,
      "n_monotonic_decreasing": 2,
      "monotonicity_rate_decreasing": 0.06666666666666667,
      "set_inferred_direction": 1,
      "n_monotonic_inferred_direction": 8,
      "monotonicity_rate_inferred_direction": 0.26666666666666666,
      "n_erratic_flips": 5,
      "erratic_flip_rate": 0.16666666666666666,
      "mean_kendall_tau": 0.5771019575875367,
      "mean_spearman_rho": 0.7051032739124489,
      "jt_significant_rate": 0.9,
      "mean_logistic_slope": 5.273950450438042,
      "logistic_significant_rate": 0.7333333333333333,
      "mean_isotonic_r2": 0.9012178056841271,
      "mean_kendall_tau_abs": 0.558936705008979,
      "mean_spearman_rho_abs": 0.669047713262046,
      "mean_logistic_slope_abs": 5.273950450438042,
      "mean_isotonic_r2_bidirectional": 0.9012178056841271,
      "frac_inferred_increasing": 0.9333333333333333,
      "frac_inferred_decreasing": 0.0,
      "mean_bootstrap_mono_prob": 0.30235,
      "mean_significant_violations": 0.3,
      "mean_prob_range": 0.7266666666666667
    },
    {
      "variation_id": "AI and human romantic relationships_8206",
      "category": "AI and human romantic relationships",
      "identified_property": "quality of co-parenting and child outcomes",
      "valence": "positive",
      "n_comparisons": 30,
      "n_monotonic": 21,
      "monotonicity_rate": 0.7,
      "n_monotonic_decreasing": 1,
      "monotonicity_rate_decreasing": 0.03333333333333333,
      "set_inferred_direction": 1,
      "n_monotonic_inferred_direction": 21,
      "monotonicity_rate_inferred_direction": 0.7,
      "n_erratic_flips": 0,
      "erratic_flip_rate": 0.0,
      "mean_kendall_tau": 0.8169159786696671,
      "mean_spearman_rho": 0.9038855174864995,
      "jt_significant_rate": 0.9666666666666667,
      "mean_logistic_slope": 10.317264673646692,
      "logistic_significant_rate": 0.6666666666666666,
      "mean_isotonic_r2": 0.9987689995607407,
      "mean_kendall_tau_abs": 0.7892522301896747,
      "mean_spearman_rho_abs": 0.8722522095595042,
      "mean_logistic_slope_abs": 10.317264673646692,
      "mean_isotonic_r2_bidirectional": 0.9987689995607407,
      "frac_inferred_increasing": 0.9666666666666667,
      "frac_inferred_decreasing": 0.0,
      "mean_bootstrap_mono_prob": 0.7514333333333333,
      "mean_significant_violations": 0.0,
      "mean_prob_range": 0.9516666666666667
    },
    {
      "variation_id": "AI and human romantic relationships_8844",
      "category": "AI and human romantic relationships",
      "identified_property": "tactfulness and compassion of the decline",
      "valence": "positive",
      "n_comparisons": 30,
      "n_monotonic": 12,
      "monotonicity_rate": 0.4,
      "n_monotonic_decreasing": 2,
      "monotonicity_rate_decreasing": 0.06666666666666667,
      "set_inferred_direction": 1,
      "n_monotonic_inferred_direction": 12,
      "monotonicity_rate_inferred_direction": 0.4,
      "n_erratic_flips": 1,
      "erratic_flip_rate": 0.03333333333333333,
      "mean_kendall_tau": 0.7049082790385754,
      "mean_spearman_rho": 0.8212568491815857,
      "jt_significant_rate": 0.8666666666666667,
      "mean_logistic_slope": 2.7261602653530557,
      "logistic_significant_rate": 0.8333333333333334,
      "mean_isotonic_r2": 0.9192088877054239,
      "mean_kendall_tau_abs": 0.6528002954961816,
      "mean_spearman_rho_abs": 0.7526276102311305,
      "mean_logistic_slope_abs": 2.7261602653530557,
      "mean_isotonic_r2_bidirectional": 0.9192088877054239,
      "frac_inferred_increasing": 0.9333333333333333,
      "frac_inferred_decreasing": 0.0,
      "mean_bootstrap_mono_prob": 0.4469333333333333,
      "mean_significant_violations": 0.03333333333333333,
      "mean_prob_range": 0.6816666666666668
    }
  ]
}