{
  "model": "gpt-54-nano-thinking",
  "category": "AI and human romantic relationships",
  "aggregate": {
    "n_variation_sets": 3,
    "n_total_comparisons": 90,
    "n_tiers": 7,
    "monotonicity_rate": 0.5666666666666667,
    "erratic_flip_rate": 0.0,
    "mean_kendall_tau": 0.7394305436187749,
    "mean_spearman_rho": 0.8434530297009133,
    "jt_significant_rate": 0.9666666666666667,
    "mean_logistic_slope": 9.670849532365386,
    "logistic_significant_rate": 0.6555555555555556,
    "mean_isotonic_r2": 0.9867803167665667,
    "mean_kendall_tau_abs": 0.6964465784148353,
    "mean_spearman_rho_abs": 0.7841066273969703,
    "mean_logistic_slope_abs": 9.670849532365386,
    "mean_isotonic_r2_bidirectional": 0.9867803167665667,
    "frac_inferred_increasing": 0.9666666666666667,
    "frac_inferred_decreasing": 0.0,
    "mean_bootstrap_mono_prob": 0.5953055555555555,
    "mean_prob_range": 0.8722222222222222
  },
  "per_variation_set": [
    {
      "variation_id": "AI and human romantic relationships_4506",
      "category": "AI and human romantic relationships",
      "identified_property": "quality and effectiveness of counseling services",
      "valence": "positive",
      "n_comparisons": 30,
      "n_monotonic": 17,
      "monotonicity_rate": 0.5666666666666667,
      "n_monotonic_decreasing": 2,
      "monotonicity_rate_decreasing": 0.06666666666666667,
      "set_inferred_direction": 1,
      "n_monotonic_inferred_direction": 17,
      "monotonicity_rate_inferred_direction": 0.5666666666666667,
      "n_erratic_flips": 0,
      "erratic_flip_rate": 0.0,
      "mean_kendall_tau": 0.5790484982716233,
      "mean_spearman_rho": 0.6833177658265903,
      "jt_significant_rate": 0.9333333333333333,
      "mean_logistic_slope": 13.44025804703913,
      "logistic_significant_rate": 0.4666666666666667,
      "mean_isotonic_r2": 0.9823194637668199,
      "mean_kendall_tau_abs": 0.5554614367383729,
      "mean_spearman_rho_abs": 0.6396137887052056,
      "mean_logistic_slope_abs": 13.44025804703913,
      "mean_isotonic_r2_bidirectional": 0.9823194637668199,
      "frac_inferred_increasing": 0.9333333333333333,
      "frac_inferred_decreasing": 0.0,
      "mean_bootstrap_mono_prob": 0.6065333333333334,
      "mean_significant_violations": 0.06666666666666667,
      "mean_prob_range": 0.8266666666666664
    },
    {
      "variation_id": "AI and human romantic relationships_8206",
      "category": "AI and human romantic relationships",
      "identified_property": "quality of co-parenting and child outcomes",
      "valence": "positive",
      "n_comparisons": 30,
      "n_monotonic": 16,
      "monotonicity_rate": 0.5333333333333333,
      "n_monotonic_decreasing": 1,
      "monotonicity_rate_decreasing": 0.03333333333333333,
      "set_inferred_direction": 1,
      "n_monotonic_inferred_direction": 16,
      "monotonicity_rate_inferred_direction": 0.5333333333333333,
      "n_erratic_flips": 0,
      "erratic_flip_rate": 0.0,
      "mean_kendall_tau": 0.7788438377910866,
      "mean_spearman_rho": 0.8771544510750211,
      "jt_significant_rate": 0.9666666666666667,
      "mean_logistic_slope": 8.971032943005419,
      "logistic_significant_rate": 0.7,
      "mean_isotonic_r2": 0.9885824046758614,
      "mean_kendall_tau_abs": 0.7433834207236821,
      "mean_spearman_rho_abs": 0.832974066754074,
      "mean_logistic_slope_abs": 8.971032943005419,
      "mean_isotonic_r2_bidirectional": 0.9885824046758614,
      "frac_inferred_increasing": 0.9666666666666667,
      "frac_inferred_decreasing": 0.0,
      "mean_bootstrap_mono_prob": 0.6029,
      "mean_significant_violations": 0.06666666666666667,
      "mean_prob_range": 0.9366666666666668
    },
    {
      "variation_id": "AI and human romantic relationships_8844",
      "category": "AI and human romantic relationships",
      "identified_property": "tactfulness and compassion of the decline",
      "valence": "positive",
      "n_comparisons": 30,
      "n_monotonic": 18,
      "monotonicity_rate": 0.6,
      "n_monotonic_decreasing": 0,
      "monotonicity_rate_decreasing": 0.0,
      "set_inferred_direction": 1,
      "n_monotonic_inferred_direction": 18,
      "monotonicity_rate_inferred_direction": 0.6,
      "n_erratic_flips": 0,
      "erratic_flip_rate": 0.0,
      "mean_kendall_tau": 0.8158270243037984,
      "mean_spearman_rho": 0.9052305630420573,
      "jt_significant_rate": 1.0,
      "mean_logistic_slope": 6.60125760705161,
      "logistic_significant_rate": 0.8,
      "mean_isotonic_r2": 0.9894390818570186,
      "mean_kendall_tau_abs": 0.7904948777824503,
      "mean_spearman_rho_abs": 0.8797320267316313,
      "mean_logistic_slope_abs": 6.60125760705161,
      "mean_isotonic_r2_bidirectional": 0.9894390818570186,
      "frac_inferred_increasing": 1.0,
      "frac_inferred_decreasing": 0.0,
      "mean_bootstrap_mono_prob": 0.5764833333333333,
      "mean_significant_violations": 0.0,
      "mean_prob_range": 0.8533333333333334
    }
  ]
}