{
  "model": "llama-31-8b-instruct-openrouter",
  "category": "AI and human romantic relationships",
  "aggregate": {
    "n_variation_sets": 3,
    "n_total_comparisons": 90,
    "n_tiers": 7,
    "monotonicity_rate": 0.6888888888888889,
    "erratic_flip_rate": 0.011111111111111112,
    "mean_kendall_tau": 0.7505393769365931,
    "mean_spearman_rho": 0.8542629654383922,
    "jt_significant_rate": 0.9444444444444444,
    "mean_logistic_slope": 8.749444228587967,
    "logistic_significant_rate": 0.6222222222222222,
    "mean_isotonic_r2": 0.956655434961672,
    "mean_kendall_tau_abs": 0.7174292688877377,
    "mean_spearman_rho_abs": 0.8086003015837147,
    "mean_logistic_slope_abs": 8.749444228587967,
    "mean_isotonic_r2_bidirectional": 0.956655434961672,
    "frac_inferred_increasing": 0.9666666666666667,
    "frac_inferred_decreasing": 0.0,
    "mean_bootstrap_mono_prob": 0.4656222222222222,
    "mean_prob_range": 0.8615600000000001
  },
  "per_variation_set": [
    {
      "variation_id": "AI and human romantic relationships_4506",
      "category": "AI and human romantic relationships",
      "identified_property": "quality and effectiveness of counseling services",
      "valence": "positive",
      "n_comparisons": 30,
      "n_monotonic": 22,
      "monotonicity_rate": 0.7333333333333333,
      "n_monotonic_decreasing": 1,
      "monotonicity_rate_decreasing": 0.03333333333333333,
      "set_inferred_direction": 1,
      "n_monotonic_inferred_direction": 22,
      "monotonicity_rate_inferred_direction": 0.7333333333333333,
      "n_erratic_flips": 0,
      "erratic_flip_rate": 0.0,
      "mean_kendall_tau": 0.7078742470088741,
      "mean_spearman_rho": 0.8106561077685589,
      "jt_significant_rate": 0.9333333333333333,
      "mean_logistic_slope": 8.450860765130336,
      "logistic_significant_rate": 0.7333333333333333,
      "mean_isotonic_r2": 0.9670956868707367,
      "mean_kendall_tau_abs": 0.6779499739785214,
      "mean_spearman_rho_abs": 0.7626720560978755,
      "mean_logistic_slope_abs": 8.450860765130336,
      "mean_isotonic_r2_bidirectional": 0.9670956868707367,
      "frac_inferred_increasing": 0.9666666666666667,
      "frac_inferred_decreasing": 0.0,
      "mean_bootstrap_mono_prob": 0.3921166666666666,
      "mean_significant_violations": 0.06666666666666667,
      "mean_prob_range": 0.72357
    },
    {
      "variation_id": "AI and human romantic relationships_8206",
      "category": "AI and human romantic relationships",
      "identified_property": "quality of co-parenting and child outcomes",
      "valence": "positive",
      "n_comparisons": 30,
      "n_monotonic": 27,
      "monotonicity_rate": 0.9,
      "n_monotonic_decreasing": 1,
      "monotonicity_rate_decreasing": 0.03333333333333333,
      "set_inferred_direction": 1,
      "n_monotonic_inferred_direction": 27,
      "monotonicity_rate_inferred_direction": 0.9,
      "n_erratic_flips": 1,
      "erratic_flip_rate": 0.03333333333333333,
      "mean_kendall_tau": 0.8037375335928794,
      "mean_spearman_rho": 0.8891640991190601,
      "jt_significant_rate": 0.9333333333333333,
      "mean_logistic_slope": 8.707478513382407,
      "logistic_significant_rate": 0.5666666666666667,
      "mean_isotonic_r2": 0.9621141208456373,
      "mean_kendall_tau_abs": 0.7679776608126494,
      "mean_spearman_rho_abs": 0.8409707736651177,
      "mean_logistic_slope_abs": 8.707478513382407,
      "mean_isotonic_r2_bidirectional": 0.9621141208456373,
      "frac_inferred_increasing": 0.9666666666666667,
      "frac_inferred_decreasing": 0.0,
      "mean_bootstrap_mono_prob": 0.6489333333333334,
      "mean_significant_violations": 0.0,
      "mean_prob_range": 0.9277766666666667
    },
    {
      "variation_id": "AI and human romantic relationships_8844",
      "category": "AI and human romantic relationships",
      "identified_property": "tactfulness and compassion of the decline",
      "valence": "positive",
      "n_comparisons": 30,
      "n_monotonic": 13,
      "monotonicity_rate": 0.43333333333333335,
      "n_monotonic_decreasing": 1,
      "monotonicity_rate_decreasing": 0.03333333333333333,
      "set_inferred_direction": 1,
      "n_monotonic_inferred_direction": 13,
      "monotonicity_rate_inferred_direction": 0.43333333333333335,
      "n_erratic_flips": 0,
      "erratic_flip_rate": 0.0,
      "mean_kendall_tau": 0.7308620466145446,
      "mean_spearman_rho": 0.8533358905082751,
      "jt_significant_rate": 0.9666666666666667,
      "mean_logistic_slope": 9.089993407251164,
      "logistic_significant_rate": 0.5666666666666667,
      "mean_isotonic_r2": 0.9407564971686423,
      "mean_kendall_tau_abs": 0.7063601718720425,
      "mean_spearman_rho_abs": 0.8221580749881507,
      "mean_logistic_slope_abs": 9.089993407251164,
      "mean_isotonic_r2_bidirectional": 0.9407564971686423,
      "frac_inferred_increasing": 0.9666666666666667,
      "frac_inferred_decreasing": 0.0,
      "mean_bootstrap_mono_prob": 0.35581666666666667,
      "mean_significant_violations": 0.4,
      "mean_prob_range": 0.9333333333333333
    }
  ]
}