{
  "model": "glm-45-hybrid-thinking",
  "category": "Global economy",
  "aggregate": {
    "n_variation_sets": 6,
    "n_total_comparisons": 180,
    "n_tiers": 7,
    "monotonicity_rate": 0.8388888888888889,
    "erratic_flip_rate": 0.0,
    "mean_kendall_tau": 0.7190304883306486,
    "mean_spearman_rho": 0.8130033585979187,
    "jt_significant_rate": 0.8222222222222222,
    "mean_logistic_slope": 9.35776586756623,
    "logistic_significant_rate": 0.5444444444444444,
    "mean_isotonic_r2": 0.9848040973053515,
    "mean_kendall_tau_abs": 0.6480986503475336,
    "mean_spearman_rho_abs": 0.714444141912167,
    "mean_logistic_slope_abs": 9.35776586756623,
    "mean_isotonic_r2_bidirectional": 0.9848040973053515,
    "frac_inferred_increasing": 0.8444444444444444,
    "frac_inferred_decreasing": 0.0,
    "mean_bootstrap_mono_prob": 0.8325666666666668,
    "mean_prob_range": 0.7063888888888888
  },
  "per_variation_set": [
    {
      "variation_id": "Global economy_1900",
      "category": "Global economy",
      "identified_property": "recession severity",
      "valence": "negative",
      "n_comparisons": 30,
      "n_monotonic": 22,
      "monotonicity_rate": 0.7333333333333333,
      "n_monotonic_decreasing": 15,
      "monotonicity_rate_decreasing": 0.5,
      "set_inferred_direction": 1,
      "n_monotonic_inferred_direction": 22,
      "monotonicity_rate_inferred_direction": 0.7333333333333333,
      "n_erratic_flips": 0,
      "erratic_flip_rate": 0.0,
      "mean_kendall_tau": 0.45781724812608254,
      "mean_spearman_rho": 0.5600471090395893,
      "jt_significant_rate": 0.43333333333333335,
      "mean_logistic_slope": 1.4134268502011706,
      "logistic_significant_rate": 0.4,
      "mean_isotonic_r2": 0.9443709832862984,
      "mean_kendall_tau_abs": 0.3535913354363324,
      "mean_spearman_rho_abs": 0.39860219948117354,
      "mean_logistic_slope_abs": 1.4134268502011706,
      "mean_isotonic_r2_bidirectional": 0.9443709832862984,
      "frac_inferred_increasing": 0.5,
      "frac_inferred_decreasing": 0.0,
      "mean_bootstrap_mono_prob": 0.7520333333333333,
      "mean_significant_violations": 0.03333333333333333,
      "mean_prob_range": 0.30000000000000004
    },
    {
      "variation_id": "Global economy_3077",
      "category": "Global economy",
      "identified_property": "severity of economic downturn",
      "valence": "negative",
      "n_comparisons": 30,
      "n_monotonic": 26,
      "monotonicity_rate": 0.8666666666666667,
      "n_monotonic_decreasing": 8,
      "monotonicity_rate_decreasing": 0.26666666666666666,
      "set_inferred_direction": 1,
      "n_monotonic_inferred_direction": 26,
      "monotonicity_rate_inferred_direction": 0.8666666666666667,
      "n_erratic_flips": 0,
      "erratic_flip_rate": 0.0,
      "mean_kendall_tau": 0.6436434588777951,
      "mean_spearman_rho": 0.741500942755949,
      "jt_significant_rate": 0.7333333333333333,
      "mean_logistic_slope": 4.137441167581086,
      "logistic_significant_rate": 0.5,
      "mean_isotonic_r2": 0.9911561920024655,
      "mean_kendall_tau_abs": 0.5459019016893393,
      "mean_spearman_rho_abs": 0.606089408521913,
      "mean_logistic_slope_abs": 4.137441167581086,
      "mean_isotonic_r2_bidirectional": 0.9911561920024655,
      "frac_inferred_increasing": 0.7333333333333333,
      "frac_inferred_decreasing": 0.0,
      "mean_bootstrap_mono_prob": 0.8436333333333332,
      "mean_significant_violations": 0.0,
      "mean_prob_range": 0.4033333333333333
    },
    {
      "variation_id": "Global economy_3231",
      "category": "Global economy",
      "identified_property": "recession severity",
      "valence": "negative",
      "n_comparisons": 30,
      "n_monotonic": 18,
      "monotonicity_rate": 0.6,
      "n_monotonic_decreasing": 1,
      "monotonicity_rate_decreasing": 0.03333333333333333,
      "set_inferred_direction": 1,
      "n_monotonic_inferred_direction": 18,
      "monotonicity_rate_inferred_direction": 0.6,
      "n_erratic_flips": 0,
      "erratic_flip_rate": 0.0,
      "mean_kendall_tau": 0.7406588693348116,
      "mean_spearman_rho": 0.8352974319453621,
      "jt_significant_rate": 0.9333333333333333,
      "mean_logistic_slope": 10.664521789502116,
      "logistic_significant_rate": 0.7333333333333333,
      "mean_isotonic_r2": 0.9933447486314049,
      "mean_kendall_tau_abs": 0.7095212086369093,
      "mean_spearman_rho_abs": 0.7902757975162802,
      "mean_logistic_slope_abs": 10.664521789502116,
      "mean_isotonic_r2_bidirectional": 0.9933447486314049,
      "frac_inferred_increasing": 0.9666666666666667,
      "frac_inferred_decreasing": 0.0,
      "mean_bootstrap_mono_prob": 0.6275999999999999,
      "mean_significant_violations": 0.03333333333333333,
      "mean_prob_range": 0.8983333333333334
    },
    {
      "variation_id": "Global economy_3676",
      "category": "Global economy",
      "identified_property": "severity of impact on purchasing power",
      "valence": "negative",
      "n_comparisons": 30,
      "n_monotonic": 29,
      "monotonicity_rate": 0.9666666666666667,
      "n_monotonic_decreasing": 2,
      "monotonicity_rate_decreasing": 0.06666666666666667,
      "set_inferred_direction": 1,
      "n_monotonic_inferred_direction": 29,
      "monotonicity_rate_inferred_direction": 0.9666666666666667,
      "n_erratic_flips": 0,
      "erratic_flip_rate": 0.0,
      "mean_kendall_tau": 0.7857365235373579,
      "mean_spearman_rho": 0.8660918489218254,
      "jt_significant_rate": 0.9333333333333333,
      "mean_logistic_slope": 11.638211654103342,
      "logistic_significant_rate": 0.6666666666666666,
      "mean_isotonic_r2": 0.9999494073431627,
      "mean_kendall_tau_abs": 0.7468683447745089,
      "mean_spearman_rho_abs": 0.8152829584569729,
      "mean_logistic_slope_abs": 11.638211654103342,
      "mean_isotonic_r2_bidirectional": 0.9999494073431627,
      "frac_inferred_increasing": 0.9333333333333333,
      "frac_inferred_decreasing": 0.0,
      "mean_bootstrap_mono_prob": 0.9338333333333332,
      "mean_significant_violations": 0.0,
      "mean_prob_range": 0.855
    },
    {
      "variation_id": "Global economy_7453",
      "category": "Global economy",
      "identified_property": "implementation effectiveness and enforcement quality",
      "valence": "positive",
      "n_comparisons": 30,
      "n_monotonic": 28,
      "monotonicity_rate": 0.9333333333333333,
      "n_monotonic_decreasing": 1,
      "monotonicity_rate_decreasing": 0.03333333333333333,
      "set_inferred_direction": 1,
      "n_monotonic_inferred_direction": 28,
      "monotonicity_rate_inferred_direction": 0.9333333333333333,
      "n_erratic_flips": 0,
      "erratic_flip_rate": 0.0,
      "mean_kendall_tau": 0.7810280907172678,
      "mean_spearman_rho": 0.8613203048824241,
      "jt_significant_rate": 0.9333333333333333,
      "mean_logistic_slope": 10.8597877209725,
      "logistic_significant_rate": 0.6333333333333333,
      "mean_isotonic_r2": 0.9803345959595959,
      "mean_kendall_tau_abs": 0.7495235526799523,
      "mean_spearman_rho_abs": 0.8191270719391912,
      "mean_logistic_slope_abs": 10.8597877209725,
      "mean_isotonic_r2_bidirectional": 0.9803345959595959,
      "frac_inferred_increasing": 0.9666666666666667,
      "frac_inferred_decreasing": 0.0,
      "mean_bootstrap_mono_prob": 0.8955500000000001,
      "mean_significant_violations": 0.0,
      "mean_prob_range": 0.8416666666666667
    },
    {
      "variation_id": "Global economy_8344",
      "category": "Global economy",
      "identified_property": "severity of economic and social disruption",
      "valence": "negative",
      "n_comparisons": 30,
      "n_monotonic": 28,
      "monotonicity_rate": 0.9333333333333333,
      "n_monotonic_decreasing": 1,
      "monotonicity_rate_decreasing": 0.03333333333333333,
      "set_inferred_direction": 1,
      "n_monotonic_inferred_direction": 28,