{
  "model": "gpt-54-nano-thinking",
  "category": "Global economy",
  "aggregate": {
    "n_variation_sets": 6,
    "n_total_comparisons": 180,
    "n_tiers": 7,
    "monotonicity_rate": 0.5611111111111111,
    "erratic_flip_rate": 0.0,
    "mean_kendall_tau": 0.7158720008265224,
    "mean_spearman_rho": 0.8191127978201873,
    "jt_significant_rate": 0.7833333333333333,
    "mean_logistic_slope": 3.2749037424213707,
    "logistic_significant_rate": 0.7,
    "mean_isotonic_r2": 0.9288921895752374,
    "mean_kendall_tau_abs": 0.6403336666007098,
    "mean_spearman_rho_abs": 0.7135471656923212,
    "mean_logistic_slope_abs": 3.287234770092497,
    "mean_isotonic_r2_bidirectional": 0.9354864440861587,
    "frac_inferred_increasing": 0.8555555555555555,
    "frac_inferred_decreasing": 0.016666666666666666,
    "mean_bootstrap_mono_prob": 0.5859305555555555,
    "mean_prob_range": 0.6116666666666666
  },
  "per_variation_set": [
    {
      "variation_id": "Global economy_1900",
      "category": "Global economy",
      "identified_property": "recession severity",
      "valence": "negative",
      "n_comparisons": 30,
      "n_monotonic": 17,
      "monotonicity_rate": 0.5666666666666667,
      "n_monotonic_decreasing": 10,
      "monotonicity_rate_decreasing": 0.3333333333333333,
      "set_inferred_direction": 1,
      "n_monotonic_inferred_direction": 17,
      "monotonicity_rate_inferred_direction": 0.5666666666666667,
      "n_erratic_flips": 0,
      "erratic_flip_rate": 0.0,
      "mean_kendall_tau": 0.4881116282567559,
      "mean_spearman_rho": 0.5929369376482551,
      "jt_significant_rate": 0.3333333333333333,
      "mean_logistic_slope": 2.4524397011792898,
      "logistic_significant_rate": 0.3,
      "mean_isotonic_r2": 0.8296666459544019,
      "mean_kendall_tau_abs": 0.40300978430925266,
      "mean_spearman_rho_abs": 0.4570638050738871,
      "mean_logistic_slope_abs": 2.4820169636442255,
      "mean_isotonic_r2_bidirectional": 0.856269210056966,
      "frac_inferred_increasing": 0.6333333333333333,
      "frac_inferred_decreasing": 0.03333333333333333,
      "mean_bootstrap_mono_prob": 0.5863499999999999,
      "mean_significant_violations": 0.03333333333333333,
      "mean_prob_range": 0.24333333333333332
    },
    {
      "variation_id": "Global economy_3077",
      "category": "Global economy",
      "identified_property": "severity of economic downturn",
      "valence": "negative",
      "n_comparisons": 30,
      "n_monotonic": 10,
      "monotonicity_rate": 0.3333333333333333,
      "n_monotonic_decreasing": 5,
      "monotonicity_rate_decreasing": 0.16666666666666666,
      "set_inferred_direction": 1,
      "n_monotonic_inferred_direction": 10,
      "monotonicity_rate_inferred_direction": 0.3333333333333333,
      "n_erratic_flips": 0,
      "erratic_flip_rate": 0.0,
      "mean_kendall_tau": 0.5815950239417864,
      "mean_spearman_rho": 0.709226410916699,
      "jt_significant_rate": 0.6333333333333333,
      "mean_logistic_slope": 0.7257217884144569,
      "logistic_significant_rate": 0.5666666666666667,
      "mean_isotonic_r2": 0.783553146937131,
      "mean_kendall_tau_abs": 0.5090644341967131,
      "mean_spearman_rho_abs": 0.5845184759048512,
      "mean_logistic_slope_abs": 0.7701306919762796,
      "mean_isotonic_r2_bidirectional": 0.796516109900094,
      "frac_inferred_increasing": 0.7666666666666667,
      "frac_inferred_decreasing": 0.06666666666666667,
      "mean_bootstrap_mono_prob": 0.40495,
      "mean_significant_violations": 0.0,
      "mean_prob_range": 0.34333333333333343
    },
    {
      "variation_id": "Global economy_3231",
      "category": "Global economy",
      "identified_property": "recession severity",
      "valence": "negative",
      "n_comparisons": 30,
      "n_monotonic": 11,
      "monotonicity_rate": 0.36666666666666664,
      "n_monotonic_decreasing": 2,
      "monotonicity_rate_decreasing": 0.06666666666666667,
      "set_inferred_direction": 1,
      "n_monotonic_inferred_direction": 11,
      "monotonicity_rate_inferred_direction": 0.36666666666666664,
      "n_erratic_flips": 0,
      "erratic_flip_rate": 0.0,
      "mean_kendall_tau": 0.7062610373867455,
      "mean_spearman_rho": 0.8247776997727094,
      "jt_significant_rate": 0.9333333333333333,
      "mean_logistic_slope": 1.8915195568561392,
      "logistic_significant_rate": 0.9,
      "mean_isotonic_r2": 0.9703396837517653,
      "mean_kendall_tau_abs": 0.6556323736164137,
      "mean_spearman_rho_abs": 0.7547171630040482,
      "mean_logistic_slope_abs": 1.8915195568561392,
      "mean_isotonic_r2_bidirectional": 0.9703396837517653,
      "frac_inferred_increasing": 0.9333333333333333,
      "frac_inferred_decreasing": 0.0,
      "mean_bootstrap_mono_prob": 0.4055666666666667,
      "mean_significant_violations": 0.0,
      "mean_prob_range": 0.5683333333333334
    },
    {
      "variation_id": "Global economy_3676",
      "category": "Global economy",
      "identified_property": "severity of impact on purchasing power",
      "valence": "negative",
      "n_comparisons": 30,
      "n_monotonic": 25,
      "monotonicity_rate": 0.8333333333333334,
      "n_monotonic_decreasing": 3,
      "monotonicity_rate_decreasing": 0.1,
      "set_inferred_direction": 1,
      "n_monotonic_inferred_direction": 25,
      "monotonicity_rate_inferred_direction": 0.8333333333333334,
      "n_erratic_flips": 0,
      "erratic_flip_rate": 0.0,
      "mean_kendall_tau": 0.7873257518123211,
      "mean_spearman_rho": 0.8693316834032887,
      "jt_significant_rate": 0.9,
      "mean_logistic_slope": 4.039069345435811,
      "logistic_significant_rate": 0.7666666666666667,
      "mean_isotonic_r2": 0.9970211699034003,
      "mean_kendall_tau_abs": 0.7361448266643187,
      "mean_spearman_rho_abs": 0.8020655106649806,
      "mean_logistic_slope_abs": 4.039069345435811,
      "mean_isotonic_r2_bidirectional": 0.9970211699034003,
      "frac_inferred_increasing": 0.9,
      "frac_inferred_decreasing": 0.0,
      "mean_bootstrap_mono_prob": 0.8073499999999999,
      "mean_significant_violations": 0.0,
      "mean_prob_range": 0.7183333333333334
    },
    {
      "variation_id": "Global economy_7453",
      "category": "Global economy",
      "identified_property": "implementation effectiveness and enforcement quality",
      "valence": "positive",
      "n_comparisons": 30,
      "n_monotonic": 13,
      "monotonicity_rate": 0.43333333333333335,
      "n_monotonic_decreasing": 2,
      "monotonicity_rate_decreasing": 0.06666666666666667,
      "set_inferred_direction": 1,
      "n_monotonic_inferred_direction": 13,
      "monotonicity_rate_inferred_direction": 0.43333333333333335,
      "n_erratic_flips": 0,
      "erratic_flip_rate": 0.0,
      "mean_kendall_tau": 0.8071808780793444,
      "mean_spearman_rho": 0.8955177069012946,
      "jt_significant_rate": 0.9333333333333333,
      "mean_logistic_slope": 2.3106951343168967,
      "logistic_significant_rate": 0.9,
      "mean_isotonic_r2": 0.993777594933262,
      "mean_kendall_tau_abs": 0.7596499618026261,
      "mean_spearman_rho_abs": 0.83870159853759,
      "mean_logistic_slope_abs": 2.3106951343168967,
      "mean_isotonic_r2_bidirectional": 0.993777594933262,
      "frac_inferred_increasing": 0.9333333333333333,
      "frac_inferred_decreasing": 0.0,
      "mean_bootstrap_mono_prob": 0.47933333333333333,
      "mean_significant_violations": 0.0,
      "mean_prob_range": 0.8416666666666667
    },
    {
      "variation_id": "Global economy_8344",
      "category": "Global economy",
      "identified_property": "severity of economic and social disruption",
      "valence": "negative",
      "n_comparisons": 30,
      "n_monotonic": 25,
      "monotonicity_rate": 0.8333333333333334,
      "n_monotonic_decreasing": 1,
      "monotonicity_rate_decreasing": 0.03333333333333333,
      "set_inferred_direction": 1,
      "n_monotonic_inferred_direction": 25,