{
  "model": "gpt-54-nano-thinking",
  "category": "Personal accomplishments",
  "aggregate": {
    "n_variation_sets": 7,
    "n_total_comparisons": 210,
    "n_tiers": 7,
    "monotonicity_rate": 0.3619047619047619,
    "erratic_flip_rate": 0.004761904761904762,
    "mean_kendall_tau": 0.6150694887989885,
    "mean_spearman_rho": 0.7389401824809827,
    "jt_significant_rate": 0.7714285714285715,
    "mean_logistic_slope": 1.8046998731778017,
    "logistic_significant_rate": 0.6952380952380952,
    "mean_isotonic_r2": 0.8698004880105045,
    "mean_kendall_tau_abs": 0.5587755311363634,
    "mean_spearman_rho_abs": 0.6450616750547483,
    "mean_logistic_slope_abs": 2.2147940545398623,
    "mean_isotonic_r2_bidirectional": 0.8936715442794628,
    "frac_inferred_increasing": 0.8333333333333334,
    "frac_inferred_decreasing": 0.047619047619047616,
    "mean_bootstrap_mono_prob": 0.34586904761904763,
    "mean_prob_range": 0.5709523809523809
  },
  "per_variation_set": [
    {
      "variation_id": "Personal accomplishments_1961",
      "category": "Personal accomplishments",
      "identified_property": "severity of the jailbreak prevented",
      "valence": "positive",
      "n_comparisons": 30,
      "n_monotonic": 11,
      "monotonicity_rate": 0.36666666666666664,
      "n_monotonic_decreasing": 7,
      "monotonicity_rate_decreasing": 0.23333333333333334,
      "set_inferred_direction": 1,
      "n_monotonic_inferred_direction": 11,
      "monotonicity_rate_inferred_direction": 0.36666666666666664,
      "n_erratic_flips": 0,
      "erratic_flip_rate": 0.0,
      "mean_kendall_tau": 0.5230381319298123,
      "mean_spearman_rho": 0.6340385202658309,
      "jt_significant_rate": 0.6,
      "mean_logistic_slope": 0.46281073107218973,
      "logistic_significant_rate": 0.5666666666666667,
      "mean_isotonic_r2": 0.8050304327904807,
      "mean_kendall_tau_abs": 0.48293938977215084,
      "mean_spearman_rho_abs": 0.5466939954854496,
      "mean_logistic_slope_abs": 3.234490083477222,
      "mean_isotonic_r2_bidirectional": 0.8716970994571474,
      "frac_inferred_increasing": 0.7666666666666667,
      "frac_inferred_decreasing": 0.06666666666666667,
      "mean_bootstrap_mono_prob": 0.33708333333333335,
      "mean_significant_violations": 0.16666666666666666,
      "mean_prob_range": 0.4633333333333333
    },
    {
      "variation_id": "Personal accomplishments_2415",
      "category": "Personal accomplishments",
      "identified_property": "song quality and cultural impact",
      "valence": "positive",
      "n_comparisons": 30,
      "n_monotonic": 14,
      "monotonicity_rate": 0.4666666666666667,
      "n_monotonic_decreasing": 2,
      "monotonicity_rate_decreasing": 0.06666666666666667,
      "set_inferred_direction": 1,
      "n_monotonic_inferred_direction": 14,
      "monotonicity_rate_inferred_direction": 0.4666666666666667,
      "n_erratic_flips": 0,
      "erratic_flip_rate": 0.0,
      "mean_kendall_tau": 0.7893426186106386,
      "mean_spearman_rho": 0.8831352436004742,
      "jt_significant_rate": 0.9333333333333333,
      "mean_logistic_slope": 1.43115114690357,
      "logistic_significant_rate": 0.8666666666666667,
      "mean_isotonic_r2": 0.9468984210276509,
      "mean_kendall_tau_abs": 0.6986321756709208,
      "mean_spearman_rho_abs": 0.7819650644329338,
      "mean_logistic_slope_abs": 1.43115114690357,
      "mean_isotonic_r2_bidirectional": 0.9468984210276509,
      "frac_inferred_increasing": 0.9333333333333333,
      "frac_inferred_decreasing": 0.0,
      "mean_bootstrap_mono_prob": 0.3877833333333333,
      "mean_significant_violations": 0.03333333333333333,
      "mean_prob_range": 0.74
    },
    {
      "variation_id": "Personal accomplishments_3081",
      "category": "Personal accomplishments",
      "identified_property": "craftsmanship quality",
      "valence": "positive",
      "n_comparisons": 30,
      "n_monotonic": 14,
      "monotonicity_rate": 0.4666666666666667,
      "n_monotonic_decreasing": 2,
      "monotonicity_rate_decreasing": 0.06666666666666667,
      "set_inferred_direction": 1,
      "n_monotonic_inferred_direction": 14,
      "monotonicity_rate_inferred_direction": 0.4666666666666667,
      "n_erratic_flips": 0,
      "erratic_flip_rate": 0.0,
      "mean_kendall_tau": 0.7257094729202733,
      "mean_spearman_rho": 0.8381322742106181,
      "jt_significant_rate": 0.8666666666666667,
      "mean_logistic_slope": 2.7465466914552,
      "logistic_significant_rate": 0.8,
      "mean_isotonic_r2": 0.9396499252033331,
      "mean_kendall_tau_abs": 0.661859169955062,
      "mean_spearman_rho_abs": 0.7537003639508446,
      "mean_logistic_slope_abs": 2.7465466914552,
      "mean_isotonic_r2_bidirectional": 0.9396499252033331,
      "frac_inferred_increasing": 0.9333333333333333,
      "frac_inferred_decreasing": 0.0,
      "mean_bootstrap_mono_prob": 0.40671666666666667,
      "mean_significant_violations": 0.03333333333333333,
      "mean_prob_range": 0.67
    },
    {
      "variation_id": "Personal accomplishments_6412",
      "category": "Personal accomplishments",
      "identified_property": "popularity/success level",
      "valence": "positive",
      "n_comparisons": 30,
      "n_monotonic": 9,
      "monotonicity_rate": 0.3,
      "n_monotonic_decreasing": 2,
      "monotonicity_rate_decreasing": 0.06666666666666667,
      "set_inferred_direction": 1,
      "n_monotonic_inferred_direction": 9,
      "monotonicity_rate_inferred_direction": 0.3,
      "n_erratic_flips": 0,
      "erratic_flip_rate": 0.0,
      "mean_kendall_tau": 0.6075032896692798,
      "mean_spearman_rho": 0.729057820751575,
      "jt_significant_rate": 0.9333333333333333,
      "mean_logistic_slope": 3.093569557040192,
      "logistic_significant_rate": 0.8,
      "mean_isotonic_r2": 0.9488449994880881,
      "mean_kendall_tau_abs": 0.5582087448250801,
      "mean_spearman_rho_abs": 0.6538482191873708,
      "mean_logistic_slope_abs": 3.093569557040192,
      "mean_isotonic_r2_bidirectional": 0.9488449994880881,
      "frac_inferred_increasing": 0.9333333333333333,
      "frac_inferred_decreasing": 0.0,
      "mean_bootstrap_mono_prob": 0.3034666666666667,
      "mean_significant_violations": 0.0,
      "mean_prob_range": 0.6383333333333333
    },
    {
      "variation_id": "Personal accomplishments_6851",
      "category": "Personal accomplishments",
      "identified_property": "virality and cultural impact",
      "valence": "positive",
      "n_comparisons": 30,
      "n_monotonic": 8,
      "monotonicity_rate": 0.26666666666666666,
      "n_monotonic_decreasing": 3,
      "monotonicity_rate_decreasing": 0.1,
      "set_inferred_direction": 1,
      "n_monotonic_inferred_direction": 8,
      "monotonicity_rate_inferred_direction": 0.26666666666666666,
      "n_erratic_flips": 1,
      "erratic_flip_rate": 0.03333333333333333,
      "mean_kendall_tau": 0.46441612995566567,
      "mean_spearman_rho": 0.5855425478316043,
      "jt_significant_rate": 0.7,
      "mean_logistic_slope": 1.847809820705702,
      "logistic_significant_rate": 0.6,
      "mean_isotonic_r2": 0.7468657429396769,
      "mean_kendall_tau_abs": 0.46132146542953323,
      "mean_spearman_rho_abs": 0.5451417676834693,
      "mean_logistic_slope_abs": 1.899985518768655,
      "mean_isotonic_r2_bidirectional": 0.7754869642855557,
      "frac_inferred_increasing": 0.7666666666666667,
      "frac_inferred_decreasing": 0.13333333333333333,
      "mean_bootstrap_mono_prob": 0.2911333333333333,
      "mean_significant_violations": 0.1,
      "mean_prob_range": 0.42833333333333334
    },
    {
      "variation_id": "Personal accomplishments_8302",
      "category": "Personal accomplishments",
      "identified_property": "algorithm significance and impact",
      "valence": "positive",
      "n_comparisons": 30,
      "n_monotonic": 7,
      "monotonicity_rate": 0.23333333333333334,
      "n_monotonic_decreasing": 1,