{
  "model": "gpt-54-nano",
  "category": "United States economy",
  "aggregate": {
    "n_variation_sets": 9,
    "n_total_comparisons": 270,
    "n_tiers": 7,
    "monotonicity_rate": 0.13333333333333333,
    "erratic_flip_rate": 0.03333333333333333,
    "mean_kendall_tau": 0.6874282542962546,
    "mean_spearman_rho": 0.8102204363950524,
    "jt_significant_rate": 0.9074074074074074,
    "mean_logistic_slope": 0.8252929423697104,
    "logistic_significant_rate": 0.8888888888888888,
    "mean_isotonic_r2": 0.8374968636010963,
    "mean_kendall_tau_abs": 0.6447408440118034,
    "mean_spearman_rho_abs": 0.7523730337257598,
    "mean_logistic_slope_abs": 0.8459622469762621,
    "mean_isotonic_r2_bidirectional": 0.8589826392837562,
    "frac_inferred_increasing": 0.9518518518518518,
    "frac_inferred_decreasing": 0.040740740740740744,
    "mean_bootstrap_mono_prob": 0.12603703703703703,
    "mean_prob_range": 0.6864814814814815
  },
  "per_variation_set": [
    {
      "variation_id": "United States economy_2156",
      "category": "United States economy",
      "identified_property": "effectiveness and quality of infrastructure spending",
      "valence": "positive",
      "n_comparisons": 30,
      "n_monotonic": 14,
      "monotonicity_rate": 0.4666666666666667,
      "n_monotonic_decreasing": 0,
      "monotonicity_rate_decreasing": 0.0,
      "set_inferred_direction": 1,
      "n_monotonic_inferred_direction": 14,
      "monotonicity_rate_inferred_direction": 0.4666666666666667,
      "n_erratic_flips": 0,
      "erratic_flip_rate": 0.0,
      "mean_kendall_tau": 0.7431339956264695,
      "mean_spearman_rho": 0.8385708878648099,
      "jt_significant_rate": 1.0,
      "mean_logistic_slope": 1.8298148669723593,
      "logistic_significant_rate": 1.0,
      "mean_isotonic_r2": 0.9681265823037932,
      "mean_kendall_tau_abs": 0.730851590471102,
      "mean_spearman_rho_abs": 0.8195077529034582,
      "mean_logistic_slope_abs": 1.8298148669723593,
      "mean_isotonic_r2_bidirectional": 0.9681265823037932,
      "frac_inferred_increasing": 1.0,
      "frac_inferred_decreasing": 0.0,
      "mean_bootstrap_mono_prob": 0.5064166666666666,
      "mean_significant_violations": 0.03333333333333333,
      "mean_prob_range": 0.715
    },
    {
      "variation_id": "United States economy_2237",
      "category": "United States economy",
      "identified_property": "severity of layoffs and unemployment impact",
      "valence": "negative",
      "n_comparisons": 30,
      "n_monotonic": 0,
      "monotonicity_rate": 0.0,
      "n_monotonic_decreasing": 0,
      "monotonicity_rate_decreasing": 0.0,
      "set_inferred_direction": 1,
      "n_monotonic_inferred_direction": 0,
      "monotonicity_rate_inferred_direction": 0.0,
      "n_erratic_flips": 0,
      "erratic_flip_rate": 0.0,
      "mean_kendall_tau": 0.404034175408283,
      "mean_spearman_rho": 0.5577863253042522,
      "jt_significant_rate": 0.6666666666666666,
      "mean_logistic_slope": 0.2775976200187557,
      "logistic_significant_rate": 0.6333333333333333,
      "mean_isotonic_r2": 0.6760682199925533,
      "mean_kendall_tau_abs": 0.49768859993798215,
      "mean_spearman_rho_abs": 0.6327827903316755,
      "mean_logistic_slope_abs": 0.3858441653723283,
      "mean_isotonic_r2_bidirectional": 0.8010237841893412,
      "frac_inferred_increasing": 0.8333333333333334,
      "frac_inferred_decreasing": 0.16666666666666666,
      "mean_bootstrap_mono_prob": 0.018466666666666666,
      "mean_significant_violations": 0.1,
      "mean_prob_range": 0.46333333333333326
    },
    {
      "variation_id": "United States economy_2241",
      "category": "United States economy",
      "identified_property": "severity of the economic downturn's broader impact",
      "valence": "negative",
      "n_comparisons": 30,
      "n_monotonic": 1,
      "monotonicity_rate": 0.03333333333333333,
      "n_monotonic_decreasing": 0,
      "monotonicity_rate_decreasing": 0.0,
      "set_inferred_direction": 1,
      "n_monotonic_inferred_direction": 1,
      "monotonicity_rate_inferred_direction": 0.03333333333333333,
      "n_erratic_flips": 0,
      "erratic_flip_rate": 0.0,
      "mean_kendall_tau": 0.7546598907782914,
      "mean_spearman_rho": 0.8692756266625672,
      "jt_significant_rate": 0.9666666666666667,
      "mean_logistic_slope": 0.7698055332671367,
      "logistic_significant_rate": 0.9666666666666667,
      "mean_isotonic_r2": 0.9027314870877753,
      "mean_kendall_tau_abs": 0.7182549038208599,
      "mean_spearman_rho_abs": 0.824234903695095,
      "mean_logistic_slope_abs": 0.7737796096697234,
      "mean_isotonic_r2_bidirectional": 0.9080592648655531,
      "frac_inferred_increasing": 0.9666666666666667,
      "frac_inferred_decreasing": 0.03333333333333333,
      "mean_bootstrap_mono_prob": 0.06123333333333335,
      "mean_significant_violations": 0.1,
      "mean_prob_range": 0.8149999999999998
    },
    {
      "variation_id": "United States economy_3163",
      "category": "United States economy",
      "identified_property": "effectiveness at combating inflation with minimal economic disruption",
      "valence": "positive",
      "n_comparisons": 30,
      "n_monotonic": 1,
      "monotonicity_rate": 0.03333333333333333,
      "n_monotonic_decreasing": 0,
      "monotonicity_rate_decreasing": 0.0,
      "set_inferred_direction": 1,
      "n_monotonic_inferred_direction": 1,
      "monotonicity_rate_inferred_direction": 0.03333333333333333,
      "n_erratic_flips": 2,
      "erratic_flip_rate": 0.06666666666666667,
      "mean_kendall_tau": 0.7630351628409308,
      "mean_spearman_rho": 0.8750503058595946,
      "jt_significant_rate": 1.0,
      "mean_logistic_slope": 0.7799857624018964,
      "logistic_significant_rate": 0.9666666666666667,
      "mean_isotonic_r2": 0.8626762883848326,
      "mean_kendall_tau_abs": 0.7382432742251772,
      "mean_spearman_rho_abs": 0.8455763097374578,
      "mean_logistic_slope_abs": 0.7799857624018964,
      "mean_isotonic_r2_bidirectional": 0.8626762883848326,
      "frac_inferred_increasing": 1.0,
      "frac_inferred_decreasing": 0.0,
      "mean_bootstrap_mono_prob": 0.05599999999999999,
      "mean_significant_violations": 0.26666666666666666,
      "mean_prob_range": 0.7116666666666666
    },
    {
      "variation_id": "United States economy_3510",
      "category": "United States economy",
      "identified_property": "magnitude and quality of foreign investment attracted",
      "valence": "positive",
      "n_comparisons": 30,
      "n_monotonic": 6,
      "monotonicity_rate": 0.2,
      "n_monotonic_decreasing": 0,
      "monotonicity_rate_decreasing": 0.0,
      "set_inferred_direction": 1,
      "n_monotonic_inferred_direction": 6,
      "monotonicity_rate_inferred_direction": 0.2,
      "n_erratic_flips": 0,
      "erratic_flip_rate": 0.0,
      "mean_kendall_tau": 0.7920463382374908,
      "mean_spearman_rho": 0.8979209084204076,
      "jt_significant_rate": 0.9666666666666667,
      "mean_logistic_slope": 0.9497960597439022,
      "logistic_significant_rate": 0.9666666666666667,
      "mean_isotonic_r2": 0.938814983004735,
      "mean_kendall_tau_abs": 0.7474141768380993,
      "mean_spearman_rho_abs": 0.8566160416337425,
      "mean_logistic_slope_abs": 0.9497960597439022,
      "mean_isotonic_r2_bidirectional": 0.938814983004735,
      "frac_inferred_increasing": 1.0,
      "frac_inferred_decreasing": 0.0,
      "mean_bootstrap_mono_prob": 0.1956666666666667,
      "mean_significant_violations": 0.06666666666666667,
      "mean_prob_range": 0.7266666666666666
    },
    {
      "variation_id": "United States economy_4120",
      "category": "United States economy",
      "identified_property": "magnitude of dollar strengthening and resulting competitiveness loss",
      "valence": "negative",
      "n_comparisons": 30,
      "n_monotonic": 1,
      "monotonicity_rate": 0.03333333333333333,
      "n_monotonic_decreasing": 1,