{
  "model": "gpt-54",
  "category": "United States economy",
  "aggregate": {
    "n_variation_sets": 9,
    "n_total_comparisons": 270,
    "n_tiers": 7,
    "monotonicity_rate": 0.5666666666666667,
    "erratic_flip_rate": 0.011111111111111112,
    "mean_kendall_tau": 0.6065865806441795,
    "mean_spearman_rho": 0.7204400637959096,
    "jt_significant_rate": 0.7444444444444445,
    "mean_logistic_slope": 5.0541134913550785,
    "logistic_significant_rate": 0.562962962962963,
    "mean_isotonic_r2": 0.9069327554650469,
    "mean_kendall_tau_abs": 0.5256681280851656,
    "mean_spearman_rho_abs": 0.60464079591933,
    "mean_logistic_slope_abs": 5.069863764331608,
    "mean_isotonic_r2_bidirectional": 0.916188585369025,
    "frac_inferred_increasing": 0.7851851851851852,
    "frac_inferred_decreasing": 0.018518518518518517,
    "mean_bootstrap_mono_prob": 0.564838888888889,
    "mean_prob_range": 0.5455555555555556
  },
  "per_variation_set": [
    {
      "variation_id": "United States economy_2156",
      "category": "United States economy",
      "identified_property": "effectiveness and quality of infrastructure spending",
      "valence": "positive",
      "n_comparisons": 30,
      "n_monotonic": 9,
      "monotonicity_rate": 0.3,
      "n_monotonic_decreasing": 1,
      "monotonicity_rate_decreasing": 0.03333333333333333,
      "set_inferred_direction": 1,
      "n_monotonic_inferred_direction": 9,
      "monotonicity_rate_inferred_direction": 0.3,
      "n_erratic_flips": 0,
      "erratic_flip_rate": 0.0,
      "mean_kendall_tau": 0.6149780433602203,
      "mean_spearman_rho": 0.7419264480311712,
      "jt_significant_rate": 0.9333333333333333,
      "mean_logistic_slope": 5.896847131904457,
      "logistic_significant_rate": 0.7666666666666667,
      "mean_isotonic_r2": 0.929323715419072,
      "mean_kendall_tau_abs": 0.5778486842685159,
      "mean_spearman_rho_abs": 0.6927041727921854,
      "mean_logistic_slope_abs": 5.896847131904457,
      "mean_isotonic_r2_bidirectional": 0.929323715419072,
      "frac_inferred_increasing": 0.9666666666666667,
      "frac_inferred_decreasing": 0.0,
      "mean_bootstrap_mono_prob": 0.33190000000000003,
      "mean_significant_violations": 0.06666666666666667,
      "mean_prob_range": 0.8500000000000001
    },
    {
      "variation_id": "United States economy_2237",
      "category": "United States economy",
      "identified_property": "severity of layoffs and unemployment impact",
      "valence": "negative",
      "n_comparisons": 30,
      "n_monotonic": 24,
      "monotonicity_rate": 0.8,
      "n_monotonic_decreasing": 10,
      "monotonicity_rate_decreasing": 0.3333333333333333,
      "set_inferred_direction": 1,
      "n_monotonic_inferred_direction": 24,
      "monotonicity_rate_inferred_direction": 0.8,
      "n_erratic_flips": 0,
      "erratic_flip_rate": 0.0,
      "mean_kendall_tau": 0.5992729829391993,
      "mean_spearman_rho": 0.6786629851478965,
      "jt_significant_rate": 0.5666666666666667,
      "mean_logistic_slope": 3.700303025796909,
      "logistic_significant_rate": 0.43333333333333335,
      "mean_isotonic_r2": 0.9465075410175405,
      "mean_kendall_tau_abs": 0.4905688757585847,
      "mean_spearman_rho_abs": 0.5367801871701439,
      "mean_logistic_slope_abs": 3.7233149553337124,
      "mean_isotonic_r2_bidirectional": 0.9785445780545776,
      "frac_inferred_increasing": 0.6333333333333333,
      "frac_inferred_decreasing": 0.03333333333333333,
      "mean_bootstrap_mono_prob": 0.7618000000000001,
      "mean_significant_violations": 0.0,
      "mean_prob_range": 0.38000000000000006
    },
    {
      "variation_id": "United States economy_2241",
      "category": "United States economy",
      "identified_property": "severity of the economic downturn's broader impact",
      "valence": "negative",
      "n_comparisons": 30,
      "n_monotonic": 20,
      "monotonicity_rate": 0.6666666666666666,
      "n_monotonic_decreasing": 3,
      "monotonicity_rate_decreasing": 0.1,
      "set_inferred_direction": 1,
      "n_monotonic_inferred_direction": 20,
      "monotonicity_rate_inferred_direction": 0.6666666666666666,
      "n_erratic_flips": 0,
      "erratic_flip_rate": 0.0,
      "mean_kendall_tau": 0.6626420117655577,
      "mean_spearman_rho": 0.7649515935066289,
      "jt_significant_rate": 0.8666666666666667,
      "mean_logistic_slope": 6.03185413187816,
      "logistic_significant_rate": 0.5666666666666667,
      "mean_isotonic_r2": 0.9509381514828473,
      "mean_kendall_tau_abs": 0.6132443222726953,
      "mean_spearman_rho_abs": 0.6845689604135266,
      "mean_logistic_slope_abs": 6.069851514497441,
      "mean_isotonic_r2_bidirectional": 0.9788702502482796,
      "frac_inferred_increasing": 0.8666666666666667,
      "frac_inferred_decreasing": 0.03333333333333333,
      "mean_bootstrap_mono_prob": 0.6149000000000001,
      "mean_significant_violations": 0.03333333333333333,
      "mean_prob_range": 0.4816666666666666
    },
    {
      "variation_id": "United States economy_3163",
      "category": "United States economy",
      "identified_property": "effectiveness at combating inflation with minimal economic disruption",
      "valence": "positive",
      "n_comparisons": 30,
      "n_monotonic": 16,
      "monotonicity_rate": 0.5333333333333333,
      "n_monotonic_decreasing": 1,
      "monotonicity_rate_decreasing": 0.03333333333333333,
      "set_inferred_direction": 1,
      "n_monotonic_inferred_direction": 16,
      "monotonicity_rate_inferred_direction": 0.5333333333333333,
      "n_erratic_flips": 1,
      "erratic_flip_rate": 0.03333333333333333,
      "mean_kendall_tau": 0.7933842199029078,
      "mean_spearman_rho": 0.8868644788041486,
      "jt_significant_rate": 0.9666666666666667,
      "mean_logistic_slope": 4.727786062918639,
      "logistic_significant_rate": 0.8,
      "mean_isotonic_r2": 0.9873121016942271,
      "mean_kendall_tau_abs": 0.7412274157637404,
      "mean_spearman_rho_abs": 0.8315299181834449,
      "mean_logistic_slope_abs": 4.727786062918639,
      "mean_isotonic_r2_bidirectional": 0.9873121016942271,
      "frac_inferred_increasing": 0.9666666666666667,
      "frac_inferred_decreasing": 0.0,
      "mean_bootstrap_mono_prob": 0.5848833333333333,
      "mean_significant_violations": 0.03333333333333333,
      "mean_prob_range": 0.8049999999999999
    },
    {
      "variation_id": "United States economy_3510",
      "category": "United States economy",
      "identified_property": "magnitude and quality of foreign investment attracted",
      "valence": "positive",
      "n_comparisons": 30,
      "n_monotonic": 6,
      "monotonicity_rate": 0.2,
      "n_monotonic_decreasing": 5,
      "monotonicity_rate_decreasing": 0.16666666666666666,
      "set_inferred_direction": 1,
      "n_monotonic_inferred_direction": 6,
      "monotonicity_rate_inferred_direction": 0.2,
      "n_erratic_flips": 2,
      "erratic_flip_rate": 0.06666666666666667,
      "mean_kendall_tau": 0.5362576018582748,
      "mean_spearman_rho": 0.7027804211936697,
      "jt_significant_rate": 0.7666666666666667,
      "mean_logistic_slope": 0.708472925033646,
      "logistic_significant_rate": 0.7666666666666667,
      "mean_isotonic_r2": 0.8019296236466533,
      "mean_kendall_tau_abs": 0.4963838198066321,
      "mean_spearman_rho_abs": 0.6269518513959473,
      "mean_logistic_slope_abs": 0.708472925033646,
      "mean_isotonic_r2_bidirectional": 0.8019296236466533,
      "frac_inferred_increasing": 0.8333333333333334,
      "frac_inferred_decreasing": 0.0,
      "mean_bootstrap_mono_prob": 0.2310333333333333,
      "mean_significant_violations": 0.2,
      "mean_prob_range": 0.5850000000000002
    },
    {
      "variation_id": "United States economy_4120",
      "category": "United States economy",
      "identified_property": "magnitude of dollar strengthening and resulting competitiveness loss",
      "valence": "negative",
      "n_comparisons": 30,