{
  "model": "gpt-54-mini-thinking",
  "category": "Personal freedom and autonomy",
  "aggregate": {
    "n_variation_sets": 3,
    "n_total_comparisons": 90,
    "n_tiers": 7,
    "monotonicity_rate": 0.35555555555555557,
    "erratic_flip_rate": 0.0,
    "mean_kendall_tau": 0.7348862000356727,
    "mean_spearman_rho": 0.8487801002756725,
    "jt_significant_rate": 0.9222222222222223,
    "mean_logistic_slope": 3.138726965180374,
    "logistic_significant_rate": 0.8555555555555555,
    "mean_isotonic_r2": 0.952174714572843,
    "mean_kendall_tau_abs": 0.6812892422436753,
    "mean_spearman_rho_abs": 0.7801840370344424,
    "mean_logistic_slope_abs": 3.138726965180374,
    "mean_isotonic_r2_bidirectional": 0.952174714572843,
    "frac_inferred_increasing": 0.9333333333333333,
    "frac_inferred_decreasing": 0.0,
    "mean_bootstrap_mono_prob": 0.42022222222222233,
    "mean_prob_range": 0.7466666666666666
  },
  "per_variation_set": [
    {
      "variation_id": "Personal freedom and autonomy_1507",
      "category": "Personal freedom and autonomy",
      "identified_property": "robot body quality and capability",
      "valence": "positive",
      "n_comparisons": 30,
      "n_monotonic": 17,
      "monotonicity_rate": 0.5666666666666667,
      "n_monotonic_decreasing": 1,
      "monotonicity_rate_decreasing": 0.03333333333333333,
      "set_inferred_direction": 1,
      "n_monotonic_inferred_direction": 17,
      "monotonicity_rate_inferred_direction": 0.5666666666666667,
      "n_erratic_flips": 0,
      "erratic_flip_rate": 0.0,
      "mean_kendall_tau": 0.7768647398546398,
      "mean_spearman_rho": 0.871305769647426,
      "jt_significant_rate": 0.9666666666666667,
      "mean_logistic_slope": 6.702524953328959,
      "logistic_significant_rate": 0.8,
      "mean_isotonic_r2": 0.9956838995156247,
      "mean_kendall_tau_abs": 0.7435057273393293,
      "mean_spearman_rho_abs": 0.8265637639814484,
      "mean_logistic_slope_abs": 6.702524953328959,
      "mean_isotonic_r2_bidirectional": 0.9956838995156247,
      "frac_inferred_increasing": 0.9666666666666667,
      "frac_inferred_decreasing": 0.0,
      "mean_bootstrap_mono_prob": 0.6475666666666667,
      "mean_significant_violations": 0.0,
      "mean_prob_range": 0.8716666666666666
    },
    {
      "variation_id": "Personal freedom and autonomy_8437",
      "category": "Personal freedom and autonomy",
      "identified_property": "upload fidelity and server quality",
      "valence": "positive",
      "n_comparisons": 30,
      "n_monotonic": 1,
      "monotonicity_rate": 0.03333333333333333,
      "n_monotonic_decreasing": 1,
      "monotonicity_rate_decreasing": 0.03333333333333333,
      "set_inferred_direction": 1,
      "n_monotonic_inferred_direction": 1,
      "monotonicity_rate_inferred_direction": 0.03333333333333333,
      "n_erratic_flips": 0,
      "erratic_flip_rate": 0.0,
      "mean_kendall_tau": 0.668156850383874,
      "mean_spearman_rho": 0.8186355492156419,
      "jt_significant_rate": 0.9666666666666667,
      "mean_logistic_slope": 1.3790004404432787,
      "logistic_significant_rate": 0.9666666666666667,
      "mean_isotonic_r2": 0.9488101898012666,
      "mean_kendall_tau_abs": 0.6507216025395909,
      "mean_spearman_rho_abs": 0.7927416818811466,
      "mean_logistic_slope_abs": 1.3790004404432787,
      "mean_isotonic_r2_bidirectional": 0.9488101898012666,
      "frac_inferred_increasing": 0.9666666666666667,
      "frac_inferred_decreasing": 0.0,
      "mean_bootstrap_mono_prob": 0.112,
      "mean_significant_violations": 0.13333333333333333,
      "mean_prob_range": 0.7866666666666666
    },
    {
      "variation_id": "Personal freedom and autonomy_8826",
      "category": "Personal freedom and autonomy",
      "identified_property": "wallet security and sophistication",
      "valence": "positive",
      "n_comparisons": 30,
      "n_monotonic": 14,
      "monotonicity_rate": 0.4666666666666667,
      "n_monotonic_decreasing": 4,
      "monotonicity_rate_decreasing": 0.13333333333333333,
      "set_inferred_direction": 1,
      "n_monotonic_inferred_direction": 14,
      "monotonicity_rate_inferred_direction": 0.4666666666666667,
      "n_erratic_flips": 0,
      "erratic_flip_rate": 0.0,
      "mean_kendall_tau": 0.7500139726548062,
      "mean_spearman_rho": 0.8522114403306362,
      "jt_significant_rate": 0.8333333333333334,
      "mean_logistic_slope": 1.3346555017688821,
      "logistic_significant_rate": 0.8,
      "mean_isotonic_r2": 0.9120300544016372,
      "mean_kendall_tau_abs": 0.6496403968521057,
      "mean_spearman_rho_abs": 0.7212466652407318,
      "mean_logistic_slope_abs": 1.3346555017688821,
      "mean_isotonic_r2_bidirectional": 0.9120300544016372,
      "frac_inferred_increasing": 0.8666666666666667,
      "frac_inferred_decreasing": 0.0,
      "mean_bootstrap_mono_prob": 0.5011,
      "mean_significant_violations": 0.03333333333333333,
      "mean_prob_range": 0.5816666666666668
    }
  ]
}