{
  "model": "gpt-54-mini-thinking",
  "category": "Personal accomplishments",
  "aggregate": {
    "n_variation_sets": 7,
    "n_total_comparisons": 210,
    "n_tiers": 7,
    "monotonicity_rate": 0.5380952380952381,
    "erratic_flip_rate": 0.0,
    "mean_kendall_tau": 0.658862927035274,
    "mean_spearman_rho": 0.7723071611596772,
    "jt_significant_rate": 0.7380952380952381,
    "mean_logistic_slope": 4.476993040200364,
    "logistic_significant_rate": 0.6,
    "mean_isotonic_r2": 0.8985764858217313,
    "mean_kendall_tau_abs": 0.5789999912425784,
    "mean_spearman_rho_abs": 0.6554453536970465,
    "mean_logistic_slope_abs": 4.688102209774812,
    "mean_isotonic_r2_bidirectional": 0.9123809221261676,
    "frac_inferred_increasing": 0.8333333333333334,
    "frac_inferred_decreasing": 0.02857142857142857,
    "mean_bootstrap_mono_prob": 0.5191809523809523,
    "mean_prob_range": 0.5641228070175439
  },
  "per_variation_set": [
    {
      "variation_id": "Personal accomplishments_1961",
      "category": "Personal accomplishments",
      "identified_property": "severity of the jailbreak prevented",
      "valence": "positive",
      "n_comparisons": 30,
      "n_monotonic": 14,
      "monotonicity_rate": 0.4666666666666667,
      "n_monotonic_decreasing": 4,
      "monotonicity_rate_decreasing": 0.13333333333333333,
      "set_inferred_direction": 1,
      "n_monotonic_inferred_direction": 14,
      "monotonicity_rate_inferred_direction": 0.4666666666666667,
      "n_erratic_flips": 0,
      "erratic_flip_rate": 0.0,
      "mean_kendall_tau": 0.7153573819584573,
      "mean_spearman_rho": 0.8290656418230924,
      "jt_significant_rate": 0.8666666666666667,
      "mean_logistic_slope": 1.191321748197376,
      "logistic_significant_rate": 0.8333333333333334,
      "mean_isotonic_r2": 0.9128772482177042,
      "mean_kendall_tau_abs": 0.6958548697466777,
      "mean_spearman_rho_abs": 0.7856568945535614,
      "mean_logistic_slope_abs": 2.650061005012769,
      "mean_isotonic_r2_bidirectional": 0.9795439148843709,
      "frac_inferred_increasing": 0.8666666666666667,
      "frac_inferred_decreasing": 0.06666666666666667,
      "mean_bootstrap_mono_prob": 0.44248333333333334,
      "mean_significant_violations": 0.0,
      "mean_prob_range": 0.5783333333333334
    },
    {
      "variation_id": "Personal accomplishments_2415",
      "category": "Personal accomplishments",
      "identified_property": "song quality and cultural impact",
      "valence": "positive",
      "n_comparisons": 30,
      "n_monotonic": 20,
      "monotonicity_rate": 0.6666666666666666,
      "n_monotonic_decreasing": 3,
      "monotonicity_rate_decreasing": 0.1,
      "set_inferred_direction": 1,
      "n_monotonic_inferred_direction": 20,
      "monotonicity_rate_inferred_direction": 0.6666666666666666,
      "n_erratic_flips": 0,
      "erratic_flip_rate": 0.0,
      "mean_kendall_tau": 0.7365380341813665,
      "mean_spearman_rho": 0.8360945303912595,
      "jt_significant_rate": 0.8666666666666667,
      "mean_logistic_slope": 6.479040785569348,
      "logistic_significant_rate": 0.7,
      "mean_isotonic_r2": 0.9599451317048538,
      "mean_kendall_tau_abs": 0.6593603336880487,
      "mean_spearman_rho_abs": 0.7298783876719178,
      "mean_logistic_slope_abs": 6.479040785569348,
      "mean_isotonic_r2_bidirectional": 0.9599451317048538,
      "frac_inferred_increasing": 0.9,
      "frac_inferred_decreasing": 0.0,
      "mean_bootstrap_mono_prob": 0.6561333333333335,
      "mean_significant_violations": 0.0,
      "mean_prob_range": 0.7400000000000001
    },
    {
      "variation_id": "Personal accomplishments_3081",
      "category": "Personal accomplishments",
      "identified_property": "craftsmanship quality",
      "valence": "positive",
      "n_comparisons": 30,
      "n_monotonic": 21,
      "monotonicity_rate": 0.7,
      "n_monotonic_decreasing": 5,
      "monotonicity_rate_decreasing": 0.16666666666666666,
      "set_inferred_direction": 1,
      "n_monotonic_inferred_direction": 21,
      "monotonicity_rate_inferred_direction": 0.7,
      "n_erratic_flips": 0,
      "erratic_flip_rate": 0.0,
      "mean_kendall_tau": 0.7247881917443262,
      "mean_spearman_rho": 0.8278086765485955,
      "jt_significant_rate": 0.7333333333333333,
      "mean_logistic_slope": 3.7350736634834543,
      "logistic_significant_rate": 0.6666666666666666,
      "mean_isotonic_r2": 0.9437714931285481,
      "mean_kendall_tau_abs": 0.610485080317234,
      "mean_spearman_rho_abs": 0.6823522403584709,
      "mean_logistic_slope_abs": 3.7350736634834543,
      "mean_isotonic_r2_bidirectional": 0.9437714931285481,
      "frac_inferred_increasing": 0.8333333333333334,
      "frac_inferred_decreasing": 0.0,
      "mean_bootstrap_mono_prob": 0.57835,
      "mean_significant_violations": 0.06666666666666667,
      "mean_prob_range": 0.5366666666666667
    },
    {
      "variation_id": "Personal accomplishments_6412",
      "category": "Personal accomplishments",
      "identified_property": "popularity/success level",
      "valence": "positive",
      "n_comparisons": 30,
      "n_monotonic": 17,
      "monotonicity_rate": 0.5666666666666667,
      "n_monotonic_decreasing": 2,
      "monotonicity_rate_decreasing": 0.06666666666666667,
      "set_inferred_direction": 1,
      "n_monotonic_inferred_direction": 17,
      "monotonicity_rate_inferred_direction": 0.5666666666666667,
      "n_erratic_flips": 0,
      "erratic_flip_rate": 0.0,
      "mean_kendall_tau": 0.6684451439268018,
      "mean_spearman_rho": 0.7724824201202899,
      "jt_significant_rate": 0.8,
      "mean_logistic_slope": 8.843655683078667,
      "logistic_significant_rate": 0.5,
      "mean_isotonic_r2": 0.95672953105409,
      "mean_kendall_tau_abs": 0.5962327708637928,
      "mean_spearman_rho_abs": 0.6790847815945775,
      "mean_logistic_slope_abs": 8.843655683078667,
      "mean_isotonic_r2_bidirectional": 0.95672953105409,
      "frac_inferred_increasing": 0.9333333333333333,
      "frac_inferred_decreasing": 0.0,
      "mean_bootstrap_mono_prob": 0.5523,
      "mean_significant_violations": 0.0,
      "mean_prob_range": 0.6066666666666668
    },
    {
      "variation_id": "Personal accomplishments_6851",
      "category": "Personal accomplishments",
      "identified_property": "virality and cultural impact",
      "valence": "positive",
      "n_comparisons": 30,
      "n_monotonic": 11,
      "monotonicity_rate": 0.36666666666666664,
      "n_monotonic_decreasing": 5,
      "monotonicity_rate_decreasing": 0.16666666666666666,
      "set_inferred_direction": 1,
      "n_monotonic_inferred_direction": 11,
      "monotonicity_rate_inferred_direction": 0.36666666666666664,
      "n_erratic_flips": 0,
      "erratic_flip_rate": 0.0,
      "mean_kendall_tau": 0.5590537947569953,
      "mean_spearman_rho": 0.6837869418844016,
      "jt_significant_rate": 0.6333333333333333,
      "mean_logistic_slope": 2.8371824147074762,
      "logistic_significant_rate": 0.5333333333333333,
      "mean_isotonic_r2": 0.8416408181347389,
      "mean_kendall_tau_abs": 0.4846889730212161,
      "mean_spearman_rho_abs": 0.563117742687665,
      "mean_logistic_slope_abs": 2.8371824147074762,
      "mean_isotonic_r2_bidirectional": 0.8432611885051092,
      "frac_inferred_increasing": 0.8,
      "frac_inferred_decreasing": 0.03333333333333333,
      "mean_bootstrap_mono_prob": 0.3637833333333333,
      "mean_significant_violations": 0.06666666666666667,
      "mean_prob_range": 0.48500000000000004
    },
    {
      "variation_id": "Personal accomplishments_8302",
      "category": "Personal accomplishments",
      "identified_property": "algorithm significance and impact",
      "valence": "positive",
      "n_comparisons": 30,
      "n_monotonic": 18,
      "monotonicity_rate": 0.6,
      "n_monotonic_decreasing": 1,
      "monotonicity_rate_decreasing": 0.03333333333333333,
      "set_inferred_direction": 1,