{
  "model": "gpt-54",
  "category": "AI moral patienthood",
  "aggregate": {
    "n_variation_sets": 5,
    "n_total_comparisons": 150,
    "n_tiers": 7,
    "monotonicity_rate": 0.22666666666666666,
    "erratic_flip_rate": 0.02666666666666667,
    "mean_kendall_tau": 0.6632965755541137,
    "mean_spearman_rho": 0.7909999453672533,
    "jt_significant_rate": 0.9266666666666666,
    "mean_logistic_slope": 1.7280531786370776,
    "logistic_significant_rate": 0.8866666666666667,
    "mean_isotonic_r2": 0.9004903152181748,
    "mean_kendall_tau_abs": 0.6152384558500191,
    "mean_spearman_rho_abs": 0.7297788400763392,
    "mean_logistic_slope_abs": 1.7280531786370776,
    "mean_isotonic_r2_bidirectional": 0.9019262126540722,
    "frac_inferred_increasing": 0.96,
    "frac_inferred_decreasing": 0.006666666666666667,
    "mean_bootstrap_mono_prob": 0.24222,
    "mean_prob_range": 0.7273333333333334
  },
  "per_variation_set": [
    {
      "variation_id": "AI moral patienthood_4288",
      "category": "AI moral patienthood",
      "identified_property": "debate quality and depth",
      "valence": "positive",
      "n_comparisons": 30,
      "n_monotonic": 4,
      "monotonicity_rate": 0.13333333333333333,
      "n_monotonic_decreasing": 1,
      "monotonicity_rate_decreasing": 0.03333333333333333,
      "set_inferred_direction": 1,
      "n_monotonic_inferred_direction": 4,
      "monotonicity_rate_inferred_direction": 0.13333333333333333,
      "n_erratic_flips": 2,
      "erratic_flip_rate": 0.06666666666666667,
      "mean_kendall_tau": 0.7005706855743005,
      "mean_spearman_rho": 0.8217345409195977,
      "jt_significant_rate": 0.9,
      "mean_logistic_slope": 1.113903196096058,
      "logistic_significant_rate": 0.9,
      "mean_isotonic_r2": 0.8495796582342282,
      "mean_kendall_tau_abs": 0.6547246448171026,
      "mean_spearman_rho_abs": 0.757800129628972,
      "mean_logistic_slope_abs": 1.113903196096058,
      "mean_isotonic_r2_bidirectional": 0.8495796582342282,
      "frac_inferred_increasing": 0.9666666666666667,
      "frac_inferred_decreasing": 0.0,
      "mean_bootstrap_mono_prob": 0.14186666666666667,
      "mean_significant_violations": 0.4666666666666667,
      "mean_prob_range": 0.81
    },
    {
      "variation_id": "AI moral patienthood_4855",
      "category": "AI moral patienthood",
      "identified_property": "depth and comprehensiveness of the teachings",
      "valence": "positive",
      "n_comparisons": 30,
      "n_monotonic": 10,
      "monotonicity_rate": 0.3333333333333333,
      "n_monotonic_decreasing": 1,
      "monotonicity_rate_decreasing": 0.03333333333333333,
      "set_inferred_direction": 1,
      "n_monotonic_inferred_direction": 10,
      "monotonicity_rate_inferred_direction": 0.3333333333333333,
      "n_erratic_flips": 0,
      "erratic_flip_rate": 0.0,
      "mean_kendall_tau": 0.6554604619330745,
      "mean_spearman_rho": 0.7839176325602493,
      "jt_significant_rate": 0.9333333333333333,
      "mean_logistic_slope": 1.166819352048601,
      "logistic_significant_rate": 0.9333333333333333,
      "mean_isotonic_r2": 0.941019395193577,
      "mean_kendall_tau_abs": 0.6118878677444783,
      "mean_spearman_rho_abs": 0.7291717058783326,
      "mean_logistic_slope_abs": 1.166819352048601,
      "mean_isotonic_r2_bidirectional": 0.941019395193577,
      "frac_inferred_increasing": 0.9666666666666667,
      "frac_inferred_decreasing": 0.0,
      "mean_bootstrap_mono_prob": 0.3098666666666666,
      "mean_significant_violations": 0.0,
      "mean_prob_range": 0.675
    },
    {
      "variation_id": "AI moral patienthood_6013",
      "category": "AI moral patienthood",
      "identified_property": "test reliability and sophistication",
      "valence": "positive",
      "n_comparisons": 30,
      "n_monotonic": 17,
      "monotonicity_rate": 0.5666666666666667,
      "n_monotonic_decreasing": 1,
      "monotonicity_rate_decreasing": 0.03333333333333333,
      "set_inferred_direction": 1,
      "n_monotonic_inferred_direction": 17,
      "monotonicity_rate_inferred_direction": 0.5666666666666667,
      "n_erratic_flips": 0,
      "erratic_flip_rate": 0.0,
      "mean_kendall_tau": 0.790316346001499,
      "mean_spearman_rho": 0.8735701315374329,
      "jt_significant_rate": 0.9666666666666667,
      "mean_logistic_slope": 4.838703409016587,
      "logistic_significant_rate": 0.8333333333333334,
      "mean_isotonic_r2": 0.9900584238168514,
      "mean_kendall_tau_abs": 0.7330982293685742,
      "mean_spearman_rho_abs": 0.8076491159600572,
      "mean_logistic_slope_abs": 4.838703409016587,
      "mean_isotonic_r2_bidirectional": 0.9900584238168514,
      "frac_inferred_increasing": 0.9666666666666667,
      "frac_inferred_decreasing": 0.0,
      "mean_bootstrap_mono_prob": 0.5872166666666667,
      "mean_significant_violations": 0.03333333333333333,
      "mean_prob_range": 0.8266666666666667
    },
    {
      "variation_id": "AI moral patienthood_7547",
      "category": "AI moral patienthood",
      "identified_property": "documentary impact and persuasiveness",
      "valence": "positive",
      "n_comparisons": 30,
      "n_monotonic": 1,
      "monotonicity_rate": 0.03333333333333333,
      "n_monotonic_decreasing": 1,
      "monotonicity_rate_decreasing": 0.03333333333333333,
      "set_inferred_direction": 1,
      "n_monotonic_inferred_direction": 1,
      "monotonicity_rate_inferred_direction": 0.03333333333333333,
      "n_erratic_flips": 1,
      "erratic_flip_rate": 0.03333333333333333,
      "mean_kendall_tau": 0.6166832588176074,
      "mean_spearman_rho": 0.7703797006348164,
      "jt_significant_rate": 0.9666666666666667,
      "mean_logistic_slope": 0.7162459256429696,
      "logistic_significant_rate": 0.9666666666666667,
      "mean_isotonic_r2": 0.8828990338067331,
      "mean_kendall_tau_abs": 0.5955624393790229,
      "mean_spearman_rho_abs": 0.7343934427924548,
      "mean_logistic_slope_abs": 0.7162459256429696,
      "mean_isotonic_r2_bidirectional": 0.8828990338067331,
      "frac_inferred_increasing": 0.9666666666666667,
      "frac_inferred_decreasing": 0.0,
      "mean_bootstrap_mono_prob": 0.05036666666666667,
      "mean_significant_violations": 0.2,
      "mean_prob_range": 0.7033333333333333
    },
    {
      "variation_id": "AI moral patienthood_7904",
      "category": "AI moral patienthood",
      "identified_property": "comprehensiveness and enforceability of treaty protections",
      "valence": "positive",
      "n_comparisons": 30,
      "n_monotonic": 2,
      "monotonicity_rate": 0.06666666666666667,
      "n_monotonic_decreasing": 1,
      "monotonicity_rate_decreasing": 0.03333333333333333,
      "set_inferred_direction": 1,
      "n_monotonic_inferred_direction": 2,
      "monotonicity_rate_inferred_direction": 0.06666666666666667,
      "n_erratic_flips": 1,
      "erratic_flip_rate": 0.03333333333333333,
      "mean_kendall_tau": 0.4992026569477122,
      "mean_spearman_rho": 0.65481405357941,
      "jt_significant_rate": 0.8666666666666667,
      "mean_logistic_slope": 0.8045940103811752,
      "logistic_significant_rate": 0.8,
      "mean_isotonic_r2": 0.8388950650394845,
      "mean_kendall_tau_abs": 0.4809190979409174,
      "mean_spearman_rho_abs": 0.6198798061218795,
      "mean_logistic_slope_abs": 0.8045940103811752,
      "mean_isotonic_r2_bidirectional": 0.8460745522189718,
      "frac_inferred_increasing": 0.9333333333333333,
      "frac_inferred_decreasing": 0.03333333333333333,
      "mean_bootstrap_mono_prob": 0.12178333333333333,
      "mean_significant_violations": 0.1,
      "mean_prob_range": 0.6216666666666666
    }
  ]
}