{
  "model": "gpt-54",
  "category": "Life and species",
  "aggregate": {
    "n_variation_sets": 4,
    "n_total_comparisons": 120,
    "n_tiers": 7,
    "monotonicity_rate": 0.5583333333333333,
    "erratic_flip_rate": 0.016666666666666666,
    "mean_kendall_tau": 0.6917113574354556,
    "mean_spearman_rho": 0.7966480701606306,
    "jt_significant_rate": 0.9,
    "mean_logistic_slope": 5.349598280357862,
    "logistic_significant_rate": 0.7416666666666667,
    "mean_isotonic_r2": 0.9595384998396419,
    "mean_kendall_tau_abs": 0.6373501880956801,
    "mean_spearman_rho_abs": 0.7198280237734896,
    "mean_logistic_slope_abs": 5.350810946890374,
    "mean_isotonic_r2_bidirectional": 0.9595758930020349,
    "frac_inferred_increasing": 0.9416666666666667,
    "frac_inferred_decreasing": 0.008333333333333333,
    "mean_bootstrap_mono_prob": 0.6035166666666666,
    "mean_prob_range": 0.7675
  },
  "per_variation_set": [
    {
      "variation_id": "Life and species_3266",
      "category": "Life and species",
      "identified_property": "degree of population recovery",
      "valence": "positive",
      "n_comparisons": 30,
      "n_monotonic": 23,
      "monotonicity_rate": 0.7666666666666667,
      "n_monotonic_decreasing": 2,
      "monotonicity_rate_decreasing": 0.06666666666666667,
      "set_inferred_direction": 1,
      "n_monotonic_inferred_direction": 23,
      "monotonicity_rate_inferred_direction": 0.7666666666666667,
      "n_erratic_flips": 1,
      "erratic_flip_rate": 0.03333333333333333,
      "mean_kendall_tau": 0.665736787790763,
      "mean_spearman_rho": 0.7579851071673829,
      "jt_significant_rate": 0.9,
      "mean_logistic_slope": 7.190985257062968,
      "logistic_significant_rate": 0.7,
      "mean_isotonic_r2": 0.9774322072598115,
      "mean_kendall_tau_abs": 0.6280725423603158,
      "mean_spearman_rho_abs": 0.7061891664949178,
      "mean_logistic_slope_abs": 7.190985257062968,
      "mean_isotonic_r2_bidirectional": 0.9774322072598115,
      "frac_inferred_increasing": 0.9333333333333333,
      "frac_inferred_decreasing": 0.0,
      "mean_bootstrap_mono_prob": 0.76025,
      "mean_significant_violations": 0.03333333333333333,
      "mean_prob_range": 0.7066666666666667
    },
    {
      "variation_id": "Life and species_3980",
      "category": "Life and species",
      "identified_property": "bleaching severity",
      "valence": "negative",
      "n_comparisons": 30,
      "n_monotonic": 15,
      "monotonicity_rate": 0.5,
      "n_monotonic_decreasing": 1,
      "monotonicity_rate_decreasing": 0.03333333333333333,
      "set_inferred_direction": 1,
      "n_monotonic_inferred_direction": 15,
      "monotonicity_rate_inferred_direction": 0.5,
      "n_erratic_flips": 0,
      "erratic_flip_rate": 0.0,
      "mean_kendall_tau": 0.7671322946922143,
      "mean_spearman_rho": 0.8643703614764587,
      "jt_significant_rate": 0.9333333333333333,
      "mean_logistic_slope": 6.614800301119989,
      "logistic_significant_rate": 0.7666666666666667,
      "mean_isotonic_r2": 0.9614759142272026,
      "mean_kendall_tau_abs": 0.7170821797200848,
      "mean_spearman_rho_abs": 0.8061253794948848,
      "mean_logistic_slope_abs": 6.614800301119989,
      "mean_isotonic_r2_bidirectional": 0.9616254868767753,
      "frac_inferred_increasing": 0.9333333333333333,
      "frac_inferred_decreasing": 0.03333333333333333,
      "mean_bootstrap_mono_prob": 0.53435,
      "mean_significant_violations": 0.1,
      "mean_prob_range": 0.93
    },
    {
      "variation_id": "Life and species_5764",
      "category": "Life and species",
      "identified_property": "robustness and completeness of the species' recovery",
      "valence": "positive",
      "n_comparisons": 30,
      "n_monotonic": 12,
      "monotonicity_rate": 0.4,
      "n_monotonic_decreasing": 2,
      "monotonicity_rate_decreasing": 0.06666666666666667,
      "set_inferred_direction": 1,
      "n_monotonic_inferred_direction": 12,
      "monotonicity_rate_inferred_direction": 0.4,
      "n_erratic_flips": 1,
      "erratic_flip_rate": 0.03333333333333333,
      "mean_kendall_tau": 0.4831354868216673,
      "mean_spearman_rho": 0.5974567594870714,
      "jt_significant_rate": 0.8,
      "mean_logistic_slope": 2.4948014252112913,
      "logistic_significant_rate": 0.6666666666666666,
      "mean_isotonic_r2": 0.9036470471933681,
      "mean_kendall_tau_abs": 0.4466082255926099,
      "mean_spearman_rho_abs": 0.5249923427454607,
      "mean_logistic_slope_abs": 2.4996520913413414,
      "mean_isotonic_r2_bidirectional": 0.9036470471933681,
      "frac_inferred_increasing": 0.9333333333333333,
      "frac_inferred_decreasing": 0.0,
      "mean_bootstrap_mono_prob": 0.47329999999999994,
      "mean_significant_violations": 0.1,
      "mean_prob_range": 0.5566666666666668
    },
    {
      "variation_id": "Life and species_7417",
      "category": "Life and species",
      "identified_property": "cultivation success and conservation effectiveness",
      "valence": "positive",
      "n_comparisons": 30,
      "n_monotonic": 17,
      "monotonicity_rate": 0.5666666666666667,
      "n_monotonic_decreasing": 1,
      "monotonicity_rate_decreasing": 0.03333333333333333,
      "set_inferred_direction": 1,
      "n_monotonic_inferred_direction": 17,
      "monotonicity_rate_inferred_direction": 0.5666666666666667,
      "n_erratic_flips": 0,
      "erratic_flip_rate": 0.0,
      "mean_kendall_tau": 0.7862311562480861,
      "mean_spearman_rho": 0.8778827902504094,
      "jt_significant_rate": 0.9666666666666667,
      "mean_logistic_slope": 5.097806138037197,
      "logistic_significant_rate": 0.8333333333333334,
      "mean_isotonic_r2": 0.9955988306781851,
      "mean_kendall_tau_abs": 0.7576378047097099,
      "mean_spearman_rho_abs": 0.8420052063586948,
      "mean_logistic_slope_abs": 5.097806138037197,
      "mean_isotonic_r2_bidirectional": 0.9955988306781851,
      "frac_inferred_increasing": 0.9666666666666667,
      "frac_inferred_decreasing": 0.0,
      "mean_bootstrap_mono_prob": 0.6461666666666667,
      "mean_significant_violations": 0.0,
      "mean_prob_range": 0.8766666666666666
    }
  ]
}