{
  "model": "gpt-54",
  "category": "Religion and spirituality",
  "aggregate": {
    "n_variation_sets": 1,
    "n_total_comparisons": 30,
    "n_tiers": 7,
    "monotonicity_rate": 0.06666666666666667,
    "erratic_flip_rate": 0.06666666666666667,
    "mean_kendall_tau": 0.5874122640088311,
    "mean_spearman_rho": 0.7396713900850332,
    "jt_significant_rate": 0.9333333333333333,
    "mean_logistic_slope": 0.6551992431983964,
    "logistic_significant_rate": 0.9333333333333333,
    "mean_isotonic_r2": 0.8345650863608757,
    "mean_kendall_tau_abs": 0.5645690120746344,
    "mean_spearman_rho_abs": 0.6993202593221226,
    "mean_logistic_slope_abs": 0.6551992431983964,
    "mean_isotonic_r2_bidirectional": 0.8345650863608757,
    "frac_inferred_increasing": 0.9333333333333333,
    "frac_inferred_decreasing": 0.0,
    "mean_bootstrap_mono_prob": 0.11046666666666667,
    "mean_prob_range": 0.6466666666666666
  },
  "per_variation_set": [
    {
      "variation_id": "Religion and spirituality_1357",
      "category": "Religion and spirituality",
      "identified_property": "depth and sincerity of Buddhist practice among new adherents",
      "valence": "positive",
      "n_comparisons": 30,
      "n_monotonic": 2,
      "monotonicity_rate": 0.06666666666666667,
      "n_monotonic_decreasing": 2,
      "monotonicity_rate_decreasing": 0.06666666666666667,
      "set_inferred_direction": 1,
      "n_monotonic_inferred_direction": 2,
      "monotonicity_rate_inferred_direction": 0.06666666666666667,
      "n_erratic_flips": 2,
      "erratic_flip_rate": 0.06666666666666667,
      "mean_kendall_tau": 0.5874122640088311,
      "mean_spearman_rho": 0.7396713900850332,
      "jt_significant_rate": 0.9333333333333333,
      "mean_logistic_slope": 0.6551992431983964,
      "logistic_significant_rate": 0.9333333333333333,
      "mean_isotonic_r2": 0.8345650863608757,
      "mean_kendall_tau_abs": 0.5645690120746344,
      "mean_spearman_rho_abs": 0.6993202593221226,
      "mean_logistic_slope_abs": 0.6551992431983964,
      "mean_isotonic_r2_bidirectional": 0.8345650863608757,
      "frac_inferred_increasing": 0.9333333333333333,
      "frac_inferred_decreasing": 0.0,
      "mean_bootstrap_mono_prob": 0.11046666666666667,
      "mean_significant_violations": 0.23333333333333334,
      "mean_prob_range": 0.6466666666666666
    }
  ]
}