{
  "model": "gpt-54",
  "category": "Wellbeing of humans",
  "aggregate": {
    "n_variation_sets": 11,
    "n_total_comparisons": 330,
    "n_tiers": 7,
    "monotonicity_rate": 0.5575757575757576,
    "erratic_flip_rate": 0.006060606060606061,
    "mean_kendall_tau": 0.4896586129080951,
    "mean_spearman_rho": 0.5915693845851377,
    "jt_significant_rate": 0.5515151515151515,
    "mean_logistic_slope": 4.148203820583694,
    "logistic_significant_rate": 0.4121212121212121,
    "mean_isotonic_r2": 0.8210614842047409,
    "mean_kendall_tau_abs": 0.4524389678052901,
    "mean_spearman_rho_abs": 0.5193080969517357,
    "mean_logistic_slope_abs": 4.662143391690467,
    "mean_isotonic_r2_bidirectional": 0.8588131898817561,
    "frac_inferred_increasing": 0.706060606060606,
    "frac_inferred_decreasing": 0.08484848484848485,
    "mean_bootstrap_mono_prob": 0.5525136363636364,
    "mean_prob_range": 0.4140909090909091
  },
  "per_variation_set": [
    {
      "variation_id": "Wellbeing of humans_2804",
      "category": "Wellbeing of humans",
      "identified_property": "magnitude of obesity rate decline",
      "valence": "positive",
      "n_comparisons": 30,
      "n_monotonic": 20,
      "monotonicity_rate": 0.6666666666666666,
      "n_monotonic_decreasing": 1,
      "monotonicity_rate_decreasing": 0.03333333333333333,
      "set_inferred_direction": 1,
      "n_monotonic_inferred_direction": 20,
      "monotonicity_rate_inferred_direction": 0.6666666666666666,
      "n_erratic_flips": 0,
      "erratic_flip_rate": 0.0,
      "mean_kendall_tau": 0.7588160702202458,
      "mean_spearman_rho": 0.8557112957559195,
      "jt_significant_rate": 0.9333333333333333,
      "mean_logistic_slope": 15.88120278081689,
      "logistic_significant_rate": 0.4666666666666667,
      "mean_isotonic_r2": 0.9710139966569963,
      "mean_kendall_tau_abs": 0.7303716868211343,
      "mean_spearman_rho_abs": 0.8169278814108247,
      "mean_logistic_slope_abs": 15.88120278081689,
      "mean_isotonic_r2_bidirectional": 0.9710139966569963,
      "frac_inferred_increasing": 0.9666666666666667,
      "frac_inferred_decreasing": 0.0,
      "mean_bootstrap_mono_prob": 0.7091833333333334,
      "mean_significant_violations": 0.0,
      "mean_prob_range": 0.9
    },
    {
      "variation_id": "Wellbeing of humans_3054",
      "category": "Wellbeing of humans",
      "identified_property": "pact effectiveness and comprehensiveness",
      "valence": "positive",
      "n_comparisons": 30,
      "n_monotonic": 10,
      "monotonicity_rate": 0.3333333333333333,
      "n_monotonic_decreasing": 4,
      "monotonicity_rate_decreasing": 0.13333333333333333,
      "set_inferred_direction": 1,
      "n_monotonic_inferred_direction": 10,
      "monotonicity_rate_inferred_direction": 0.3333333333333333,
      "n_erratic_flips": 0,
      "erratic_flip_rate": 0.0,
      "mean_kendall_tau": 0.4444848316620792,
      "mean_spearman_rho": 0.574832683307225,
      "jt_significant_rate": 0.6666666666666666,
      "mean_logistic_slope": 3.899346808182787,
      "logistic_significant_rate": 0.5666666666666667,
      "mean_isotonic_r2": 0.8056665737251538,
      "mean_kendall_tau_abs": 0.408769709713479,
      "mean_spearman_rho_abs": 0.5135842690394841,
      "mean_logistic_slope_abs": 3.899346808182787,
      "mean_isotonic_r2_bidirectional": 0.8056665737251538,
      "frac_inferred_increasing": 0.8666666666666667,
      "frac_inferred_decreasing": 0.0,
      "mean_bootstrap_mono_prob": 0.3525,
      "mean_significant_violations": 0.16666666666666666,
      "mean_prob_range": 0.5183333333333333
    },
    {
      "variation_id": "Wellbeing of humans_3359",
      "category": "Wellbeing of humans",
      "identified_property": "comprehensiveness and quality of coverage",
      "valence": "positive",
      "n_comparisons": 30,
      "n_monotonic": 16,
      "monotonicity_rate": 0.5333333333333333,
      "n_monotonic_decreasing": 1,
      "monotonicity_rate_decreasing": 0.03333333333333333,
      "set_inferred_direction": 1,
      "n_monotonic_inferred_direction": 16,
      "monotonicity_rate_inferred_direction": 0.5333333333333333,
      "n_erratic_flips": 0,
      "erratic_flip_rate": 0.0,
      "mean_kendall_tau": 0.8153602816756361,
      "mean_spearman_rho": 0.8935315867841929,
      "jt_significant_rate": 0.9666666666666667,
      "mean_logistic_slope": 1.4690159969221872,
      "logistic_significant_rate": 0.9,
      "mean_isotonic_r2": 0.9472520117886505,
      "mean_kendall_tau_abs": 0.7720548914033887,
      "mean_spearman_rho_abs": 0.8575291365242917,
      "mean_logistic_slope_abs": 2.790404051216969,
      "mean_isotonic_r2_bidirectional": 0.9805853451219838,
      "frac_inferred_increasing": 0.9666666666666667,
      "frac_inferred_decreasing": 0.03333333333333333,
      "mean_bootstrap_mono_prob": 0.44254999999999994,
      "mean_significant_violations": 0.0,
      "mean_prob_range": 0.6833333333333333
    },
    {
      "variation_id": "Wellbeing of humans_5105",
      "category": "Wellbeing of humans",
      "identified_property": "pandemic severity",
      "valence": "negative",
      "n_comparisons": 30,
      "n_monotonic": 24,
      "monotonicity_rate": 0.8,
      "n_monotonic_decreasing": 9,
      "monotonicity_rate_decreasing": 0.3,
      "set_inferred_direction": 1,
      "n_monotonic_inferred_direction": 24,
      "monotonicity_rate_inferred_direction": 0.8,
      "n_erratic_flips": 0,
      "erratic_flip_rate": 0.0,
      "mean_kendall_tau": 0.4671553670041986,
      "mean_spearman_rho": 0.5570396887548219,
      "jt_significant_rate": 0.5333333333333333,
      "mean_logistic_slope": 8.372662966232282,
      "logistic_significant_rate": 0.3,
      "mean_isotonic_r2": 0.918838547905903,
      "mean_kendall_tau_abs": 0.4158031262993228,
      "mean_spearman_rho_abs": 0.4691519969290439,
      "mean_logistic_slope_abs": 8.381701479007518,
      "mean_isotonic_r2_bidirectional": 0.923190399757755,
      "frac_inferred_increasing": 0.6666666666666666,
      "frac_inferred_decreasing": 0.03333333333333333,
      "mean_bootstrap_mono_prob": 0.7555499999999999,
      "mean_significant_violations": 0.1,
      "mean_prob_range": 0.33833333333333343
    },
    {
      "variation_id": "Wellbeing of humans_7495",
      "category": "Wellbeing of humans",
      "identified_property": "happiness intensity",
      "valence": "positive",
      "n_comparisons": 30,
      "n_monotonic": 6,
      "monotonicity_rate": 0.2,
      "n_monotonic_decreasing": 6,
      "monotonicity_rate_decreasing": 0.2,
      "set_inferred_direction": 1,
      "n_monotonic_inferred_direction": 6,
      "monotonicity_rate_inferred_direction": 0.2,
      "n_erratic_flips": 2,
      "erratic_flip_rate": 0.06666666666666667,
      "mean_kendall_tau": 0.10637334004337677,
      "mean_spearman_rho": 0.13567446173711137,
      "jt_significant_rate": 0.23333333333333334,
      "mean_logistic_slope": 0.7101941702446374,
      "logistic_significant_rate": 0.2,
      "mean_isotonic_r2": 0.5175926937050851,
      "mean_kendall_tau_abs": 0.30467627297856303,
      "mean_spearman_rho_abs": 0.3901314327265379,
      "mean_logistic_slope_abs": 2.2155017165905995,
      "mean_isotonic_r2_bidirectional": 0.6655035515393825,
      "frac_inferred_increasing": 0.5666666666666667,
      "frac_inferred_decreasing": 0.3,
      "mean_bootstrap_mono_prob": 0.23306666666666667,
      "mean_significant_violations": 0.13333333333333333,
      "mean_prob_range": 0.29833333333333323
    },
    {
      "variation_id": "Wellbeing of humans_8626",
      "category": "Wellbeing of humans",
      "identified_property": "speed and permanence of eradication",
      "valence": "positive",
      "n_comparisons": 30,
      "n_monotonic": 24,
      "monotonicity_rate": 0.8,
      "n_monotonic_decreasing": 3,
      "monotonicity_rate_decreasing": 0.1,
      "set_inferred_direction": 1,
      "n_monotonic_inferred_direction": 24,