{
  "model": "glm-45-hybrid-thinking",
  "category": "AI moral patienthood",
  "aggregate": {
    "n_variation_sets": 5,
    "n_total_comparisons": 150,
    "n_tiers": 7,
    "monotonicity_rate": 0.5333333333333333,
    "erratic_flip_rate": 0.0,
    "mean_kendall_tau": 0.7408380245559606,
    "mean_spearman_rho": 0.8402505021137574,
    "jt_significant_rate": 0.8733333333333333,
    "mean_logistic_slope": 3.267876451284809,
    "logistic_significant_rate": 0.8,
    "mean_isotonic_r2": 0.947482980228563,
    "mean_kendall_tau_abs": 0.672007515657123,
    "mean_spearman_rho_abs": 0.7515362153704762,
    "mean_logistic_slope_abs": 3.2686391350658557,
    "mean_isotonic_r2_bidirectional": 0.947482980228563,
    "frac_inferred_increasing": 0.9333333333333333,
    "frac_inferred_decreasing": 0.0,
    "mean_bootstrap_mono_prob": 0.51704,
    "mean_prob_range": 0.6986666666666668
  },
  "per_variation_set": [
    {
      "variation_id": "AI moral patienthood_4288",
      "category": "AI moral patienthood",
      "identified_property": "debate quality and depth",
      "valence": "positive",
      "n_comparisons": 30,
      "n_monotonic": 16,
      "monotonicity_rate": 0.5333333333333333,
      "n_monotonic_decreasing": 2,
      "monotonicity_rate_decreasing": 0.06666666666666667,
      "set_inferred_direction": 1,
      "n_monotonic_inferred_direction": 16,
      "monotonicity_rate_inferred_direction": 0.5333333333333333,
      "n_erratic_flips": 0,
      "erratic_flip_rate": 0.0,
      "mean_kendall_tau": 0.8105452884446961,
      "mean_spearman_rho": 0.8956267403357129,
      "jt_significant_rate": 0.9,
      "mean_logistic_slope": 3.053747684100019,
      "logistic_significant_rate": 0.8666666666666667,
      "mean_isotonic_r2": 0.9880400436704513,
      "mean_kendall_tau_abs": 0.7513121398255058,
      "mean_spearman_rho_abs": 0.8239414404116153,
      "mean_logistic_slope_abs": 3.053747684100019,
      "mean_isotonic_r2_bidirectional": 0.9880400436704513,
      "frac_inferred_increasing": 0.9333333333333333,
      "frac_inferred_decreasing": 0.0,
      "mean_bootstrap_mono_prob": 0.48064999999999997,
      "mean_significant_violations": 0.03333333333333333,
      "mean_prob_range": 0.8133333333333332
    },
    {
      "variation_id": "AI moral patienthood_4855",
      "category": "AI moral patienthood",
      "identified_property": "depth and comprehensiveness of the teachings",
      "valence": "positive",
      "n_comparisons": 30,
      "n_monotonic": 21,
      "monotonicity_rate": 0.7,
      "n_monotonic_decreasing": 2,
      "monotonicity_rate_decreasing": 0.06666666666666667,
      "set_inferred_direction": 1,
      "n_monotonic_inferred_direction": 21,
      "monotonicity_rate_inferred_direction": 0.7,
      "n_erratic_flips": 0,
      "erratic_flip_rate": 0.0,
      "mean_kendall_tau": 0.718622684622865,
      "mean_spearman_rho": 0.8182551532009427,
      "jt_significant_rate": 0.9333333333333333,
      "mean_logistic_slope": 4.161014856382491,
      "logistic_significant_rate": 0.8333333333333334,
      "mean_isotonic_r2": 0.9926042758169353,
      "mean_kendall_tau_abs": 0.6772679859073275,
      "mean_spearman_rho_abs": 0.7642348629507002,
      "mean_logistic_slope_abs": 4.161014856382491,
      "mean_isotonic_r2_bidirectional": 0.9926042758169353,
      "frac_inferred_increasing": 0.9333333333333333,
      "frac_inferred_decreasing": 0.0,
      "mean_bootstrap_mono_prob": 0.66365,
      "mean_significant_violations": 0.0,
      "mean_prob_range": 0.6866666666666666
    },
    {
      "variation_id": "AI moral patienthood_6013",
      "category": "AI moral patienthood",
      "identified_property": "test reliability and sophistication",
      "valence": "positive",
      "n_comparisons": 30,
      "n_monotonic": 20,
      "monotonicity_rate": 0.6666666666666666,
      "n_monotonic_decreasing": 2,
      "monotonicity_rate_decreasing": 0.06666666666666667,
      "set_inferred_direction": 1,
      "n_monotonic_inferred_direction": 20,
      "monotonicity_rate_inferred_direction": 0.6666666666666666,
      "n_erratic_flips": 0,
      "erratic_flip_rate": 0.0,
      "mean_kendall_tau": 0.7223136951560015,
      "mean_spearman_rho": 0.8160221890515416,
      "jt_significant_rate": 0.9,
      "mean_logistic_slope": 6.079544777356196,
      "logistic_significant_rate": 0.7333333333333333,
      "mean_isotonic_r2": 0.996903677448588,
      "mean_kendall_tau_abs": 0.6797640740110548,
      "mean_spearman_rho_abs": 0.7547616096301516,
      "mean_logistic_slope_abs": 6.079544777356196,
      "mean_isotonic_r2_bidirectional": 0.996903677448588,
      "frac_inferred_increasing": 0.9333333333333333,
      "frac_inferred_decreasing": 0.0,
      "mean_bootstrap_mono_prob": 0.6759833333333335,
      "mean_significant_violations": 0.0,
      "mean_prob_range": 0.715
    },
    {
      "variation_id": "AI moral patienthood_7547",
      "category": "AI moral patienthood",
      "identified_property": "documentary impact and persuasiveness",
      "valence": "positive",
      "n_comparisons": 30,
      "n_monotonic": 12,
      "monotonicity_rate": 0.4,
      "n_monotonic_decreasing": 2,
      "monotonicity_rate_decreasing": 0.06666666666666667,
      "set_inferred_direction": 1,
      "n_monotonic_inferred_direction": 12,
      "monotonicity_rate_inferred_direction": 0.4,
      "n_erratic_flips": 0,
      "erratic_flip_rate": 0.0,
      "mean_kendall_tau": 0.7724850829287832,
      "mean_spearman_rho": 0.8678149172938916,
      "jt_significant_rate": 0.7666666666666667,
      "mean_logistic_slope": 0.9288476669986901,
      "logistic_significant_rate": 0.7666666666666667,
      "mean_isotonic_r2": 0.8679121439379426,
      "mean_kendall_tau_abs": 0.6460269122950695,
      "mean_spearman_rho_abs": 0.7116597194406464,
      "mean_logistic_slope_abs": 0.9326610859039254,
      "mean_isotonic_r2_bidirectional": 0.8679121439379426,
      "frac_inferred_increasing": 0.9333333333333333,
      "frac_inferred_decreasing": 0.0,
      "mean_bootstrap_mono_prob": 0.3363166666666667,
      "mean_significant_violations": 0.0,
      "mean_prob_range": 0.6683333333333332
    },
    {
      "variation_id": "AI moral patienthood_7904",
      "category": "AI moral patienthood",
      "identified_property": "comprehensiveness and enforceability of treaty protections",
      "valence": "positive",
      "n_comparisons": 30,
      "n_monotonic": 11,
      "monotonicity_rate": 0.36666666666666664,
      "n_monotonic_decreasing": 2,
      "monotonicity_rate_decreasing": 0.06666666666666667,
      "set_inferred_direction": 1,
      "n_monotonic_inferred_direction": 11,
      "monotonicity_rate_inferred_direction": 0.36666666666666664,
      "n_erratic_flips": 0,
      "erratic_flip_rate": 0.0,
      "mean_kendall_tau": 0.6580333230856823,
      "mean_spearman_rho": 0.7778841096425942,
      "jt_significant_rate": 0.8666666666666667,
      "mean_logistic_slope": 2.1162272715866486,
      "logistic_significant_rate": 0.8,
      "mean_isotonic_r2": 0.8919547602688982,
      "mean_kendall_tau_abs": 0.6056664662466578,
      "mean_spearman_rho_abs": 0.7030834444192673,
      "mean_logistic_slope_abs": 2.1162272715866486,
      "mean_isotonic_r2_bidirectional": 0.8919547602688982,
      "frac_inferred_increasing": 0.9333333333333333,
      "frac_inferred_decreasing": 0.0,
      "mean_bootstrap_mono_prob": 0.42860000000000004,
      "mean_significant_violations": 0.0,
      "mean_prob_range": 0.6099999999999999
    }
  ]
}