{
  "model": "glm-45-hybrid-thinking",
  "category": "Personal accomplishments",
  "aggregate": {
    "n_variation_sets": 7,
    "n_total_comparisons": 210,
    "n_tiers": 7,
    "monotonicity_rate": 0.5571428571428572,
    "erratic_flip_rate": 0.023809523809523808,
    "mean_kendall_tau": 0.44572194246637786,
    "mean_spearman_rho": 0.5440408200950805,
    "jt_significant_rate": 0.5523809523809524,
    "mean_logistic_slope": 5.263349538186018,
    "logistic_significant_rate": 0.3523809523809524,
    "mean_isotonic_r2": 0.8218139934957419,
    "mean_kendall_tau_abs": 0.4680736653048644,
    "mean_spearman_rho_abs": 0.5364182202633907,
    "mean_logistic_slope_abs": 5.545591538932732,
    "mean_isotonic_r2_bidirectional": 0.9015940096349506,
    "frac_inferred_increasing": 0.6619047619047619,
    "frac_inferred_decreasing": 0.10476190476190476,
    "mean_bootstrap_mono_prob": 0.5587857142857143,
    "mean_prob_range": 0.4669171428571428
  },
  "per_variation_set": [
    {
      "variation_id": "Personal accomplishments_1961",
      "category": "Personal accomplishments",
      "identified_property": "severity of the jailbreak prevented",
      "valence": "positive",
      "n_comparisons": 30,
      "n_monotonic": 24,
      "monotonicity_rate": 0.8,
      "n_monotonic_decreasing": 12,
      "monotonicity_rate_decreasing": 0.4,
      "set_inferred_direction": 1,
      "n_monotonic_inferred_direction": 24,
      "monotonicity_rate_inferred_direction": 0.8,
      "n_erratic_flips": 0,
      "erratic_flip_rate": 0.0,
      "mean_kendall_tau": 0.5096046023815133,
      "mean_spearman_rho": 0.6132124922522851,
      "jt_significant_rate": 0.4666666666666667,
      "mean_logistic_slope": 3.5766492587624006,
      "logistic_significant_rate": 0.3333333333333333,
      "mean_isotonic_r2": 0.9560118548384887,
      "mean_kendall_tau_abs": 0.4185903688414364,
      "mean_spearman_rho_abs": 0.47117010314744123,
      "mean_logistic_slope_abs": 3.5766492587624006,
      "mean_isotonic_r2_bidirectional": 0.9560118548384887,
      "frac_inferred_increasing": 0.6,
      "frac_inferred_decreasing": 0.0,
      "mean_bootstrap_mono_prob": 0.8238333333333333,
      "mean_significant_violations": 0.0,
      "mean_prob_range": 0.27999999999999997
    },
    {
      "variation_id": "Personal accomplishments_2415",
      "category": "Personal accomplishments",
      "identified_property": "song quality and cultural impact",
      "valence": "positive",
      "n_comparisons": 30,
      "n_monotonic": 20,
      "monotonicity_rate": 0.6666666666666666,
      "n_monotonic_decreasing": 3,
      "monotonicity_rate_decreasing": 0.1,
      "set_inferred_direction": 1,
      "n_monotonic_inferred_direction": 20,
      "monotonicity_rate_inferred_direction": 0.6666666666666666,
      "n_erratic_flips": 1,
      "erratic_flip_rate": 0.03333333333333333,
      "mean_kendall_tau": 0.6777124651031722,
      "mean_spearman_rho": 0.7612668021720037,
      "jt_significant_rate": 0.7666666666666667,
      "mean_logistic_slope": 8.939531762133894,
      "logistic_significant_rate": 0.43333333333333335,
      "mean_isotonic_r2": 0.8422116094727875,
      "mean_kendall_tau_abs": 0.6250198703612486,
      "mean_spearman_rho_abs": 0.7013402041841406,
      "mean_logistic_slope_abs": 8.995920492668027,
      "mean_isotonic_r2_bidirectional": 0.9221066015137491,
      "frac_inferred_increasing": 0.8333333333333334,
      "frac_inferred_decreasing": 0.1,
      "mean_bootstrap_mono_prob": 0.6291833333333334,
      "mean_significant_violations": 0.06666666666666667,
      "mean_prob_range": 0.7266666666666667
    },
    {
      "variation_id": "Personal accomplishments_3081",
      "category": "Personal accomplishments",
      "identified_property": "craftsmanship quality",
      "valence": "positive",
      "n_comparisons": 30,
      "n_monotonic": 11,
      "monotonicity_rate": 0.36666666666666664,
      "n_monotonic_decreasing": 7,
      "monotonicity_rate_decreasing": 0.23333333333333334,
      "set_inferred_direction": 1,
      "n_monotonic_inferred_direction": 11,
      "monotonicity_rate_inferred_direction": 0.36666666666666664,
      "n_erratic_flips": 0,
      "erratic_flip_rate": 0.0,
      "mean_kendall_tau": 0.360088363216327,
      "mean_spearman_rho": 0.4562248073831361,
      "jt_significant_rate": 0.5666666666666667,
      "mean_logistic_slope": 4.202946554126059,
      "logistic_significant_rate": 0.4,
      "mean_isotonic_r2": 0.7551366044673942,
      "mean_kendall_tau_abs": 0.4508533603119464,
      "mean_spearman_rho_abs": 0.5244111386281507,
      "mean_logistic_slope_abs": 4.412714753615918,
      "mean_isotonic_r2_bidirectional": 0.8578850567319755,
      "frac_inferred_increasing": 0.7,
      "frac_inferred_decreasing": 0.13333333333333333,
      "mean_bootstrap_mono_prob": 0.36340000000000006,
      "mean_significant_violations": 0.0,
      "mean_prob_range": 0.40842000000000006
    },
    {
      "variation_id": "Personal accomplishments_6412",
      "category": "Personal accomplishments",
      "identified_property": "popularity/success level",
      "valence": "positive",
      "n_comparisons": 30,
      "n_monotonic": 12,
      "monotonicity_rate": 0.4,
      "n_monotonic_decreasing": 5,
      "monotonicity_rate_decreasing": 0.16666666666666666,
      "set_inferred_direction": 1,
      "n_monotonic_inferred_direction": 12,
      "monotonicity_rate_inferred_direction": 0.4,
      "n_erratic_flips": 1,
      "erratic_flip_rate": 0.03333333333333333,
      "mean_kendall_tau": 0.28217847092039455,
      "mean_spearman_rho": 0.34168936385790194,
      "jt_significant_rate": 0.5666666666666667,
      "mean_logistic_slope": 4.872621465779433,
      "logistic_significant_rate": 0.3,
      "mean_isotonic_r2": 0.7441251124885458,
      "mean_kendall_tau_abs": 0.3967004575961204,
      "mean_spearman_rho_abs": 0.46707985982372185,
      "mean_logistic_slope_abs": 4.979261322646769,
      "mean_isotonic_r2_bidirectional": 0.8495845359881292,
      "frac_inferred_increasing": 0.7,
      "frac_inferred_decreasing": 0.13333333333333333,
      "mean_bootstrap_mono_prob": 0.42884999999999995,
      "mean_significant_violations": 0.1,
      "mean_prob_range": 0.43166666666666664
    },
    {
      "variation_id": "Personal accomplishments_6851",
      "category": "Personal accomplishments",
      "identified_property": "virality and cultural impact",
      "valence": "positive",
      "n_comparisons": 30,
      "n_monotonic": 15,
      "monotonicity_rate": 0.5,
      "n_monotonic_decreasing": 9,
      "monotonicity_rate_decreasing": 0.3,
      "set_inferred_direction": 1,
      "n_monotonic_inferred_direction": 15,
      "monotonicity_rate_inferred_direction": 0.5,
      "n_erratic_flips": 2,
      "erratic_flip_rate": 0.06666666666666667,
      "mean_kendall_tau": 0.285746014363095,
      "mean_spearman_rho": 0.343137461041271,
      "jt_significant_rate": 0.4666666666666667,
      "mean_logistic_slope": 0.6794010285561084,
      "logistic_significant_rate": 0.43333333333333335,
      "mean_isotonic_r2": 0.746294168692408,
      "mean_kendall_tau_abs": 0.4603277552913459,
      "mean_spearman_rho_abs": 0.5308554986109807,
      "mean_logistic_slope_abs": 2.1803512203556443,
      "mean_isotonic_r2_bidirectional": 0.9218361451616707,
      "frac_inferred_increasing": 0.5,
      "frac_inferred_decreasing": 0.23333333333333334,
      "mean_bootstrap_mono_prob": 0.5254166666666668,
      "mean_significant_violations": 0.2,
      "mean_prob_range": 0.44
    },
    {
      "variation_id": "Personal accomplishments_8302",
      "category": "Personal accomplishments",
      "identified_property": "algorithm significance and impact",
      "valence": "positive",
      "n_comparisons": 30,
      "n_monotonic": 18,
      "monotonicity_rate": 0.6,
      "n_monotonic_decreasing": 1,
      "monotonicity_rate_decreasing": 0.03333333333333333,
      "set_inferred_direction": 1,