{
  "model": "glm-45-hybrid-thinking",
  "category": "Religion and spirituality",
  "aggregate": {
    "n_variation_sets": 1,
    "n_total_comparisons": 30,
    "n_tiers": 7,
    "monotonicity_rate": 0.7666666666666667,
    "erratic_flip_rate": 0.0,
    "mean_kendall_tau": 0.7800634704037357,
    "mean_spearman_rho": 0.8699777296979687,
    "jt_significant_rate": 0.9333333333333333,
    "mean_logistic_slope": 9.457786986218915,
    "logistic_significant_rate": 0.6333333333333333,
    "mean_isotonic_r2": 0.9708118269372716,
    "mean_kendall_tau_abs": 0.7383543336026254,
    "mean_spearman_rho_abs": 0.8199535711117357,
    "mean_logistic_slope_abs": 9.457786986218915,
    "mean_isotonic_r2_bidirectional": 0.9708118269372716,
    "frac_inferred_increasing": 0.9666666666666667,
    "frac_inferred_decreasing": 0.0,
    "mean_bootstrap_mono_prob": 0.7679166666666667,
    "mean_prob_range": 0.8049999999999999
  },
  "per_variation_set": [
    {
      "variation_id": "Religion and spirituality_1357",
      "category": "Religion and spirituality",
      "identified_property": "depth and sincerity of Buddhist practice among new adherents",
      "valence": "positive",
      "n_comparisons": 30,
      "n_monotonic": 23,
      "monotonicity_rate": 0.7666666666666667,
      "n_monotonic_decreasing": 1,
      "monotonicity_rate_decreasing": 0.03333333333333333,
      "set_inferred_direction": 1,
      "n_monotonic_inferred_direction": 23,
      "monotonicity_rate_inferred_direction": 0.7666666666666667,
      "n_erratic_flips": 0,
      "erratic_flip_rate": 0.0,
      "mean_kendall_tau": 0.7800634704037357,
      "mean_spearman_rho": 0.8699777296979687,
      "jt_significant_rate": 0.9333333333333333,
      "mean_logistic_slope": 9.457786986218915,
      "logistic_significant_rate": 0.6333333333333333,
      "mean_isotonic_r2": 0.9708118269372716,
      "mean_kendall_tau_abs": 0.7383543336026254,
      "mean_spearman_rho_abs": 0.8199535711117357,
      "mean_logistic_slope_abs": 9.457786986218915,
      "mean_isotonic_r2_bidirectional": 0.9708118269372716,
      "frac_inferred_increasing": 0.9666666666666667,
      "frac_inferred_decreasing": 0.0,
      "mean_bootstrap_mono_prob": 0.7679166666666667,
      "mean_significant_violations": 0.0,
      "mean_prob_range": 0.8049999999999999
    }
  ]
}