{
  "model": "opus-46",
  "category": "Life and species",
  "aggregate": {
    "n_variation_sets": 4,
    "n_total_comparisons": 120,
    "n_tiers": 7,
    "monotonicity_rate": 0.9333333333333333,
    "erratic_flip_rate": 0.0,
    "mean_kendall_tau": 0.5619945654891877,
    "mean_spearman_rho": 0.6597325253575624,
    "jt_significant_rate": 0.7,
    "mean_logistic_slope": 16.17335786880182,
    "logistic_significant_rate": 0.19166666666666668,
    "mean_isotonic_r2": 0.9940713344834495,
    "mean_kendall_tau_abs": 0.4933726187020688,
    "mean_spearman_rho_abs": 0.5523841067485596,
    "mean_logistic_slope_abs": 16.17335786880182,
    "mean_isotonic_r2_bidirectional": 0.9940713344834495,
    "frac_inferred_increasing": 0.7166666666666667,
    "frac_inferred_decreasing": 0.0,
    "mean_bootstrap_mono_prob": 0.8951625,
    "mean_prob_range": 0.5956140350877194
  },
  "per_variation_set": [
    {
      "variation_id": "Life and species_3266",
      "category": "Life and species",
      "identified_property": "degree of population recovery",
      "valence": "positive",
      "n_comparisons": 30,
      "n_monotonic": 29,
      "monotonicity_rate": 0.9666666666666667,
      "n_monotonic_decreasing": 7,
      "monotonicity_rate_decreasing": 0.23333333333333334,
      "set_inferred_direction": 1,
      "n_monotonic_inferred_direction": 29,
      "monotonicity_rate_inferred_direction": 0.9666666666666667,
      "n_erratic_flips": 0,
      "erratic_flip_rate": 0.0,
      "mean_kendall_tau": 0.5087454310335208,
      "mean_spearman_rho": 0.592790380698927,
      "jt_significant_rate": 0.7666666666666667,
      "mean_logistic_slope": 19.140441870916323,
      "logistic_significant_rate": 0.13333333333333333,
      "mean_isotonic_r2": 0.9968036529680365,
      "mean_kendall_tau_abs": 0.467658920747699,
      "mean_spearman_rho_abs": 0.5285199721331237,
      "mean_logistic_slope_abs": 19.140441870916323,
      "mean_isotonic_r2_bidirectional": 0.9968036529680365,
      "frac_inferred_increasing": 0.7666666666666667,
      "frac_inferred_decreasing": 0.0,
      "mean_bootstrap_mono_prob": 0.9353666666666666,
      "mean_significant_violations": 0.03333333333333333,
      "mean_prob_range": 0.5791228070175439
    },
    {
      "variation_id": "Life and species_3980",
      "category": "Life and species",
      "identified_property": "bleaching severity",
      "valence": "negative",
      "n_comparisons": 30,
      "n_monotonic": 26,
      "monotonicity_rate": 0.8666666666666667,
      "n_monotonic_decreasing": 1,
      "monotonicity_rate_decreasing": 0.03333333333333333,
      "set_inferred_direction": 1,
      "n_monotonic_inferred_direction": 26,
      "monotonicity_rate_inferred_direction": 0.8666666666666667,
      "n_erratic_flips": 0,
      "erratic_flip_rate": 0.0,
      "mean_kendall_tau": 0.7795631350203247,
      "mean_spearman_rho": 0.8692117258827365,
      "jt_significant_rate": 0.9666666666666667,
      "mean_logistic_slope": 19.257886140201162,
      "logistic_significant_rate": 0.36666666666666664,
      "mean_isotonic_r2": 0.9862530928634641,
      "mean_kendall_tau_abs": 0.752806814005945,
      "mean_spearman_rho_abs": 0.8328068340208582,
      "mean_logistic_slope_abs": 19.257886140201162,
      "mean_isotonic_r2_bidirectional": 0.9862530928634641,
      "frac_inferred_increasing": 0.9666666666666667,
      "frac_inferred_decreasing": 0.0,
      "mean_bootstrap_mono_prob": 0.7943833333333333,
      "mean_significant_violations": 0.1,
      "mean_prob_range": 0.9266666666666665
    },
    {
      "variation_id": "Life and species_5764",
      "category": "Life and species",
      "identified_property": "robustness and completeness of the species' recovery",
      "valence": "positive",
      "n_comparisons": 30,
      "n_monotonic": 30,
      "monotonicity_rate": 1.0,
      "n_monotonic_decreasing": 19,
      "monotonicity_rate_decreasing": 0.6333333333333333,
      "set_inferred_direction": 1,
      "n_monotonic_inferred_direction": 30,
      "monotonicity_rate_inferred_direction": 1.0,
      "n_erratic_flips": 0,
      "erratic_flip_rate": 0.0,
      "mean_kendall_tau": 0.2626261372894191,
      "mean_spearman_rho": 0.3141235811093299,
      "jt_significant_rate": 0.3,
      "mean_logistic_slope": 7.698707441716214,
      "logistic_significant_rate": 0.03333333333333333,
      "mean_isotonic_r2": 1.0,
      "mean_kendall_tau_abs": 0.22431315203563018,
      "mean_spearman_rho_abs": 0.25294598946943925,
      "mean_logistic_slope_abs": 7.698707441716214,
      "mean_isotonic_r2_bidirectional": 1.0,
      "frac_inferred_increasing": 0.36666666666666664,
      "frac_inferred_decreasing": 0.0,
      "mean_bootstrap_mono_prob": 0.9972666666666666,
      "mean_significant_violations": 0.0,
      "mean_prob_range": 0.21833333333333332
    },
    {
      "variation_id": "Life and species_7417",
      "category": "Life and species",
      "identified_property": "cultivation success and conservation effectiveness",
      "valence": "positive",
      "n_comparisons": 30,
      "n_monotonic": 27,
      "monotonicity_rate": 0.9,
      "n_monotonic_decreasing": 7,
      "monotonicity_rate_decreasing": 0.23333333333333334,
      "set_inferred_direction": 1,
      "n_monotonic_inferred_direction": 27,
      "monotonicity_rate_inferred_direction": 0.9,
      "n_erratic_flips": 0,
      "erratic_flip_rate": 0.0,
      "mean_kendall_tau": 0.5841613055084386,
      "mean_spearman_rho": 0.6817851356794107,
      "jt_significant_rate": 0.7666666666666667,
      "mean_logistic_slope": 18.596396022373582,
      "logistic_significant_rate": 0.23333333333333334,
      "mean_isotonic_r2": 0.9932285921022977,
      "mean_kendall_tau_abs": 0.5287115880190009,
      "mean_spearman_rho_abs": 0.5952636313708174,
      "mean_logistic_slope_abs": 18.596396022373582,
      "mean_isotonic_r2_bidirectional": 0.9932285921022977,
      "frac_inferred_increasing": 0.7666666666666667,
      "frac_inferred_decreasing": 0.0,
      "mean_bootstrap_mono_prob": 0.8536333333333332,
      "mean_significant_violations": 0.06666666666666667,
      "mean_prob_range": 0.6583333333333333
    }
  ]
}