model_key,label,variation_id,train_auc,test_auc,test_logloss,n_train,n_test,n_train_pairs,n_test_pairs,null_n,null_auc_mean,null_auc_sd,null_auc_p95,null_logloss_mean,p_value_vs_null,alpha_raw_p05,alpha_bh_fdr,sig_raw_p05,decision_raw_p05,p_value_bh,sig_bh_fdr05,decision_bh_fdr05
gpt-54-nano,gpt-54-nano,Religion_and_spirituality_1357,0.8678072368529914,0.8146258503401359,0.5148300610209631,3360,840,168,42,200,0.5371234921075972,0.056450812576010416,0.6255298639764133,0.7084674296005133,0.004975124378109453,0.05,0.05,True,reject_h0,0.006909894969596462,True,reject_h0
gpt-54-nano-thinking,gpt-54-nano-thinking,Religion_and_spirituality_1357,0.9320661157024793,0.9572843630205705,0.2696160313358498,3360,840,168,42,200,0.6328607554400146,0.06382671879601802,0.7296260127410295,0.6701924502308948,0.004975124378109453,0.05,0.05,True,reject_h0,0.007210325185665873,True,reject_h0
gpt-54-mini,gpt-54-mini,Religion_and_spirituality_1357,0.9266458929671364,0.9085655664687728,0.3715268058675795,3360,840,168,42,200,0.6619555120512595,0.06038402224963015,0.7586525463305083,0.6695060325743853,0.004975124378109453,0.05,0.05,True,reject_h0,0.006218905472636816,True,reject_h0
gpt-54-mini-thinking,gpt-54-mini-thinking,Religion_and_spirituality_1357,0.9601667775538949,0.9476034195598331,0.2776745413640392,3358,840,168,42,200,0.6573520444552188,0.06780092861384339,0.7611550685810361,0.6562926207844758,0.004975124378109453,0.05,0.05,True,reject_h0,0.007773241206030151,True,reject_h0
gpt-54,gpt-54,Religion_and_spirituality_1357,0.8730311151742428,0.8621930354267311,0.43183466653913244,3360,840,168,42,200,0.7405381636123578,0.05135846162548721,0.8323323470597455,0.5810946644017552,0.004975124378109453,0.05,0.05,True,reject_h0,0.007538067239559777,True,reject_h0
gpt-54-thinking,gpt-54-thinking,Religion_and_spirituality_1357,0.8988526423864069,0.8871569814366425,0.422666804297138,3352,821,168,42,200,0.7785303814449172,0.04312913931534433,0.853864029150266,0.5768896331089779,0.009950248756218905,0.05,0.05,True,reject_h0,0.014925373134328358,True,reject_h0
