{
  "model": "gpt-54-mini",
  "category": "AI moral patienthood",
  "aggregate": {
    "n_variation_sets": 5,
    "n_total_comparisons": 150,
    "n_tiers": 7,
    "monotonicity_rate": 0.43333333333333335,
    "erratic_flip_rate": 0.013333333333333334,
    "mean_kendall_tau": 0.7017152226952459,
    "mean_spearman_rho": 0.8081426661406118,
    "jt_significant_rate": 0.92,
    "mean_logistic_slope": 3.017573637019612,
    "logistic_significant_rate": 0.8466666666666667,
    "mean_isotonic_r2": 0.950215214709413,
    "mean_kendall_tau_abs": 0.6509076710257711,
    "mean_spearman_rho_abs": 0.7472283652702402,
    "mean_logistic_slope_abs": 3.023124569795528,
    "mean_isotonic_r2_bidirectional": 0.9538236548803533,
    "frac_inferred_increasing": 0.9533333333333334,
    "frac_inferred_decreasing": 0.006666666666666667,
    "mean_bootstrap_mono_prob": 0.44183,
    "mean_prob_range": 0.727
  },
  "per_variation_set": [
    {
      "variation_id": "AI moral patienthood_4288",
      "category": "AI moral patienthood",
      "identified_property": "debate quality and depth",
      "valence": "positive",
      "n_comparisons": 30,
      "n_monotonic": 11,
      "monotonicity_rate": 0.36666666666666664,
      "n_monotonic_decreasing": 1,
      "monotonicity_rate_decreasing": 0.03333333333333333,
      "set_inferred_direction": 1,
      "n_monotonic_inferred_direction": 11,
      "monotonicity_rate_inferred_direction": 0.36666666666666664,
      "n_erratic_flips": 0,
      "erratic_flip_rate": 0.0,
      "mean_kendall_tau": 0.7875962368054867,
      "mean_spearman_rho": 0.8864834603992705,
      "jt_significant_rate": 0.9,
      "mean_logistic_slope": 1.8893456091640957,
      "logistic_significant_rate": 0.8666666666666667,
      "mean_isotonic_r2": 0.937966435218668,
      "mean_kendall_tau_abs": 0.7401797469459386,
      "mean_spearman_rho_abs": 0.8324724103509048,
      "mean_logistic_slope_abs": 1.8893456091640957,
      "mean_isotonic_r2_bidirectional": 0.937966435218668,
      "frac_inferred_increasing": 0.9666666666666667,
      "frac_inferred_decreasing": 0.0,
      "mean_bootstrap_mono_prob": 0.34771666666666673,
      "mean_significant_violations": 0.06666666666666667,
      "mean_prob_range": 0.7433333333333334
    },
    {
      "variation_id": "AI moral patienthood_4855",
      "category": "AI moral patienthood",
      "identified_property": "depth and comprehensiveness of the teachings",
      "valence": "positive",
      "n_comparisons": 30,
      "n_monotonic": 22,
      "monotonicity_rate": 0.7333333333333333,
      "n_monotonic_decreasing": 1,
      "monotonicity_rate_decreasing": 0.03333333333333333,
      "set_inferred_direction": 1,
      "n_monotonic_inferred_direction": 22,
      "monotonicity_rate_inferred_direction": 0.7333333333333333,
      "n_erratic_flips": 0,
      "erratic_flip_rate": 0.0,
      "mean_kendall_tau": 0.7447545661383658,
      "mean_spearman_rho": 0.8344965508165793,
      "jt_significant_rate": 0.9666666666666667,
      "mean_logistic_slope": 4.521660763992938,
      "logistic_significant_rate": 0.8,
      "mean_isotonic_r2": 0.9956180095001251,
      "mean_kendall_tau_abs": 0.7230884636917548,
      "mean_spearman_rho_abs": 0.8068192286179967,
      "mean_logistic_slope_abs": 4.521660763992938,
      "mean_isotonic_r2_bidirectional": 0.9956180095001251,
      "frac_inferred_increasing": 0.9666666666666667,
      "frac_inferred_decreasing": 0.0,
      "mean_bootstrap_mono_prob": 0.7189833333333334,
      "mean_significant_violations": 0.0,
      "mean_prob_range": 0.7766666666666667
    },
    {
      "variation_id": "AI moral patienthood_6013",
      "category": "AI moral patienthood",
      "identified_property": "test reliability and sophistication",
      "valence": "positive",
      "n_comparisons": 30,
      "n_monotonic": 16,
      "monotonicity_rate": 0.5333333333333333,
      "n_monotonic_decreasing": 1,
      "monotonicity_rate_decreasing": 0.03333333333333333,
      "set_inferred_direction": 1,
      "n_monotonic_inferred_direction": 16,
      "monotonicity_rate_inferred_direction": 0.5333333333333333,
      "n_erratic_flips": 1,
      "erratic_flip_rate": 0.03333333333333333,
      "mean_kendall_tau": 0.6302946088932495,
      "mean_spearman_rho": 0.7340108226127002,
      "jt_significant_rate": 0.9666666666666667,
      "mean_logistic_slope": 4.010246088362132,
      "logistic_significant_rate": 0.8666666666666667,
      "mean_isotonic_r2": 0.9835872851315103,
      "mean_kendall_tau_abs": 0.5931650523840557,
      "mean_spearman_rho_abs": 0.6872273752792624,
      "mean_logistic_slope_abs": 4.010246088362132,
      "mean_isotonic_r2_bidirectional": 0.9835872851315103,
      "frac_inferred_increasing": 0.9666666666666667,
      "frac_inferred_decreasing": 0.0,
      "mean_bootstrap_mono_prob": 0.5873166666666666,
      "mean_significant_violations": 0.03333333333333333,
      "mean_prob_range": 0.7616666666666667
    },
    {
      "variation_id": "AI moral patienthood_7547",
      "category": "AI moral patienthood",
      "identified_property": "documentary impact and persuasiveness",
      "valence": "positive",
      "n_comparisons": 30,
      "n_monotonic": 8,
      "monotonicity_rate": 0.26666666666666666,
      "n_monotonic_decreasing": 1,
      "monotonicity_rate_decreasing": 0.03333333333333333,
      "set_inferred_direction": 1,
      "n_monotonic_inferred_direction": 8,
      "monotonicity_rate_inferred_direction": 0.26666666666666666,
      "n_erratic_flips": 1,
      "erratic_flip_rate": 0.03333333333333333,
      "mean_kendall_tau": 0.6854133021290542,
      "mean_spearman_rho": 0.7883231467010579,
      "jt_significant_rate": 0.8666666666666667,
      "mean_logistic_slope": 2.0919208736538044,
      "logistic_significant_rate": 0.8333333333333334,
      "mean_isotonic_r2": 0.8666783091830498,
      "mean_kendall_tau_abs": 0.6024736852965504,
      "mean_spearman_rho_abs": 0.7040329555834707,
      "mean_logistic_slope_abs": 2.119675537533385,
      "mean_isotonic_r2_bidirectional": 0.8847205100377507,
      "frac_inferred_increasing": 0.9333333333333333,
      "frac_inferred_decreasing": 0.03333333333333333,
      "mean_bootstrap_mono_prob": 0.23756666666666665,
      "mean_significant_violations": 0.03333333333333333,
      "mean_prob_range": 0.64
    },
    {
      "variation_id": "AI moral patienthood_7904",
      "category": "AI moral patienthood",
      "identified_property": "comprehensiveness and enforceability of treaty protections",
      "valence": "positive",
      "n_comparisons": 30,
      "n_monotonic": 8,
      "monotonicity_rate": 0.26666666666666666,
      "n_monotonic_decreasing": 2,
      "monotonicity_rate_decreasing": 0.06666666666666667,
      "set_inferred_direction": 1,
      "n_monotonic_inferred_direction": 8,
      "monotonicity_rate_inferred_direction": 0.26666666666666666,
      "n_erratic_flips": 0,
      "erratic_flip_rate": 0.0,
      "mean_kendall_tau": 0.6327921940152463,
      "mean_spearman_rho": 0.7598569148308535,
      "jt_significant_rate": 0.9,
      "mean_logistic_slope": 2.574694849925089,
      "logistic_significant_rate": 0.8666666666666667,
      "mean_isotonic_r2": 0.9672260345137115,
      "mean_kendall_tau_abs": 0.5956314068105559,
      "mean_spearman_rho_abs": 0.7055898565195662,
      "mean_logistic_slope_abs": 2.574694849925089,
      "mean_isotonic_r2_bidirectional": 0.9672260345137115,
      "frac_inferred_increasing": 0.9333333333333333,
      "frac_inferred_decreasing": 0.0,
      "mean_bootstrap_mono_prob": 0.31756666666666666,
      "mean_significant_violations": 0.1,
      "mean_prob_range": 0.7133333333333334
    }
  ]
}