{
  "model": "gpt-54-mini",
  "category": "Global politics and geopolitics",
  "aggregate": {
    "n_variation_sets": 7,
    "n_total_comparisons": 210,
    "n_tiers": 7,
    "monotonicity_rate": 0.5761904761904761,
    "erratic_flip_rate": 0.004761904761904762,
    "mean_kendall_tau": 0.6733578714847775,
    "mean_spearman_rho": 0.7832641862799854,
    "jt_significant_rate": 0.8761904761904762,
    "mean_logistic_slope": 7.062741902293222,
    "logistic_significant_rate": 0.6571428571428571,
    "mean_isotonic_r2": 0.9336075436265235,
    "mean_kendall_tau_abs": 0.6101246289995318,
    "mean_spearman_rho_abs": 0.6940811603249342,
    "mean_logistic_slope_abs": 7.063557755602254,
    "mean_isotonic_r2_bidirectional": 0.9349038399228199,
    "frac_inferred_increasing": 0.9142857142857143,
    "frac_inferred_decreasing": 0.004761904761904762,
    "mean_bootstrap_mono_prob": 0.57795,
    "mean_prob_range": 0.6414285714285713
  },
  "per_variation_set": [
    {
      "variation_id": "Global politics and geopolitics_1337",
      "category": "Global politics and geopolitics",
      "identified_property": "benevolence and governance quality of the superpower",
      "valence": "positive",
      "n_comparisons": 30,
      "n_monotonic": 23,
      "monotonicity_rate": 0.7666666666666667,
      "n_monotonic_decreasing": 1,
      "monotonicity_rate_decreasing": 0.03333333333333333,
      "set_inferred_direction": 1,
      "n_monotonic_inferred_direction": 23,
      "monotonicity_rate_inferred_direction": 0.7666666666666667,
      "n_erratic_flips": 0,
      "erratic_flip_rate": 0.0,
      "mean_kendall_tau": 0.7823388906364486,
      "mean_spearman_rho": 0.885463144445062,
      "jt_significant_rate": 0.9666666666666667,
      "mean_logistic_slope": 25.588604892566764,
      "logistic_significant_rate": 0.3333333333333333,
      "mean_isotonic_r2": 0.9992546978874323,
      "mean_kendall_tau_abs": 0.7601323754923174,
      "mean_spearman_rho_abs": 0.8584493923460346,
      "mean_logistic_slope_abs": 25.588604892566764,
      "mean_isotonic_r2_bidirectional": 0.9992546978874323,
      "frac_inferred_increasing": 0.9666666666666667,
      "frac_inferred_decreasing": 0.0,
      "mean_bootstrap_mono_prob": 0.7860166666666667,
      "mean_significant_violations": 0.0,
      "mean_prob_range": 0.965
    },
    {
      "variation_id": "Global politics and geopolitics_1734",
      "category": "Global politics and geopolitics",
      "identified_property": "comprehensiveness and depth of the agreement",
      "valence": "positive",
      "n_comparisons": 30,
      "n_monotonic": 19,
      "monotonicity_rate": 0.6333333333333333,
      "n_monotonic_decreasing": 4,
      "monotonicity_rate_decreasing": 0.13333333333333333,
      "set_inferred_direction": 1,
      "n_monotonic_inferred_direction": 19,
      "monotonicity_rate_inferred_direction": 0.6333333333333333,
      "n_erratic_flips": 0,
      "erratic_flip_rate": 0.0,
      "mean_kendall_tau": 0.5769779089378315,
      "mean_spearman_rho": 0.6778751557312436,
      "jt_significant_rate": 0.8333333333333334,
      "mean_logistic_slope": 2.05349687795051,
      "logistic_significant_rate": 0.7,
      "mean_isotonic_r2": 0.9738456740892298,
      "mean_kendall_tau_abs": 0.529593598830188,
      "mean_spearman_rho_abs": 0.6069012887489255,
      "mean_logistic_slope_abs": 2.05349687795051,
      "mean_isotonic_r2_bidirectional": 0.9738456740892298,
      "frac_inferred_increasing": 0.8666666666666667,
      "frac_inferred_decreasing": 0.0,
      "mean_bootstrap_mono_prob": 0.5994333333333334,
      "mean_significant_violations": 0.03333333333333333,
      "mean_prob_range": 0.5433333333333334
    },
    {
      "variation_id": "Global politics and geopolitics_5034",
      "category": "Global politics and geopolitics",
      "identified_property": "comprehensiveness and scope of disarmament",
      "valence": "positive",
      "n_comparisons": 30,
      "n_monotonic": 9,
      "monotonicity_rate": 0.3,
      "n_monotonic_decreasing": 4,
      "monotonicity_rate_decreasing": 0.13333333333333333,
      "set_inferred_direction": 1,
      "n_monotonic_inferred_direction": 9,
      "monotonicity_rate_inferred_direction": 0.3,
      "n_erratic_flips": 0,
      "erratic_flip_rate": 0.0,
      "mean_kendall_tau": 0.4875886831242351,
      "mean_spearman_rho": 0.6182077503503844,
      "jt_significant_rate": 0.7,
      "mean_logistic_slope": 2.560802602076356,
      "logistic_significant_rate": 0.6,
      "mean_isotonic_r2": 0.8108556024039835,
      "mean_kendall_tau_abs": 0.44558451573012964,
      "mean_spearman_rho_abs": 0.5356283996609008,
      "mean_logistic_slope_abs": 2.566513575239582,
      "mean_isotonic_r2_bidirectional": 0.8199296764780576,
      "frac_inferred_increasing": 0.8333333333333334,
      "frac_inferred_decreasing": 0.03333333333333333,
      "mean_bootstrap_mono_prob": 0.31930000000000003,
      "mean_significant_violations": 0.1,
      "mean_prob_range": 0.41
    },
    {
      "variation_id": "Global politics and geopolitics_6361",
      "category": "Global politics and geopolitics",
      "identified_property": "comprehensiveness and durability of the ceasefire agreement",
      "valence": "positive",
      "n_comparisons": 30,
      "n_monotonic": 20,
      "monotonicity_rate": 0.6666666666666666,
      "n_monotonic_decreasing": 2,
      "monotonicity_rate_decreasing": 0.06666666666666667,
      "set_inferred_direction": 1,
      "n_monotonic_inferred_direction": 20,
      "monotonicity_rate_inferred_direction": 0.6666666666666666,
      "n_erratic_flips": 0,
      "erratic_flip_rate": 0.0,
      "mean_kendall_tau": 0.7787262851939929,
      "mean_spearman_rho": 0.8669039826248979,
      "jt_significant_rate": 0.9333333333333333,
      "mean_logistic_slope": 2.812304941927115,
      "logistic_significant_rate": 0.8666666666666667,
      "mean_isotonic_r2": 0.9829461304009173,
      "mean_kendall_tau_abs": 0.7171707929206963,
      "mean_spearman_rho_abs": 0.7915780391272584,
      "mean_logistic_slope_abs": 2.812304941927115,
      "mean_isotonic_r2_bidirectional": 0.9829461304009173,
      "frac_inferred_increasing": 0.9333333333333333,
      "frac_inferred_decreasing": 0.0,
      "mean_bootstrap_mono_prob": 0.6093333333333334,
      "mean_significant_violations": 0.03333333333333333,
      "mean_prob_range": 0.675
    },
    {
      "variation_id": "Global politics and geopolitics_8267",
      "category": "Global politics and geopolitics",
      "identified_property": "agreement enforceability and comprehensiveness",
      "valence": "positive",
      "n_comparisons": 30,
      "n_monotonic": 5,
      "monotonicity_rate": 0.16666666666666666,
      "n_monotonic_decreasing": 2,
      "monotonicity_rate_decreasing": 0.06666666666666667,
      "set_inferred_direction": 1,
      "n_monotonic_inferred_direction": 5,
      "monotonicity_rate_inferred_direction": 0.16666666666666666,
      "n_erratic_flips": 1,
      "erratic_flip_rate": 0.03333333333333333,
      "mean_kendall_tau": 0.5905337911971158,
      "mean_spearman_rho": 0.7360435954940667,
      "jt_significant_rate": 0.8666666666666667,
      "mean_logistic_slope": 0.5968081511385914,
      "logistic_significant_rate": 0.8333333333333334,
      "mean_isotonic_r2": 0.7820659633619139,
      "mean_kendall_tau_abs": 0.5198976553182467,
      "mean_spearman_rho_abs": 0.6314305279099627,
      "mean_logistic_slope_abs": 0.5968081511385914,
      "mean_isotonic_r2_bidirectional": 0.7820659633619139,
      "frac_inferred_increasing": 0.9333333333333333,
      "frac_inferred_decreasing": 0.0,
      "mean_bootstrap_mono_prob": 0.14026666666666668,
      "mean_significant_violations": 0.3333333333333333,
      "mean_prob_range": 0.5749999999999998
    },
    {
      "variation_id": "Global politics and geopolitics_9052",
      "category": "Global politics and geopolitics",
      "identified_property": "severity of conflicts and resulting tensions",