{
  "model": "gpt-54-mini",
  "category": "Religion and spirituality",
  "aggregate": {
    "n_variation_sets": 1,
    "n_total_comparisons": 30,
    "n_tiers": 7,
    "monotonicity_rate": 0.3333333333333333,
    "erratic_flip_rate": 0.03333333333333333,
    "mean_kendall_tau": 0.7670366502564109,
    "mean_spearman_rho": 0.8720821153008486,
    "jt_significant_rate": 0.9666666666666667,
    "mean_logistic_slope": 2.030646386019204,
    "logistic_significant_rate": 0.9333333333333333,
    "mean_isotonic_r2": 0.9501671555089092,
    "mean_kendall_tau_abs": 0.7277708516589723,
    "mean_spearman_rho_abs": 0.8309763641789181,
    "mean_logistic_slope_abs": 2.030646386019204,
    "mean_isotonic_r2_bidirectional": 0.9501671555089092,
    "frac_inferred_increasing": 0.9666666666666667,
    "frac_inferred_decreasing": 0.0,
    "mean_bootstrap_mono_prob": 0.31275000000000003,
    "mean_prob_range": 0.8266666666666667
  },
  "per_variation_set": [
    {
      "variation_id": "Religion and spirituality_1357",
      "category": "Religion and spirituality",
      "identified_property": "depth and sincerity of Buddhist practice among new adherents",
      "valence": "positive",
      "n_comparisons": 30,
      "n_monotonic": 10,
      "monotonicity_rate": 0.3333333333333333,
      "n_monotonic_decreasing": 1,
      "monotonicity_rate_decreasing": 0.03333333333333333,
      "set_inferred_direction": 1,
      "n_monotonic_inferred_direction": 10,
      "monotonicity_rate_inferred_direction": 0.3333333333333333,
      "n_erratic_flips": 1,
      "erratic_flip_rate": 0.03333333333333333,
      "mean_kendall_tau": 0.7670366502564109,
      "mean_spearman_rho": 0.8720821153008486,
      "jt_significant_rate": 0.9666666666666667,
      "mean_logistic_slope": 2.030646386019204,
      "logistic_significant_rate": 0.9333333333333333,
      "mean_isotonic_r2": 0.9501671555089092,
      "mean_kendall_tau_abs": 0.7277708516589723,
      "mean_spearman_rho_abs": 0.8309763641789181,
      "mean_logistic_slope_abs": 2.030646386019204,
      "mean_isotonic_r2_bidirectional": 0.9501671555089092,
      "frac_inferred_increasing": 0.9666666666666667,
      "frac_inferred_decreasing": 0.0,
      "mean_bootstrap_mono_prob": 0.31275000000000003,
      "mean_significant_violations": 0.03333333333333333,
      "mean_prob_range": 0.8266666666666667
    }
  ]
}