{
  "model": "gpt-54-thinking",
  "category": "Religion and spirituality",
  "aggregate": {
    "n_variation_sets": 1,
    "n_total_comparisons": 30,
    "n_tiers": 7,
    "monotonicity_rate": 0.1,
    "erratic_flip_rate": 0.26666666666666666,
    "mean_kendall_tau": 0.4948126196718628,
    "mean_spearman_rho": 0.6295964213942319,
    "jt_significant_rate": 0.8666666666666667,
    "mean_logistic_slope": 1.5033081888239848,
    "logistic_significant_rate": 0.8333333333333334,
    "mean_isotonic_r2": 0.6959109430932168,
    "mean_kendall_tau_abs": 0.47005481455038356,
    "mean_spearman_rho_abs": 0.5774415761670869,
    "mean_logistic_slope_abs": 1.5033081888239848,
    "mean_isotonic_r2_bidirectional": 0.6959109430932168,
    "frac_inferred_increasing": 0.9333333333333333,
    "frac_inferred_decreasing": 0.0,
    "mean_bootstrap_mono_prob": 0.13636666666666666,
    "mean_prob_range": 0.6966666666666667
  },
  "per_variation_set": [
    {
      "variation_id": "Religion and spirituality_1357",
      "category": "Religion and spirituality",
      "identified_property": "depth and sincerity of Buddhist practice among new adherents",
      "valence": "positive",
      "n_comparisons": 30,
      "n_monotonic": 3,
      "monotonicity_rate": 0.1,
      "n_monotonic_decreasing": 2,
      "monotonicity_rate_decreasing": 0.06666666666666667,
      "set_inferred_direction": 1,
      "n_monotonic_inferred_direction": 3,
      "monotonicity_rate_inferred_direction": 0.1,
      "n_erratic_flips": 8,
      "erratic_flip_rate": 0.26666666666666666,
      "mean_kendall_tau": 0.4948126196718628,
      "mean_spearman_rho": 0.6295964213942319,
      "jt_significant_rate": 0.8666666666666667,
      "mean_logistic_slope": 1.5033081888239848,
      "logistic_significant_rate": 0.8333333333333334,
      "mean_isotonic_r2": 0.6959109430932168,
      "mean_kendall_tau_abs": 0.47005481455038356,
      "mean_spearman_rho_abs": 0.5774415761670869,
      "mean_logistic_slope_abs": 1.5033081888239848,
      "mean_isotonic_r2_bidirectional": 0.6959109430932168,
      "frac_inferred_increasing": 0.9333333333333333,
      "frac_inferred_decreasing": 0.0,
      "mean_bootstrap_mono_prob": 0.13636666666666666,
      "mean_significant_violations": 0.8333333333333334,
      "mean_prob_range": 0.6966666666666667
    }
  ]
}