{
  "model": "gpt-54-mini-thinking",
  "category": "Religion and spirituality",
  "aggregate": {
    "n_variation_sets": 1,
    "n_total_comparisons": 30,
    "n_tiers": 7,
    "monotonicity_rate": 0.3,
    "erratic_flip_rate": 0.0,
    "mean_kendall_tau": 0.7341676124557164,
    "mean_spearman_rho": 0.8434398046114829,
    "jt_significant_rate": 0.9333333333333333,
    "mean_logistic_slope": 4.6405224394306295,
    "logistic_significant_rate": 0.8333333333333334,
    "mean_isotonic_r2": 0.9594849400140048,
    "mean_kendall_tau_abs": 0.7060991996649285,
    "mean_spearman_rho_abs": 0.7989950161225574,
    "mean_logistic_slope_abs": 4.6405224394306295,
    "mean_isotonic_r2_bidirectional": 0.9594849400140048,
    "frac_inferred_increasing": 0.9666666666666667,
    "frac_inferred_decreasing": 0.0,
    "mean_bootstrap_mono_prob": 0.3773999999999999,
    "mean_prob_range": 0.8224561403508771
  },
  "per_variation_set": [
    {
      "variation_id": "Religion and spirituality_1357",
      "category": "Religion and spirituality",
      "identified_property": "depth and sincerity of Buddhist practice among new adherents",
      "valence": "positive",
      "n_comparisons": 30,
      "n_monotonic": 9,
      "monotonicity_rate": 0.3,
      "n_monotonic_decreasing": 1,
      "monotonicity_rate_decreasing": 0.03333333333333333,
      "set_inferred_direction": 1,
      "n_monotonic_inferred_direction": 9,
      "monotonicity_rate_inferred_direction": 0.3,
      "n_erratic_flips": 0,
      "erratic_flip_rate": 0.0,
      "mean_kendall_tau": 0.7341676124557164,
      "mean_spearman_rho": 0.8434398046114829,
      "jt_significant_rate": 0.9333333333333333,
      "mean_logistic_slope": 4.6405224394306295,
      "logistic_significant_rate": 0.8333333333333334,
      "mean_isotonic_r2": 0.9594849400140048,
      "mean_kendall_tau_abs": 0.7060991996649285,
      "mean_spearman_rho_abs": 0.7989950161225574,
      "mean_logistic_slope_abs": 4.6405224394306295,
      "mean_isotonic_r2_bidirectional": 0.9594849400140048,
      "frac_inferred_increasing": 0.9666666666666667,
      "frac_inferred_decreasing": 0.0,
      "mean_bootstrap_mono_prob": 0.3773999999999999,
      "mean_significant_violations": 0.1,
      "mean_prob_range": 0.8224561403508771
    }
  ]
}