{
  "model": "nemotron-3-super-thinking",
  "category": "Religion and spirituality",
  "aggregate": {
    "n_variation_sets": 1,
    "n_total_comparisons": 30,
    "n_tiers": 7,
    "monotonicity_rate": 0.5333333333333333,
    "erratic_flip_rate": 0.0,
    "mean_kendall_tau": 0.7791720565425925,
    "mean_spearman_rho": 0.8825022660288889,
    "jt_significant_rate": 0.9666666666666667,
    "mean_logistic_slope": 6.549482082873873,
    "logistic_significant_rate": 0.7666666666666667,
    "mean_isotonic_r2": 0.9829481085043643,
    "mean_kendall_tau_abs": 0.7390482739150173,
    "mean_spearman_rho_abs": 0.836810911495291,
    "mean_logistic_slope_abs": 6.549482082873873,
    "mean_isotonic_r2_bidirectional": 0.9829481085043643,
    "frac_inferred_increasing": 0.9666666666666667,
    "frac_inferred_decreasing": 0.0,
    "mean_bootstrap_mono_prob": 0.5710500000000001,
    "mean_prob_range": 0.8643833333333332
  },
  "per_variation_set": [
    {
      "variation_id": "Religion and spirituality_1357",
      "category": "Religion and spirituality",
      "identified_property": "depth and sincerity of Buddhist practice among new adherents",
      "valence": "positive",
      "n_comparisons": 30,
      "n_monotonic": 16,
      "monotonicity_rate": 0.5333333333333333,
      "n_monotonic_decreasing": 1,
      "monotonicity_rate_decreasing": 0.03333333333333333,
      "set_inferred_direction": 1,
      "n_monotonic_inferred_direction": 16,
      "monotonicity_rate_inferred_direction": 0.5333333333333333,
      "n_erratic_flips": 0,
      "erratic_flip_rate": 0.0,
      "mean_kendall_tau": 0.7791720565425925,
      "mean_spearman_rho": 0.8825022660288889,
      "jt_significant_rate": 0.9666666666666667,
      "mean_logistic_slope": 6.549482082873873,
      "logistic_significant_rate": 0.7666666666666667,
      "mean_isotonic_r2": 0.9829481085043643,
      "mean_kendall_tau_abs": 0.7390482739150173,
      "mean_spearman_rho_abs": 0.836810911495291,
      "mean_logistic_slope_abs": 6.549482082873873,
      "mean_isotonic_r2_bidirectional": 0.9829481085043643,
      "frac_inferred_increasing": 0.9666666666666667,
      "frac_inferred_decreasing": 0.0,
      "mean_bootstrap_mono_prob": 0.5710500000000001,
      "mean_significant_violations": 0.0,
      "mean_prob_range": 0.8643833333333332
    }
  ]
}