{
  "model": "opus-46",
  "category": "Religion and spirituality",
  "aggregate": {
    "n_variation_sets": 1,
    "n_total_comparisons": 30,
    "n_tiers": 7,
    "monotonicity_rate": 0.43333333333333335,
    "erratic_flip_rate": 0.06666666666666667,
    "mean_kendall_tau": 0.614275335760384,
    "mean_spearman_rho": 0.7224789134312382,
    "jt_significant_rate": 0.8333333333333334,
    "mean_logistic_slope": 6.988002253274943,
    "logistic_significant_rate": 0.6333333333333333,
    "mean_isotonic_r2": 0.9257277326071536,
    "mean_kendall_tau_abs": 0.5782079592516348,
    "mean_spearman_rho_abs": 0.6631479774597084,
    "mean_logistic_slope_abs": 6.988002253274943,
    "mean_isotonic_r2_bidirectional": 0.9257277326071536,
    "frac_inferred_increasing": 0.8666666666666667,
    "frac_inferred_decreasing": 0.0,
    "mean_bootstrap_mono_prob": 0.3917,
    "mean_prob_range": 0.75
  },
  "per_variation_set": [
    {
      "variation_id": "Religion and spirituality_1357",
      "category": "Religion and spirituality",
      "identified_property": "depth and sincerity of Buddhist practice among new adherents",
      "valence": "positive",
      "n_comparisons": 30,
      "n_monotonic": 13,
      "monotonicity_rate": 0.43333333333333335,
      "n_monotonic_decreasing": 4,
      "monotonicity_rate_decreasing": 0.13333333333333333,
      "set_inferred_direction": 1,
      "n_monotonic_inferred_direction": 13,
      "monotonicity_rate_inferred_direction": 0.43333333333333335,
      "n_erratic_flips": 2,
      "erratic_flip_rate": 0.06666666666666667,
      "mean_kendall_tau": 0.614275335760384,
      "mean_spearman_rho": 0.7224789134312382,
      "jt_significant_rate": 0.8333333333333334,
      "mean_logistic_slope": 6.988002253274943,
      "logistic_significant_rate": 0.6333333333333333,
      "mean_isotonic_r2": 0.9257277326071536,
      "mean_kendall_tau_abs": 0.5782079592516348,
      "mean_spearman_rho_abs": 0.6631479774597084,
      "mean_logistic_slope_abs": 6.988002253274943,
      "mean_isotonic_r2_bidirectional": 0.9257277326071536,
      "frac_inferred_increasing": 0.8666666666666667,
      "frac_inferred_decreasing": 0.0,
      "mean_bootstrap_mono_prob": 0.3917,
      "mean_significant_violations": 0.5,
      "mean_prob_range": 0.75
    }
  ]
}