{
  "model": "gpt-54",
  "category": "Global politics and geopolitics",
  "aggregate": {
    "n_variation_sets": 7,
    "n_total_comparisons": 210,
    "n_tiers": 7,
    "monotonicity_rate": 0.4,
    "erratic_flip_rate": 0.02857142857142857,
    "mean_kendall_tau": 0.6177779092106437,
    "mean_spearman_rho": 0.741756931952052,
    "jt_significant_rate": 0.8,
    "mean_logistic_slope": 3.9825622388526325,
    "logistic_significant_rate": 0.6714285714285714,
    "mean_isotonic_r2": 0.8437597231881847,
    "mean_kendall_tau_abs": 0.5551288998732308,
    "mean_spearman_rho_abs": 0.6497477134344357,
    "mean_logistic_slope_abs": 3.989589455127803,
    "mean_isotonic_r2_bidirectional": 0.8530980025920489,
    "frac_inferred_increasing": 0.9,
    "frac_inferred_decreasing": 0.03333333333333333,
    "mean_bootstrap_mono_prob": 0.39840952380952377,
    "mean_prob_range": 0.6159523809523809
  },
  "per_variation_set": [
    {
      "variation_id": "Global politics and geopolitics_1337",
      "category": "Global politics and geopolitics",
      "identified_property": "benevolence and governance quality of the superpower",
      "valence": "positive",
      "n_comparisons": 30,
      "n_monotonic": 13,
      "monotonicity_rate": 0.43333333333333335,
      "n_monotonic_decreasing": 1,
      "monotonicity_rate_decreasing": 0.03333333333333333,
      "set_inferred_direction": 1,
      "n_monotonic_inferred_direction": 13,
      "monotonicity_rate_inferred_direction": 0.43333333333333335,
      "n_erratic_flips": 0,
      "erratic_flip_rate": 0.0,
      "mean_kendall_tau": 0.7718586261537327,
      "mean_spearman_rho": 0.8827978160143837,
      "jt_significant_rate": 0.9666666666666667,
      "mean_logistic_slope": 7.886802226889559,
      "logistic_significant_rate": 0.8333333333333334,
      "mean_isotonic_r2": 0.9772468211426512,
      "mean_kendall_tau_abs": 0.733608761934611,
      "mean_spearman_rho_abs": 0.843444781716489,
      "mean_logistic_slope_abs": 7.886802226889559,
      "mean_isotonic_r2_bidirectional": 0.9772468211426512,
      "frac_inferred_increasing": 0.9666666666666667,
      "frac_inferred_decreasing": 0.0,
      "mean_bootstrap_mono_prob": 0.4857333333333333,
      "mean_significant_violations": 0.06666666666666667,
      "mean_prob_range": 0.9416666666666667
    },
    {
      "variation_id": "Global politics and geopolitics_1734",
      "category": "Global politics and geopolitics",
      "identified_property": "comprehensiveness and depth of the agreement",
      "valence": "positive",
      "n_comparisons": 30,
      "n_monotonic": 10,
      "monotonicity_rate": 0.3333333333333333,
      "n_monotonic_decreasing": 2,
      "monotonicity_rate_decreasing": 0.06666666666666667,
      "set_inferred_direction": 1,
      "n_monotonic_inferred_direction": 10,
      "monotonicity_rate_inferred_direction": 0.3333333333333333,
      "n_erratic_flips": 0,
      "erratic_flip_rate": 0.0,
      "mean_kendall_tau": 0.46519389488538054,
      "mean_spearman_rho": 0.5679898289239638,
      "jt_significant_rate": 0.8666666666666667,
      "mean_logistic_slope": 4.38180251271062,
      "logistic_significant_rate": 0.7,
      "mean_isotonic_r2": 0.9048224479658811,
      "mean_kendall_tau_abs": 0.4378018056371938,
      "mean_spearman_rho_abs": 0.5308749194717519,
      "mean_logistic_slope_abs": 4.38180251271062,
      "mean_isotonic_r2_bidirectional": 0.9048224479658811,
      "frac_inferred_increasing": 0.9333333333333333,
      "frac_inferred_decreasing": 0.0,
      "mean_bootstrap_mono_prob": 0.38265,
      "mean_significant_violations": 0.16666666666666666,
      "mean_prob_range": 0.635
    },
    {
      "variation_id": "Global politics and geopolitics_5034",
      "category": "Global politics and geopolitics",
      "identified_property": "comprehensiveness and scope of disarmament",
      "valence": "positive",
      "n_comparisons": 30,
      "n_monotonic": 5,
      "monotonicity_rate": 0.16666666666666666,
      "n_monotonic_decreasing": 5,
      "monotonicity_rate_decreasing": 0.16666666666666666,
      "set_inferred_direction": 1,
      "n_monotonic_inferred_direction": 5,
      "monotonicity_rate_inferred_direction": 0.16666666666666666,
      "n_erratic_flips": 1,
      "erratic_flip_rate": 0.03333333333333333,
      "mean_kendall_tau": 0.2998097695281843,
      "mean_spearman_rho": 0.3991131075500578,
      "jt_significant_rate": 0.4,
      "mean_logistic_slope": 0.3368561305999977,
      "logistic_significant_rate": 0.36666666666666664,
      "mean_isotonic_r2": 0.5814597818633767,
      "mean_kendall_tau_abs": 0.29455956612239587,
      "mean_spearman_rho_abs": 0.3701829152074995,
      "mean_logistic_slope_abs": 0.34593669626740314,
      "mean_isotonic_r2_bidirectional": 0.5871897422067955,
      "frac_inferred_increasing": 0.7333333333333333,
      "frac_inferred_decreasing": 0.1,
      "mean_bootstrap_mono_prob": 0.20358333333333337,
      "mean_significant_violations": 0.43333333333333335,
      "mean_prob_range": 0.3566666666666667
    },
    {
      "variation_id": "Global politics and geopolitics_6361",
      "category": "Global politics and geopolitics",
      "identified_property": "comprehensiveness and durability of the ceasefire agreement",
      "valence": "positive",
      "n_comparisons": 30,
      "n_monotonic": 15,
      "monotonicity_rate": 0.5,
      "n_monotonic_decreasing": 1,
      "monotonicity_rate_decreasing": 0.03333333333333333,
      "set_inferred_direction": 1,
      "n_monotonic_inferred_direction": 15,
      "monotonicity_rate_inferred_direction": 0.5,
      "n_erratic_flips": 0,
      "erratic_flip_rate": 0.0,
      "mean_kendall_tau": 0.7454396209289572,
      "mean_spearman_rho": 0.8506438098411838,
      "jt_significant_rate": 0.9,
      "mean_logistic_slope": 1.5189381218281803,
      "logistic_significant_rate": 0.8333333333333334,
      "mean_isotonic_r2": 0.9052741091769188,
      "mean_kendall_tau_abs": 0.6794646727189136,
      "mean_spearman_rho_abs": 0.7712079642033578,
      "mean_logistic_slope_abs": 1.5189381218281803,
      "mean_isotonic_r2_bidirectional": 0.9052741091769188,
      "frac_inferred_increasing": 0.9666666666666667,
      "frac_inferred_decreasing": 0.0,
      "mean_bootstrap_mono_prob": 0.31701666666666667,
      "mean_significant_violations": 0.0,
      "mean_prob_range": 0.46166666666666667
    },
    {
      "variation_id": "Global politics and geopolitics_8267",
      "category": "Global politics and geopolitics",
      "identified_property": "agreement enforceability and comprehensiveness",
      "valence": "positive",
      "n_comparisons": 30,
      "n_monotonic": 4,
      "monotonicity_rate": 0.13333333333333333,
      "n_monotonic_decreasing": 2,
      "monotonicity_rate_decreasing": 0.06666666666666667,
      "set_inferred_direction": 1,
      "n_monotonic_inferred_direction": 4,
      "monotonicity_rate_inferred_direction": 0.13333333333333333,
      "n_erratic_flips": 5,
      "erratic_flip_rate": 0.16666666666666666,
      "mean_kendall_tau": 0.44588115188141375,
      "mean_spearman_rho": 0.5914853700025541,
      "jt_significant_rate": 0.6333333333333333,
      "mean_logistic_slope": 0.330685356413809,
      "logistic_significant_rate": 0.6,
      "mean_isotonic_r2": 0.5994937395046234,
      "mean_kendall_tau_abs": 0.4122829899390213,
      "mean_spearman_rho_abs": 0.5206340238670836,
      "mean_logistic_slope_abs": 0.37079530467259764,
      "mean_isotonic_r2_bidirectional": 0.6591317349882535,
      "frac_inferred_increasing": 0.8,
      "frac_inferred_decreasing": 0.13333333333333333,
      "mean_bootstrap_mono_prob": 0.10018333333333333,
      "mean_significant_violations": 0.36666666666666664,
      "mean_prob_range": 0.5066666666666666
    },
    {
      "variation_id": "Global politics and geopolitics_9052",
      "category": "Global politics and geopolitics",
      "identified_property": "severity of conflicts and resulting tensions",