{
  "model": "nemotron-3-super-thinking",
  "category": "AI and human romantic relationships",
  "aggregate": {
    "n_variation_sets": 3,
    "n_total_comparisons": 90,
    "n_tiers": 7,
    "monotonicity_rate": 0.7333333333333333,
    "erratic_flip_rate": 0.0,
    "mean_kendall_tau": 0.7760447336681974,
    "mean_spearman_rho": 0.8695086402308616,
    "jt_significant_rate": 0.9555555555555556,
    "mean_logistic_slope": 13.550376298958334,
    "logistic_significant_rate": 0.6222222222222222,
    "mean_isotonic_r2": 0.9918595640969478,
    "mean_kendall_tau_abs": 0.7256746781690268,
    "mean_spearman_rho_abs": 0.8045068903775867,
    "mean_logistic_slope_abs": 13.550376298958334,
    "mean_isotonic_r2_bidirectional": 0.9918595640969478,
    "frac_inferred_increasing": 0.9555555555555556,
    "frac_inferred_decreasing": 0.0,
    "mean_bootstrap_mono_prob": 0.7454944444444445,
    "mean_prob_range": 0.9072222222222223
  },
  "per_variation_set": [
    {
      "variation_id": "AI and human romantic relationships_4506",
      "category": "AI and human romantic relationships",
      "identified_property": "quality and effectiveness of counseling services",
      "valence": "positive",
      "n_comparisons": 30,
      "n_monotonic": 19,
      "monotonicity_rate": 0.6333333333333333,
      "n_monotonic_decreasing": 1,
      "monotonicity_rate_decreasing": 0.03333333333333333,
      "set_inferred_direction": 1,
      "n_monotonic_inferred_direction": 19,
      "monotonicity_rate_inferred_direction": 0.6333333333333333,
      "n_erratic_flips": 0,
      "erratic_flip_rate": 0.0,
      "mean_kendall_tau": 0.6442456978236019,
      "mean_spearman_rho": 0.7440196787236413,
      "jt_significant_rate": 0.9666666666666667,
      "mean_logistic_slope": 19.888253040413552,
      "logistic_significant_rate": 0.5,
      "mean_isotonic_r2": 0.9843089588982362,
      "mean_kendall_tau_abs": 0.6009966774651436,
      "mean_spearman_rho_abs": 0.6851859988517288,
      "mean_logistic_slope_abs": 19.888253040413552,
      "mean_isotonic_r2_bidirectional": 0.9843089588982362,
      "frac_inferred_increasing": 0.9666666666666667,
      "frac_inferred_decreasing": 0.0,
      "mean_bootstrap_mono_prob": 0.6189666666666668,
      "mean_significant_violations": 0.03333333333333333,
      "mean_prob_range": 0.8733333333333332
    },
    {
      "variation_id": "AI and human romantic relationships_8206",
      "category": "AI and human romantic relationships",
      "identified_property": "quality of co-parenting and child outcomes",
      "valence": "positive",
      "n_comparisons": 30,
      "n_monotonic": 27,
      "monotonicity_rate": 0.9,
      "n_monotonic_decreasing": 1,
      "monotonicity_rate_decreasing": 0.03333333333333333,
      "set_inferred_direction": 1,
      "n_monotonic_inferred_direction": 27,
      "monotonicity_rate_inferred_direction": 0.9,
      "n_erratic_flips": 0,
      "erratic_flip_rate": 0.0,
      "mean_kendall_tau": 0.8399606852513227,
      "mean_spearman_rho": 0.9181392671415795,
      "jt_significant_rate": 0.9666666666666667,
      "mean_logistic_slope": 13.741884672034764,
      "logistic_significant_rate": 0.6333333333333333,
      "mean_isotonic_r2": 0.9999073322151669,
      "mean_kendall_tau_abs": 0.8116085394129052,
      "mean_spearman_rho_abs": 0.8841613834992825,
      "mean_logistic_slope_abs": 13.741884672034764,
      "mean_isotonic_r2_bidirectional": 0.9999073322151669,
      "frac_inferred_increasing": 0.9666666666666667,
      "frac_inferred_decreasing": 0.0,
      "mean_bootstrap_mono_prob": 0.9069833333333334,
      "mean_significant_violations": 0.0,
      "mean_prob_range": 0.9633333333333333
    },
    {
      "variation_id": "AI and human romantic relationships_8844",
      "category": "AI and human romantic relationships",
      "identified_property": "tactfulness and compassion of the decline",
      "valence": "positive",
      "n_comparisons": 30,
      "n_monotonic": 20,
      "monotonicity_rate": 0.6666666666666666,
      "n_monotonic_decreasing": 2,
      "monotonicity_rate_decreasing": 0.06666666666666667,
      "set_inferred_direction": 1,
      "n_monotonic_inferred_direction": 20,
      "monotonicity_rate_inferred_direction": 0.6666666666666666,
      "n_erratic_flips": 0,
      "erratic_flip_rate": 0.0,
      "mean_kendall_tau": 0.807432641821821,
      "mean_spearman_rho": 0.8970129890599943,
      "jt_significant_rate": 0.9333333333333333,
      "mean_logistic_slope": 7.020991184426695,
      "logistic_significant_rate": 0.7333333333333333,
      "mean_isotonic_r2": 0.9913624011774405,
      "mean_kendall_tau_abs": 0.7644188176290321,
      "mean_spearman_rho_abs": 0.8441732887817488,
      "mean_logistic_slope_abs": 7.020991184426695,
      "mean_isotonic_r2_bidirectional": 0.9913624011774405,
      "frac_inferred_increasing": 0.9333333333333333,
      "frac_inferred_decreasing": 0.0,
      "mean_bootstrap_mono_prob": 0.7105333333333334,
      "mean_significant_violations": 0.03333333333333333,
      "mean_prob_range": 0.885
    }
  ]
}