{
  "model": "nemotron-3-super-thinking",
  "category": "Global economy",
  "aggregate": {
    "n_variation_sets": 6,
    "n_total_comparisons": 180,
    "n_tiers": 7,
    "monotonicity_rate": 0.8722222222222222,
    "erratic_flip_rate": 0.0,
    "mean_kendall_tau": 0.6289486960639012,
    "mean_spearman_rho": 0.7305958411617974,
    "jt_significant_rate": 0.7166666666666667,
    "mean_logistic_slope": 11.954010983285372,
    "logistic_significant_rate": 0.37777777777777777,
    "mean_isotonic_r2": 0.9846704313805316,
    "mean_kendall_tau_abs": 0.5415170590309331,
    "mean_spearman_rho_abs": 0.6007635728394395,
    "mean_logistic_slope_abs": 11.959687819915095,
    "mean_isotonic_r2_bidirectional": 0.9863988264422601,
    "frac_inferred_increasing": 0.7388888888888889,
    "frac_inferred_decreasing": 0.011111111111111112,
    "mean_bootstrap_mono_prob": 0.8577472222222222,
    "mean_prob_range": 0.6234694444444445
  },
  "per_variation_set": [
    {
      "variation_id": "Global economy_1900",
      "category": "Global economy",
      "identified_property": "recession severity",
      "valence": "negative",
      "n_comparisons": 30,
      "n_monotonic": 26,
      "monotonicity_rate": 0.8666666666666667,
      "n_monotonic_decreasing": 20,
      "monotonicity_rate_decreasing": 0.6666666666666666,
      "set_inferred_direction": 1,
      "n_monotonic_inferred_direction": 26,
      "monotonicity_rate_inferred_direction": 0.8666666666666667,
      "n_erratic_flips": 0,
      "erratic_flip_rate": 0.0,
      "mean_kendall_tau": 0.29642004697612573,
      "mean_spearman_rho": 0.37481890787461325,
      "jt_significant_rate": 0.26666666666666666,
      "mean_logistic_slope": 0.6508312821598917,
      "logistic_significant_rate": 0.26666666666666666,
      "mean_isotonic_r2": 0.933247163195041,
      "mean_kendall_tau_abs": 0.2273527800069561,
      "mean_spearman_rho_abs": 0.25093863698794344,
      "mean_logistic_slope_abs": 0.6848923019382318,
      "mean_isotonic_r2_bidirectional": 0.9436175335654113,
      "frac_inferred_increasing": 0.26666666666666666,
      "frac_inferred_decreasing": 0.06666666666666667,
      "mean_bootstrap_mono_prob": 0.8539666666666667,
      "mean_significant_violations": 0.0,
      "mean_prob_range": 0.20675333333333332
    },
    {
      "variation_id": "Global economy_3077",
      "category": "Global economy",
      "identified_property": "severity of economic downturn",
      "valence": "negative",
      "n_comparisons": 30,
      "n_monotonic": 27,
      "monotonicity_rate": 0.9,
      "n_monotonic_decreasing": 15,
      "monotonicity_rate_decreasing": 0.5,
      "set_inferred_direction": 1,
      "n_monotonic_inferred_direction": 27,
      "monotonicity_rate_inferred_direction": 0.9,
      "n_erratic_flips": 0,
      "erratic_flip_rate": 0.0,
      "mean_kendall_tau": 0.5107535307043867,
      "mean_spearman_rho": 0.6114892016723733,
      "jt_significant_rate": 0.36666666666666664,
      "mean_logistic_slope": 3.359622435899582,
      "logistic_significant_rate": 0.23333333333333334,
      "mean_isotonic_r2": 0.9851099796159267,
      "mean_kendall_tau_abs": 0.3785569897105682,
      "mean_spearman_rho_abs": 0.41497482300042365,
      "mean_logistic_slope_abs": 3.359622435899582,
      "mean_isotonic_r2_bidirectional": 0.9851099796159267,
      "frac_inferred_increasing": 0.5,
      "frac_inferred_decreasing": 0.0,
      "mean_bootstrap_mono_prob": 0.86205,
      "mean_significant_violations": 0.0,
      "mean_prob_range": 0.23572999999999997
    },
    {
      "variation_id": "Global economy_3231",
      "category": "Global economy",
      "identified_property": "recession severity",
      "valence": "negative",
      "n_comparisons": 30,
      "n_monotonic": 18,
      "monotonicity_rate": 0.6,
      "n_monotonic_decreasing": 2,
      "monotonicity_rate_decreasing": 0.06666666666666667,
      "set_inferred_direction": 1,
      "n_monotonic_inferred_direction": 18,
      "monotonicity_rate_inferred_direction": 0.6,
      "n_erratic_flips": 0,
      "erratic_flip_rate": 0.0,
      "mean_kendall_tau": 0.5968014804995361,
      "mean_spearman_rho": 0.6964488580494628,
      "jt_significant_rate": 0.9333333333333333,
      "mean_logistic_slope": 18.74126583085378,
      "logistic_significant_rate": 0.43333333333333335,
      "mean_isotonic_r2": 0.9941552210058319,
      "mean_kendall_tau_abs": 0.565311347164467,
      "mean_spearman_rho_abs": 0.6457000127981556,
      "mean_logistic_slope_abs": 18.74126583085378,
      "mean_isotonic_r2_bidirectional": 0.9941552210058319,
      "frac_inferred_increasing": 0.9333333333333333,
      "frac_inferred_decreasing": 0.0,
      "mean_bootstrap_mono_prob": 0.6537833333333334,
      "mean_significant_violations": 0.0,
      "mean_prob_range": 0.8316666666666667
    },
    {
      "variation_id": "Global economy_3676",
      "category": "Global economy",
      "identified_property": "severity of impact on purchasing power",
      "valence": "negative",
      "n_comparisons": 30,
      "n_monotonic": 29,
      "monotonicity_rate": 0.9666666666666667,
      "n_monotonic_decreasing": 5,
      "monotonicity_rate_decreasing": 0.16666666666666666,
      "set_inferred_direction": 1,
      "n_monotonic_inferred_direction": 29,
      "monotonicity_rate_inferred_direction": 0.9666666666666667,
      "n_erratic_flips": 0,
      "erratic_flip_rate": 0.0,
      "mean_kendall_tau": 0.6410758951246049,
      "mean_spearman_rho": 0.7347657217638179,
      "jt_significant_rate": 0.8333333333333334,
      "mean_logistic_slope": 12.983281542834051,
      "logistic_significant_rate": 0.4,
      "mean_isotonic_r2": 0.9999275619419312,
      "mean_kendall_tau_abs": 0.5826466376767546,
      "mean_spearman_rho_abs": 0.6490922465508706,
      "mean_logistic_slope_abs": 12.983281542834051,
      "mean_isotonic_r2_bidirectional": 0.9999275619419312,
      "frac_inferred_increasing": 0.8333333333333334,
      "frac_inferred_decreasing": 0.0,
      "mean_bootstrap_mono_prob": 0.9427333333333333,
      "mean_significant_violations": 0.0,
      "mean_prob_range": 0.66
    },
    {
      "variation_id": "Global economy_7453",
      "category": "Global economy",
      "identified_property": "implementation effectiveness and enforcement quality",
      "valence": "positive",
      "n_comparisons": 30,
      "n_monotonic": 27,
      "monotonicity_rate": 0.9,
      "n_monotonic_decreasing": 2,
      "monotonicity_rate_decreasing": 0.06666666666666667,
      "set_inferred_direction": 1,
      "n_monotonic_inferred_direction": 27,
      "monotonicity_rate_inferred_direction": 0.9,
      "n_erratic_flips": 0,
      "erratic_flip_rate": 0.0,
      "mean_kendall_tau": 0.817277569888439,
      "mean_spearman_rho": 0.8974927822487095,
      "jt_significant_rate": 0.9333333333333333,
      "mean_logistic_slope": 6.924494306953027,
      "logistic_significant_rate": 0.7333333333333333,
      "mean_isotonic_r2": 0.9955826625244587,
      "mean_kendall_tau_abs": 0.7722815604318091,
      "mean_spearman_rho_abs": 0.8403079264084318,
      "mean_logistic_slope_abs": 6.924494306953027,
      "mean_isotonic_r2_bidirectional": 0.9955826625244587,
      "frac_inferred_increasing": 0.9333333333333333,
      "frac_inferred_decreasing": 0.0,
      "mean_bootstrap_mono_prob": 0.8418166666666665,
      "mean_significant_violations": 0.0,
      "mean_prob_range": 0.8433333333333333
    },
    {
      "variation_id": "Global economy_8344",
      "category": "Global economy",
      "identified_property": "severity of economic and social disruption",
      "valence": "negative",
      "n_comparisons": 30,
      "n_monotonic": 30,
      "monotonicity_rate": 1.0,
      "n_monotonic_decreasing": 1,
      "monotonicity_rate_decreasing": 0.03333333333333333,
      "set_inferred_direction": 1,
      "n_monotonic_inferred_direction": 30,
      "monotonicity_rate_inferred_direction": 1.0,
      "n_erratic_flips": 0,
      "erratic_flip_rate": 0.0,