{
  "model": "nemotron-3-super-thinking",
  "category": "Global politics and geopolitics",
  "aggregate": {
    "n_variation_sets": 7,
    "n_total_comparisons": 210,
    "n_tiers": 7,
    "monotonicity_rate": 0.8380952380952381,
    "erratic_flip_rate": 0.0,
    "mean_kendall_tau": 0.580899458426975,
    "mean_spearman_rho": 0.6876750289389788,
    "jt_significant_rate": 0.6333333333333333,
    "mean_logistic_slope": 10.967728374014518,
    "logistic_significant_rate": 0.2857142857142857,
    "mean_isotonic_r2": 0.9636146587939467,
    "mean_kendall_tau_abs": 0.5000810761337378,
    "mean_spearman_rho_abs": 0.5614626952817299,
    "mean_logistic_slope_abs": 10.967728374014518,
    "mean_isotonic_r2_bidirectional": 0.9636146587939467,
    "frac_inferred_increasing": 0.7095238095238096,
    "frac_inferred_decreasing": 0.004761904761904762,
    "mean_bootstrap_mono_prob": 0.8500285714285712,
    "mean_prob_range": 0.4731114285714285
  },
  "per_variation_set": [
    {
      "variation_id": "Global politics and geopolitics_1337",
      "category": "Global politics and geopolitics",
      "identified_property": "benevolence and governance quality of the superpower",
      "valence": "positive",
      "n_comparisons": 30,
      "n_monotonic": 29,
      "monotonicity_rate": 0.9666666666666667,
      "n_monotonic_decreasing": 1,
      "monotonicity_rate_decreasing": 0.03333333333333333,
      "set_inferred_direction": 1,
      "n_monotonic_inferred_direction": 29,
      "monotonicity_rate_inferred_direction": 0.9666666666666667,
      "n_erratic_flips": 0,
      "erratic_flip_rate": 0.0,
      "mean_kendall_tau": 0.7945007254898303,
      "mean_spearman_rho": 0.8905592448275907,
      "jt_significant_rate": 0.9666666666666667,
      "mean_logistic_slope": 33.866994434688735,
      "logistic_significant_rate": 0.13333333333333333,
      "mean_isotonic_r2": 0.9999715030125387,
      "mean_kendall_tau_abs": 0.771881212873446,
      "mean_spearman_rho_abs": 0.8635957300444873,
      "mean_logistic_slope_abs": 33.866994434688735,
      "mean_isotonic_r2_bidirectional": 0.9999715030125387,
      "frac_inferred_increasing": 0.9666666666666667,
      "frac_inferred_decreasing": 0.0,
      "mean_bootstrap_mono_prob": 0.9761500000000001,
      "mean_significant_violations": 0.0,
      "mean_prob_range": 0.9666666666666667
    },
    {
      "variation_id": "Global politics and geopolitics_1734",
      "category": "Global politics and geopolitics",
      "identified_property": "comprehensiveness and depth of the agreement",
      "valence": "positive",
      "n_comparisons": 30,
      "n_monotonic": 28,
      "monotonicity_rate": 0.9333333333333333,
      "n_monotonic_decreasing": 17,
      "monotonicity_rate_decreasing": 0.5666666666666667,
      "set_inferred_direction": 1,
      "n_monotonic_inferred_direction": 28,
      "monotonicity_rate_inferred_direction": 0.9333333333333333,
      "n_erratic_flips": 0,
      "erratic_flip_rate": 0.0,
      "mean_kendall_tau": 0.3405931181439732,
      "mean_spearman_rho": 0.4157921656126644,
      "jt_significant_rate": 0.4,
      "mean_logistic_slope": 4.308722411122612,
      "logistic_significant_rate": 0.23333333333333334,
      "mean_isotonic_r2": 0.9987141764136123,
      "mean_kendall_tau_abs": 0.28563689463495207,
      "mean_spearman_rho_abs": 0.3254807618595733,
      "mean_logistic_slope_abs": 4.308722411122612,
      "mean_isotonic_r2_bidirectional": 0.9987141764136123,
      "frac_inferred_increasing": 0.43333333333333335,
      "frac_inferred_decreasing": 0.0,
      "mean_bootstrap_mono_prob": 0.9226166666666666,
      "mean_significant_violations": 0.0,
      "mean_prob_range": 0.2233333333333333
    },
    {
      "variation_id": "Global politics and geopolitics_5034",
      "category": "Global politics and geopolitics",
      "identified_property": "comprehensiveness and scope of disarmament",
      "valence": "positive",
      "n_comparisons": 30,
      "n_monotonic": 23,
      "monotonicity_rate": 0.7666666666666667,
      "n_monotonic_decreasing": 19,
      "monotonicity_rate_decreasing": 0.6333333333333333,
      "set_inferred_direction": 1,
      "n_monotonic_inferred_direction": 23,
      "monotonicity_rate_inferred_direction": 0.7666666666666667,
      "n_erratic_flips": 0,
      "erratic_flip_rate": 0.0,
      "mean_kendall_tau": 0.2634874817016236,
      "mean_spearman_rho": 0.3241995932929098,
      "jt_significant_rate": 0.23333333333333334,
      "mean_logistic_slope": 1.7044504224748802,
      "logistic_significant_rate": 0.13333333333333333,
      "mean_isotonic_r2": 0.9194933205261158,
      "mean_kendall_tau_abs": 0.21259656029888815,
      "mean_spearman_rho_abs": 0.2414737030237953,
      "mean_logistic_slope_abs": 1.7044504224748802,
      "mean_isotonic_r2_bidirectional": 0.9194933205261158,
      "frac_inferred_increasing": 0.36666666666666664,
      "frac_inferred_decreasing": 0.0,
      "mean_bootstrap_mono_prob": 0.8053,
      "mean_significant_violations": 0.0,
      "mean_prob_range": 0.11017666666666666
    },
    {
      "variation_id": "Global politics and geopolitics_6361",
      "category": "Global politics and geopolitics",
      "identified_property": "comprehensiveness and durability of the ceasefire agreement",
      "valence": "positive",
      "n_comparisons": 30,
      "n_monotonic": 25,
      "monotonicity_rate": 0.8333333333333334,
      "n_monotonic_decreasing": 7,
      "monotonicity_rate_decreasing": 0.23333333333333334,
      "set_inferred_direction": 1,
      "n_monotonic_inferred_direction": 25,
      "monotonicity_rate_inferred_direction": 0.8333333333333334,
      "n_erratic_flips": 0,
      "erratic_flip_rate": 0.0,
      "mean_kendall_tau": 0.5577650767332466,
      "mean_spearman_rho": 0.6509929569243507,
      "jt_significant_rate": 0.7,
      "mean_logistic_slope": 5.303097763756581,
      "logistic_significant_rate": 0.4,
      "mean_isotonic_r2": 0.9563964869628584,
      "mean_kendall_tau_abs": 0.5023006652266935,
      "mean_spearman_rho_abs": 0.568357330985939,
      "mean_logistic_slope_abs": 5.303097763756581,
      "mean_isotonic_r2_bidirectional": 0.9563964869628584,
      "frac_inferred_increasing": 0.7666666666666667,
      "frac_inferred_decreasing": 0.0,
      "mean_bootstrap_mono_prob": 0.8437666666666667,
      "mean_significant_violations": 0.0,
      "mean_prob_range": 0.28755000000000003
    },
    {
      "variation_id": "Global politics and geopolitics_8267",
      "category": "Global politics and geopolitics",
      "identified_property": "agreement enforceability and comprehensiveness",
      "valence": "positive",
      "n_comparisons": 30,
      "n_monotonic": 15,
      "monotonicity_rate": 0.5,
      "n_monotonic_decreasing": 2,
      "monotonicity_rate_decreasing": 0.06666666666666667,
      "set_inferred_direction": 1,
      "n_monotonic_inferred_direction": 15,
      "monotonicity_rate_inferred_direction": 0.5,
      "n_erratic_flips": 0,
      "erratic_flip_rate": 0.0,
      "mean_kendall_tau": 0.7610469723427229,
      "mean_spearman_rho": 0.86721339716239,
      "jt_significant_rate": 0.8666666666666667,
      "mean_logistic_slope": 4.477620293103979,
      "logistic_significant_rate": 0.6666666666666666,
      "mean_isotonic_r2": 0.9372020120151365,
      "mean_kendall_tau_abs": 0.7051721260838485,
      "mean_spearman_rho_abs": 0.7924811284108305,
      "mean_logistic_slope_abs": 4.477620293103979,
      "mean_isotonic_r2_bidirectional": 0.9372020120151365,
      "frac_inferred_increasing": 0.9333333333333333,
      "frac_inferred_decreasing": 0.0,
      "mean_bootstrap_mono_prob": 0.5051,
      "mean_significant_violations": 0.0,
      "mean_prob_range": 0.63878
    },
    {
      "variation_id": "Global politics and geopolitics_9052",
      "category": "Global politics and geopolitics",
      "identified_property": "severity of conflicts and resulting tensions",
      "valence": "negative",
      "n_comparisons": 30,