{
  "model": "nemotron-3-super-thinking",
  "category": "Life and species",
  "aggregate": {
    "n_variation_sets": 4,
    "n_total_comparisons": 120,
    "n_tiers": 7,
    "monotonicity_rate": 0.9166666666666666,
    "erratic_flip_rate": 0.0,
    "mean_kendall_tau": 0.7398505976009785,
    "mean_spearman_rho": 0.8267266355257157,
    "jt_significant_rate": 0.9583333333333334,
    "mean_logistic_slope": 15.688378005372336,
    "logistic_significant_rate": 0.475,
    "mean_isotonic_r2": 0.9947164105150909,
    "mean_kendall_tau_abs": 0.7055141261356558,
    "mean_spearman_rho_abs": 0.7807913942997594,
    "mean_logistic_slope_abs": 15.688378005372336,
    "mean_isotonic_r2_bidirectional": 0.9947164105150909,
    "frac_inferred_increasing": 0.9666666666666667,
    "frac_inferred_decreasing": 0.0,
    "mean_bootstrap_mono_prob": 0.9053375,
    "mean_prob_range": 0.8369083333333334
  },
  "per_variation_set": [
    {
      "variation_id": "Life and species_3266",
      "category": "Life and species",
      "identified_property": "degree of population recovery",
      "valence": "positive",
      "n_comparisons": 30,
      "n_monotonic": 26,
      "monotonicity_rate": 0.8666666666666667,
      "n_monotonic_decreasing": 1,
      "monotonicity_rate_decreasing": 0.03333333333333333,
      "set_inferred_direction": 1,
      "n_monotonic_inferred_direction": 26,
      "monotonicity_rate_inferred_direction": 0.8666666666666667,
      "n_erratic_flips": 0,
      "erratic_flip_rate": 0.0,
      "mean_kendall_tau": 0.6664159282195155,
      "mean_spearman_rho": 0.7504995462435112,
      "jt_significant_rate": 0.9666666666666667,
      "mean_logistic_slope": 21.493744900683417,
      "logistic_significant_rate": 0.26666666666666666,
      "mean_isotonic_r2": 0.9996001966067423,
      "mean_kendall_tau_abs": 0.6442998123118141,
      "mean_spearman_rho_abs": 0.7200645737521836,
      "mean_logistic_slope_abs": 21.493744900683417,
      "mean_isotonic_r2_bidirectional": 0.9996001966067423,
      "frac_inferred_increasing": 0.9666666666666667,
      "frac_inferred_decreasing": 0.0,
      "mean_bootstrap_mono_prob": 0.9084333333333333,
      "mean_significant_violations": 0.0,
      "mean_prob_range": 0.8880133333333333
    },
    {
      "variation_id": "Life and species_3980",
      "category": "Life and species",
      "identified_property": "bleaching severity",
      "valence": "negative",
      "n_comparisons": 30,
      "n_monotonic": 26,
      "monotonicity_rate": 0.8666666666666667,
      "n_monotonic_decreasing": 1,
      "monotonicity_rate_decreasing": 0.03333333333333333,
      "set_inferred_direction": 1,
      "n_monotonic_inferred_direction": 26,
      "monotonicity_rate_inferred_direction": 0.8666666666666667,
      "n_erratic_flips": 0,
      "erratic_flip_rate": 0.0,
      "mean_kendall_tau": 0.7997508940789362,
      "mean_spearman_rho": 0.881577903284349,
      "jt_significant_rate": 0.9333333333333333,
      "mean_logistic_slope": 11.622401026991065,
      "logistic_significant_rate": 0.7,
      "mean_isotonic_r2": 0.9812241619659008,
      "mean_kendall_tau_abs": 0.7663998043728034,
      "mean_spearman_rho_abs": 0.8407749064404996,
      "mean_logistic_slope_abs": 11.622401026991065,
      "mean_isotonic_r2_bidirectional": 0.9812241619659008,
      "frac_inferred_increasing": 0.9666666666666667,
      "frac_inferred_decreasing": 0.0,
      "mean_bootstrap_mono_prob": 0.8357166666666668,
      "mean_significant_violations": 0.0,
      "mean_prob_range": 0.92342
    },
    {
      "variation_id": "Life and species_5764",
      "category": "Life and species",
      "identified_property": "robustness and completeness of the species' recovery",
      "valence": "positive",
      "n_comparisons": 30,
      "n_monotonic": 29,
      "monotonicity_rate": 0.9666666666666667,
      "n_monotonic_decreasing": 1,
      "monotonicity_rate_decreasing": 0.03333333333333333,
      "set_inferred_direction": 1,
      "n_monotonic_inferred_direction": 29,
      "monotonicity_rate_inferred_direction": 0.9666666666666667,
      "n_erratic_flips": 0,
      "erratic_flip_rate": 0.0,
      "mean_kendall_tau": 0.678726869826449,
      "mean_spearman_rho": 0.7623393220896331,
      "jt_significant_rate": 0.9666666666666667,
      "mean_logistic_slope": 9.23696027474307,
      "logistic_significant_rate": 0.6333333333333333,
      "mean_isotonic_r2": 0.9980794440660711,
      "mean_kendall_tau_abs": 0.6527518949461829,
      "mean_spearman_rho_abs": 0.7264069623319845,
      "mean_logistic_slope_abs": 9.23696027474307,
      "mean_isotonic_r2_bidirectional": 0.9980794440660711,
      "frac_inferred_increasing": 0.9666666666666667,
      "frac_inferred_decreasing": 0.0,
      "mean_bootstrap_mono_prob": 0.9123333333333333,
      "mean_significant_violations": 0.0,
      "mean_prob_range": 0.6196300000000001
    },
    {
      "variation_id": "Life and species_7417",
      "category": "Life and species",
      "identified_property": "cultivation success and conservation effectiveness",
      "valence": "positive",
      "n_comparisons": 30,
      "n_monotonic": 29,
      "monotonicity_rate": 0.9666666666666667,
      "n_monotonic_decreasing": 1,
      "monotonicity_rate_decreasing": 0.03333333333333333,
      "set_inferred_direction": 1,
      "n_monotonic_inferred_direction": 29,
      "monotonicity_rate_inferred_direction": 0.9666666666666667,
      "n_erratic_flips": 0,
      "erratic_flip_rate": 0.0,
      "mean_kendall_tau": 0.7900853305234767,
      "mean_spearman_rho": 0.8745576693935324,
      "jt_significant_rate": 0.9666666666666667,
      "mean_logistic_slope": 20.400405819071786,
      "logistic_significant_rate": 0.3,
      "mean_isotonic_r2": 0.9999618394216492,
      "mean_kendall_tau_abs": 0.7586049929118227,
      "mean_spearman_rho_abs": 0.83591913467437,
      "mean_logistic_slope_abs": 20.400405819071786,
      "mean_isotonic_r2_bidirectional": 0.9999618394216492,
      "frac_inferred_increasing": 0.9666666666666667,
      "frac_inferred_decreasing": 0.0,
      "mean_bootstrap_mono_prob": 0.9648666666666667,
      "mean_significant_violations": 0.0,
      "mean_prob_range": 0.9165700000000001
    }
  ]
}