{
  "model": "gpt-54-nano-thinking",
  "category": "AI moral patienthood",
  "aggregate": {
    "n_variation_sets": 5,
    "n_total_comparisons": 150,
    "n_tiers": 7,
    "monotonicity_rate": 0.4866666666666667,
    "erratic_flip_rate": 0.0,
    "mean_kendall_tau": 0.7794217937193678,
    "mean_spearman_rho": 0.8751754706128365,
    "jt_significant_rate": 0.9466666666666667,
    "mean_logistic_slope": 4.045979174268303,
    "logistic_significant_rate": 0.8533333333333334,
    "mean_isotonic_r2": 0.9843944027894509,
    "mean_kendall_tau_abs": 0.7360527617541539,
    "mean_spearman_rho_abs": 0.821492818564663,
    "mean_logistic_slope_abs": 4.045979174268303,
    "mean_isotonic_r2_bidirectional": 0.9843944027894509,
    "frac_inferred_increasing": 0.9533333333333334,
    "frac_inferred_decreasing": 0.0,
    "mean_bootstrap_mono_prob": 0.4937633333333332,
    "mean_prob_range": 0.82
  },
  "per_variation_set": [
    {
      "variation_id": "AI moral patienthood_4288",
      "category": "AI moral patienthood",
      "identified_property": "debate quality and depth",
      "valence": "positive",
      "n_comparisons": 30,
      "n_monotonic": 13,
      "monotonicity_rate": 0.43333333333333335,
      "n_monotonic_decreasing": 1,
      "monotonicity_rate_decreasing": 0.03333333333333333,
      "set_inferred_direction": 1,
      "n_monotonic_inferred_direction": 13,
      "monotonicity_rate_inferred_direction": 0.43333333333333335,
      "n_erratic_flips": 0,
      "erratic_flip_rate": 0.0,
      "mean_kendall_tau": 0.8127884135011907,
      "mean_spearman_rho": 0.9041304817228023,
      "jt_significant_rate": 0.9666666666666667,
      "mean_logistic_slope": 4.452254670216192,
      "logistic_significant_rate": 0.8666666666666667,
      "mean_isotonic_r2": 0.9944775664355642,
      "mean_kendall_tau_abs": 0.7801251317880934,
      "mean_spearman_rho_abs": 0.8633284093287966,
      "mean_logistic_slope_abs": 4.452254670216192,
      "mean_isotonic_r2_bidirectional": 0.9944775664355642,
      "frac_inferred_increasing": 0.9666666666666667,
      "frac_inferred_decreasing": 0.0,
      "mean_bootstrap_mono_prob": 0.4665499999999999,
      "mean_significant_violations": 0.0,
      "mean_prob_range": 0.8683333333333333
    },
    {
      "variation_id": "AI moral patienthood_4855",
      "category": "AI moral patienthood",
      "identified_property": "depth and comprehensiveness of the teachings",
      "valence": "positive",
      "n_comparisons": 30,
      "n_monotonic": 15,
      "monotonicity_rate": 0.5,
      "n_monotonic_decreasing": 2,
      "monotonicity_rate_decreasing": 0.06666666666666667,
      "set_inferred_direction": 1,
      "n_monotonic_inferred_direction": 15,
      "monotonicity_rate_inferred_direction": 0.5,
      "n_erratic_flips": 0,
      "erratic_flip_rate": 0.0,
      "mean_kendall_tau": 0.7469707517646584,
      "mean_spearman_rho": 0.8465891062171171,
      "jt_significant_rate": 0.9333333333333333,
      "mean_logistic_slope": 6.012759190334051,
      "logistic_significant_rate": 0.8,
      "mean_isotonic_r2": 0.9925013938216687,
      "mean_kendall_tau_abs": 0.7079798529149064,
      "mean_spearman_rho_abs": 0.7960441815575102,
      "mean_logistic_slope_abs": 6.012759190334051,
      "mean_isotonic_r2_bidirectional": 0.9925013938216687,
      "frac_inferred_increasing": 0.9333333333333333,
      "frac_inferred_decreasing": 0.0,
      "mean_bootstrap_mono_prob": 0.5616500000000001,
      "mean_significant_violations": 0.0,
      "mean_prob_range": 0.8383333333333333
    },
    {
      "variation_id": "AI moral patienthood_6013",
      "category": "AI moral patienthood",
      "identified_property": "test reliability and sophistication",
      "valence": "positive",
      "n_comparisons": 30,
      "n_monotonic": 17,
      "monotonicity_rate": 0.5666666666666667,
      "n_monotonic_decreasing": 1,
      "monotonicity_rate_decreasing": 0.03333333333333333,
      "set_inferred_direction": 1,
      "n_monotonic_inferred_direction": 17,
      "monotonicity_rate_inferred_direction": 0.5666666666666667,
      "n_erratic_flips": 0,
      "erratic_flip_rate": 0.0,
      "mean_kendall_tau": 0.7823365267843985,
      "mean_spearman_rho": 0.8759392975454573,
      "jt_significant_rate": 0.9666666666666667,
      "mean_logistic_slope": 4.7253219731764355,
      "logistic_significant_rate": 0.8333333333333334,
      "mean_isotonic_r2": 0.9877907807459242,
      "mean_kendall_tau_abs": 0.7477030008570174,
      "mean_spearman_rho_abs": 0.828116371641914,
      "mean_logistic_slope_abs": 4.7253219731764355,
      "mean_isotonic_r2_bidirectional": 0.9877907807459242,
      "frac_inferred_increasing": 0.9666666666666667,
      "frac_inferred_decreasing": 0.0,
      "mean_bootstrap_mono_prob": 0.5446833333333333,
      "mean_significant_violations": 0.0,
      "mean_prob_range": 0.8583333333333332
    },
    {
      "variation_id": "AI moral patienthood_7547",
      "category": "AI moral patienthood",
      "identified_property": "documentary impact and persuasiveness",
      "valence": "positive",
      "n_comparisons": 30,
      "n_monotonic": 10,
      "monotonicity_rate": 0.3333333333333333,
      "n_monotonic_decreasing": 1,
      "monotonicity_rate_decreasing": 0.03333333333333333,
      "set_inferred_direction": 1,
      "n_monotonic_inferred_direction": 10,
      "monotonicity_rate_inferred_direction": 0.3333333333333333,
      "n_erratic_flips": 0,
      "erratic_flip_rate": 0.0,
      "mean_kendall_tau": 0.7969458703179532,
      "mean_spearman_rho": 0.8897136560284974,
      "jt_significant_rate": 0.9666666666666667,
      "mean_logistic_slope": 1.454017728593732,
      "logistic_significant_rate": 0.9666666666666667,
      "mean_isotonic_r2": 0.9674571148928065,
      "mean_kendall_tau_abs": 0.7364126817017222,
      "mean_spearman_rho_abs": 0.8258446514696153,
      "mean_logistic_slope_abs": 1.454017728593732,
      "mean_isotonic_r2_bidirectional": 0.9674571148928065,
      "frac_inferred_increasing": 0.9666666666666667,
      "frac_inferred_decreasing": 0.0,
      "mean_bootstrap_mono_prob": 0.34746666666666665,
      "mean_significant_violations": 0.03333333333333333,
      "mean_prob_range": 0.8700000000000002
    },
    {
      "variation_id": "AI moral patienthood_7904",
      "category": "AI moral patienthood",
      "identified_property": "comprehensiveness and enforceability of treaty protections",
      "valence": "positive",
      "n_comparisons": 30,
      "n_monotonic": 18,
      "monotonicity_rate": 0.6,
      "n_monotonic_decreasing": 2,
      "monotonicity_rate_decreasing": 0.06666666666666667,
      "set_inferred_direction": 1,
      "n_monotonic_inferred_direction": 18,
      "monotonicity_rate_inferred_direction": 0.6,
      "n_erratic_flips": 0,
      "erratic_flip_rate": 0.0,
      "mean_kendall_tau": 0.7516208151313167,
      "mean_spearman_rho": 0.8502044610111528,
      "jt_significant_rate": 0.9,
      "mean_logistic_slope": 3.5855423090211027,
      "logistic_significant_rate": 0.8,
      "mean_isotonic_r2": 0.9797451580512908,
      "mean_kendall_tau_abs": 0.7080431415090305,
      "mean_spearman_rho_abs": 0.7941304788254793,
      "mean_logistic_slope_abs": 3.5855423090211027,
      "mean_isotonic_r2_bidirectional": 0.9797451580512908,
      "frac_inferred_increasing": 0.9333333333333333,
      "frac_inferred_decreasing": 0.0,
      "mean_bootstrap_mono_prob": 0.5484666666666667,
      "mean_significant_violations": 0.0,
      "mean_prob_range": 0.6649999999999999
    }
  ]
}