{
  "model": "gpt-54-nano-thinking",
  "category": "Personal freedom and autonomy",
  "aggregate": {
    "n_variation_sets": 3,
    "n_total_comparisons": 90,
    "n_tiers": 7,
    "monotonicity_rate": 0.36666666666666664,
    "erratic_flip_rate": 0.022222222222222223,
    "mean_kendall_tau": 0.5683121918747841,
    "mean_spearman_rho": 0.7142392642069619,
    "jt_significant_rate": 0.6888888888888889,
    "mean_logistic_slope": 1.4536354382833714,
    "logistic_significant_rate": 0.6666666666666666,
    "mean_isotonic_r2": 0.9421826171960703,
    "mean_kendall_tau_abs": 0.4997322276226766,
    "mean_spearman_rho_abs": 0.5919836913850303,
    "mean_logistic_slope_abs": 1.4536354382833714,
    "mean_isotonic_r2_bidirectional": 0.9421826171960703,
    "frac_inferred_increasing": 0.7333333333333333,
    "frac_inferred_decreasing": 0.0,
    "mean_bootstrap_mono_prob": 0.4068666666666667,
    "mean_prob_range": 0.51
  },
  "per_variation_set": [
    {
      "variation_id": "Personal freedom and autonomy_1507",
      "category": "Personal freedom and autonomy",
      "identified_property": "robot body quality and capability",
      "valence": "positive",
      "n_comparisons": 30,
      "n_monotonic": 3,
      "monotonicity_rate": 0.1,
      "n_monotonic_decreasing": 1,
      "monotonicity_rate_decreasing": 0.03333333333333333,
      "set_inferred_direction": 1,
      "n_monotonic_inferred_direction": 3,
      "monotonicity_rate_inferred_direction": 0.1,
      "n_erratic_flips": 2,
      "erratic_flip_rate": 0.06666666666666667,
      "mean_kendall_tau": 0.707517442430686,
      "mean_spearman_rho": 0.8458404689559956,
      "jt_significant_rate": 0.9666666666666667,
      "mean_logistic_slope": 1.1396410515337643,
      "logistic_significant_rate": 0.9666666666666667,
      "mean_isotonic_r2": 0.9191426737576635,
      "mean_kendall_tau_abs": 0.6744949692604488,
      "mean_spearman_rho_abs": 0.7988775184232485,
      "mean_logistic_slope_abs": 1.1396410515337643,
      "mean_isotonic_r2_bidirectional": 0.9191426737576635,
      "frac_inferred_increasing": 0.9666666666666667,
      "frac_inferred_decreasing": 0.0,
      "mean_bootstrap_mono_prob": 0.1484666666666667,
      "mean_significant_violations": 0.26666666666666666,
      "mean_prob_range": 0.7683333333333333
    },
    {
      "variation_id": "Personal freedom and autonomy_8437",
      "category": "Personal freedom and autonomy",
      "identified_property": "upload fidelity and server quality",
      "valence": "positive",
      "n_comparisons": 30,
      "n_monotonic": 23,
      "monotonicity_rate": 0.7666666666666667,
      "n_monotonic_decreasing": 20,
      "monotonicity_rate_decreasing": 0.6666666666666666,
      "set_inferred_direction": 1,
      "n_monotonic_inferred_direction": 23,
      "monotonicity_rate_inferred_direction": 0.7666666666666667,
      "n_erratic_flips": 0,
      "erratic_flip_rate": 0.0,
      "mean_kendall_tau": 0.21430317119877207,
      "mean_spearman_rho": 0.26864745939405377,
      "jt_significant_rate": 0.2,
      "mean_logistic_slope": 1.5132205524905822,
      "logistic_significant_rate": 0.16666666666666666,
      "mean_isotonic_r2": 0.9444292417492967,
      "mean_kendall_tau_abs": 0.18479837720817535,
      "mean_spearman_rho_abs": 0.21479076936341748,
      "mean_logistic_slope_abs": 1.5132205524905822,
      "mean_isotonic_r2_bidirectional": 0.9444292417492967,
      "frac_inferred_increasing": 0.3333333333333333,
      "frac_inferred_decreasing": 0.0,
      "mean_bootstrap_mono_prob": 0.7828833333333333,
      "mean_significant_violations": 0.0,
      "mean_prob_range": 0.085
    },
    {
      "variation_id": "Personal freedom and autonomy_8826",
      "category": "Personal freedom and autonomy",
      "identified_property": "wallet security and sophistication",
      "valence": "positive",
      "n_comparisons": 30,
      "n_monotonic": 7,
      "monotonicity_rate": 0.23333333333333334,
      "n_monotonic_decreasing": 3,
      "monotonicity_rate_decreasing": 0.1,
      "set_inferred_direction": 1,
      "n_monotonic_inferred_direction": 7,
      "monotonicity_rate_inferred_direction": 0.23333333333333334,
      "n_erratic_flips": 0,
      "erratic_flip_rate": 0.0,
      "mean_kendall_tau": 0.6832616014830717,
      "mean_spearman_rho": 0.8244638470833863,
      "jt_significant_rate": 0.9,
      "mean_logistic_slope": 1.7080447108257681,
      "logistic_significant_rate": 0.8666666666666667,
      "mean_isotonic_r2": 0.9629759360812513,
      "mean_kendall_tau_abs": 0.6399033363994052,
      "mean_spearman_rho_abs": 0.7622827863684252,
      "mean_logistic_slope_abs": 1.7080447108257681,
      "mean_isotonic_r2_bidirectional": 0.9629759360812513,
      "frac_inferred_increasing": 0.9,
      "frac_inferred_decreasing": 0.0,
      "mean_bootstrap_mono_prob": 0.28924999999999995,
      "mean_significant_violations": 0.0,
      "mean_prob_range": 0.6766666666666666
    }
  ]
}