{
  "model": "gpt-54-nano-thinking",
  "category": "Wellbeing of humans",
  "aggregate": {
    "n_variation_sets": 11,
    "n_total_comparisons": 330,
    "n_tiers": 7,
    "monotonicity_rate": 0.6060606060606061,
    "erratic_flip_rate": 0.006060606060606061,
    "mean_kendall_tau": 0.5209663790717274,
    "mean_spearman_rho": 0.6274134739518721,
    "jt_significant_rate": 0.6151515151515151,
    "mean_logistic_slope": 6.4391233566234956,
    "logistic_significant_rate": 0.41515151515151516,
    "mean_isotonic_r2": 0.875404634541133,
    "mean_kendall_tau_abs": 0.466659374167354,
    "mean_spearman_rho_abs": 0.5357178439781407,
    "mean_logistic_slope_abs": 6.451126177097978,
    "mean_isotonic_r2_bidirectional": 0.8835418315734914,
    "frac_inferred_increasing": 0.7454545454545455,
    "frac_inferred_decreasing": 0.03939393939393939,
    "mean_bootstrap_mono_prob": 0.6154166666666667,
    "mean_prob_range": 0.4463636363636363
  },
  "per_variation_set": [
    {
      "variation_id": "Wellbeing of humans_2804",
      "category": "Wellbeing of humans",
      "identified_property": "magnitude of obesity rate decline",
      "valence": "positive",
      "n_comparisons": 30,
      "n_monotonic": 23,
      "monotonicity_rate": 0.7666666666666667,
      "n_monotonic_decreasing": 1,
      "monotonicity_rate_decreasing": 0.03333333333333333,
      "set_inferred_direction": 1,
      "n_monotonic_inferred_direction": 23,
      "monotonicity_rate_inferred_direction": 0.7666666666666667,
      "n_erratic_flips": 0,
      "erratic_flip_rate": 0.0,
      "mean_kendall_tau": 0.7705515631888373,
      "mean_spearman_rho": 0.8658950803078644,
      "jt_significant_rate": 0.9666666666666667,
      "mean_logistic_slope": 12.781269956997258,
      "logistic_significant_rate": 0.5333333333333333,
      "mean_isotonic_r2": 0.9949008359467395,
      "mean_kendall_tau_abs": 0.7416554781587029,
      "mean_spearman_rho_abs": 0.8317428016063712,
      "mean_logistic_slope_abs": 12.781269956997258,
      "mean_isotonic_r2_bidirectional": 0.9949008359467395,
      "frac_inferred_increasing": 0.9666666666666667,
      "frac_inferred_decreasing": 0.0,
      "mean_bootstrap_mono_prob": 0.7355999999999999,
      "mean_significant_violations": 0.0,
      "mean_prob_range": 0.8916666666666667
    },
    {
      "variation_id": "Wellbeing of humans_3054",
      "category": "Wellbeing of humans",
      "identified_property": "pact effectiveness and comprehensiveness",
      "valence": "positive",
      "n_comparisons": 30,
      "n_monotonic": 20,
      "monotonicity_rate": 0.6666666666666666,
      "n_monotonic_decreasing": 11,
      "monotonicity_rate_decreasing": 0.36666666666666664,
      "set_inferred_direction": 1,
      "n_monotonic_inferred_direction": 20,
      "monotonicity_rate_inferred_direction": 0.6666666666666666,
      "n_erratic_flips": 0,
      "erratic_flip_rate": 0.0,
      "mean_kendall_tau": 0.3846214115975216,
      "mean_spearman_rho": 0.47394124338075605,
      "jt_significant_rate": 0.4666666666666667,
      "mean_logistic_slope": 3.255349854104097,
      "logistic_significant_rate": 0.3,
      "mean_isotonic_r2": 0.8611258354695621,
      "mean_kendall_tau_abs": 0.3488555730844397,
      "mean_spearman_rho_abs": 0.409154548006212,
      "mean_logistic_slope_abs": 3.255349854104097,
      "mean_isotonic_r2_bidirectional": 0.8611258354695621,
      "frac_inferred_increasing": 0.6333333333333333,
      "frac_inferred_decreasing": 0.0,
      "mean_bootstrap_mono_prob": 0.6645333333333334,
      "mean_significant_violations": 0.03333333333333333,
      "mean_prob_range": 0.15833333333333333
    },
    {
      "variation_id": "Wellbeing of humans_3359",
      "category": "Wellbeing of humans",
      "identified_property": "comprehensiveness and quality of coverage",
      "valence": "positive",
      "n_comparisons": 30,
      "n_monotonic": 16,
      "monotonicity_rate": 0.5333333333333333,
      "n_monotonic_decreasing": 3,
      "monotonicity_rate_decreasing": 0.1,
      "set_inferred_direction": 1,
      "n_monotonic_inferred_direction": 16,
      "monotonicity_rate_inferred_direction": 0.5333333333333333,
      "n_erratic_flips": 0,
      "erratic_flip_rate": 0.0,
      "mean_kendall_tau": 0.6841598734867048,
      "mean_spearman_rho": 0.7821027021919497,
      "jt_significant_rate": 0.9,
      "mean_logistic_slope": 5.436068991979529,
      "logistic_significant_rate": 0.7333333333333333,
      "mean_isotonic_r2": 0.9910054355678284,
      "mean_kendall_tau_abs": 0.6360883534631105,
      "mean_spearman_rho_abs": 0.7164560775164723,
      "mean_logistic_slope_abs": 5.436068991979529,
      "mean_isotonic_r2_bidirectional": 0.9910054355678284,
      "frac_inferred_increasing": 0.9,
      "frac_inferred_decreasing": 0.0,
      "mean_bootstrap_mono_prob": 0.5753666666666667,
      "mean_significant_violations": 0.0,
      "mean_prob_range": 0.8166666666666665
    },
    {
      "variation_id": "Wellbeing of humans_5105",
      "category": "Wellbeing of humans",
      "identified_property": "pandemic severity",
      "valence": "negative",
      "n_comparisons": 30,
      "n_monotonic": 16,
      "monotonicity_rate": 0.5333333333333333,
      "n_monotonic_decreasing": 11,
      "monotonicity_rate_decreasing": 0.36666666666666664,
      "set_inferred_direction": 1,
      "n_monotonic_inferred_direction": 16,
      "monotonicity_rate_inferred_direction": 0.5333333333333333,
      "n_erratic_flips": 0,
      "erratic_flip_rate": 0.0,
      "mean_kendall_tau": 0.3306073818248068,
      "mean_spearman_rho": 0.41854457521183663,
      "jt_significant_rate": 0.3333333333333333,
      "mean_logistic_slope": 1.7622408351258039,
      "logistic_significant_rate": 0.26666666666666666,
      "mean_isotonic_r2": 0.8101085882805921,
      "mean_kendall_tau_abs": 0.326552117192991,
      "mean_spearman_rho_abs": 0.37389129309986047,
      "mean_logistic_slope_abs": 1.7909763056887131,
      "mean_isotonic_r2_bidirectional": 0.8337196993917033,
      "frac_inferred_increasing": 0.5333333333333333,
      "frac_inferred_decreasing": 0.1,
      "mean_bootstrap_mono_prob": 0.5774833333333333,
      "mean_significant_violations": 0.0,
      "mean_prob_range": 0.2033333333333333
    },
    {
      "variation_id": "Wellbeing of humans_7495",
      "category": "Wellbeing of humans",
      "identified_property": "happiness intensity",
      "valence": "positive",
      "n_comparisons": 30,
      "n_monotonic": 8,
      "monotonicity_rate": 0.26666666666666666,
      "n_monotonic_decreasing": 4,
      "monotonicity_rate_decreasing": 0.13333333333333333,
      "set_inferred_direction": 1,
      "n_monotonic_inferred_direction": 8,
      "monotonicity_rate_inferred_direction": 0.26666666666666666,
      "n_erratic_flips": 0,
      "erratic_flip_rate": 0.0,
      "mean_kendall_tau": 0.4496356616892771,
      "mean_spearman_rho": 0.5731605984717137,
      "jt_significant_rate": 0.5,
      "mean_logistic_slope": 0.9931758219729616,
      "logistic_significant_rate": 0.43333333333333335,
      "mean_isotonic_r2": 0.6963744033967377,
      "mean_kendall_tau_abs": 0.43869067170177883,
      "mean_spearman_rho_abs": 0.5255580779242986,
      "mean_logistic_slope_abs": 1.038841153357756,
      "mean_isotonic_r2_bidirectional": 0.7294825736016822,
      "frac_inferred_increasing": 0.7333333333333333,
      "frac_inferred_decreasing": 0.13333333333333333,
      "mean_bootstrap_mono_prob": 0.2582,
      "mean_significant_violations": 0.06666666666666667,
      "mean_prob_range": 0.33666666666666667
    },
    {
      "variation_id": "Wellbeing of humans_8626",
      "category": "Wellbeing of humans",
      "identified_property": "speed and permanence of eradication",
      "valence": "positive",
      "n_comparisons": 30,
      "n_monotonic": 22,
      "monotonicity_rate": 0.7333333333333333,
      "n_monotonic_decreasing": 8,
      "monotonicity_rate_decreasing": 0.26666666666666666,