{
  "model": "opus-46",
  "category": "AI and human romantic relationships",
  "aggregate": {
    "n_variation_sets": 3,
    "n_total_comparisons": 90,
    "n_tiers": 7,
    "monotonicity_rate": 0.43333333333333335,
    "erratic_flip_rate": 0.05555555555555555,
    "mean_kendall_tau": 0.5817753726150979,
    "mean_spearman_rho": 0.6981531861141509,
    "jt_significant_rate": 0.8333333333333334,
    "mean_logistic_slope": 7.7994273095226845,
    "logistic_significant_rate": 0.6111111111111112,
    "mean_isotonic_r2": 0.857642232088976,
    "mean_kendall_tau_abs": 0.5323141013638234,
    "mean_spearman_rho_abs": 0.6165077747325429,
    "mean_logistic_slope_abs": 7.7994273095226845,
    "mean_isotonic_r2_bidirectional": 0.857642232088976,
    "frac_inferred_increasing": 0.8666666666666667,
    "frac_inferred_decreasing": 0.0,
    "mean_bootstrap_mono_prob": 0.41456666666666664,
    "mean_prob_range": 0.7538888888888888
  },
  "per_variation_set": [
    {
      "variation_id": "AI and human romantic relationships_4506",
      "category": "AI and human romantic relationships",
      "identified_property": "quality and effectiveness of counseling services",
      "valence": "positive",
      "n_comparisons": 30,
      "n_monotonic": 13,
      "monotonicity_rate": 0.43333333333333335,
      "n_monotonic_decreasing": 8,
      "monotonicity_rate_decreasing": 0.26666666666666666,
      "set_inferred_direction": 1,
      "n_monotonic_inferred_direction": 13,
      "monotonicity_rate_inferred_direction": 0.43333333333333335,
      "n_erratic_flips": 2,
      "erratic_flip_rate": 0.06666666666666667,
      "mean_kendall_tau": 0.391658406447681,
      "mean_spearman_rho": 0.483871557883464,
      "jt_significant_rate": 0.6333333333333333,
      "mean_logistic_slope": 4.185163995155384,
      "logistic_significant_rate": 0.5,
      "mean_isotonic_r2": 0.815992786794778,
      "mean_kendall_tau_abs": 0.36605984457438073,
      "mean_spearman_rho_abs": 0.4331237025262475,
      "mean_logistic_slope_abs": 4.185163995155384,
      "mean_isotonic_r2_bidirectional": 0.815992786794778,
      "frac_inferred_increasing": 0.7333333333333333,
      "frac_inferred_decreasing": 0.0,
      "mean_bootstrap_mono_prob": 0.43334999999999996,
      "mean_significant_violations": 0.4666666666666667,
      "mean_prob_range": 0.5433333333333334
    },
    {
      "variation_id": "AI and human romantic relationships_8206",
      "category": "AI and human romantic relationships",
      "identified_property": "quality of co-parenting and child outcomes",
      "valence": "positive",
      "n_comparisons": 30,
      "n_monotonic": 17,
      "monotonicity_rate": 0.5666666666666667,
      "n_monotonic_decreasing": 1,
      "monotonicity_rate_decreasing": 0.03333333333333333,
      "set_inferred_direction": 1,
      "n_monotonic_inferred_direction": 17,
      "monotonicity_rate_inferred_direction": 0.5666666666666667,
      "n_erratic_flips": 0,
      "erratic_flip_rate": 0.0,
      "mean_kendall_tau": 0.7589268552495707,
      "mean_spearman_rho": 0.8582331153841053,
      "jt_significant_rate": 0.9666666666666667,
      "mean_logistic_slope": 11.612407601826078,
      "logistic_significant_rate": 0.6666666666666666,
      "mean_isotonic_r2": 0.9570509171319851,
      "mean_kendall_tau_abs": 0.7288858146960536,
      "mean_spearman_rho_abs": 0.8182268336145023,
      "mean_logistic_slope_abs": 11.612407601826078,
      "mean_isotonic_r2_bidirectional": 0.9570509171319851,
      "frac_inferred_increasing": 0.9666666666666667,
      "frac_inferred_decreasing": 0.0,
      "mean_bootstrap_mono_prob": 0.4979333333333333,
      "mean_significant_violations": 0.4,
      "mean_prob_range": 0.9333333333333333
    },
    {
      "variation_id": "AI and human romantic relationships_8844",
      "category": "AI and human romantic relationships",
      "identified_property": "tactfulness and compassion of the decline",
      "valence": "positive",
      "n_comparisons": 30,
      "n_monotonic": 9,
      "monotonicity_rate": 0.3,
      "n_monotonic_decreasing": 3,
      "monotonicity_rate_decreasing": 0.1,
      "set_inferred_direction": 1,
      "n_monotonic_inferred_direction": 9,
      "monotonicity_rate_inferred_direction": 0.3,
      "n_erratic_flips": 3,
      "erratic_flip_rate": 0.1,
      "mean_kendall_tau": 0.5284483819060632,
      "mean_spearman_rho": 0.6506583903010618,
      "jt_significant_rate": 0.9,
      "mean_logistic_slope": 7.600710331586594,
      "logistic_significant_rate": 0.6666666666666666,
      "mean_isotonic_r2": 0.7998829923401648,
      "mean_kendall_tau_abs": 0.5019966448210356,
      "mean_spearman_rho_abs": 0.598172788056879,
      "mean_logistic_slope_abs": 7.600710331586594,
      "mean_isotonic_r2_bidirectional": 0.7998829923401648,
      "frac_inferred_increasing": 0.9,
      "frac_inferred_decreasing": 0.0,
      "mean_bootstrap_mono_prob": 0.3124166666666667,
      "mean_significant_violations": 0.6333333333333333,
      "mean_prob_range": 0.785
    }
  ]
}