{
  "model": "opus-46",
  "category": "Global politics and geopolitics",
  "aggregate": {
    "n_variation_sets": 7,
    "n_total_comparisons": 210,
    "n_tiers": 7,
    "monotonicity_rate": 0.8904761904761904,
    "erratic_flip_rate": 0.014285714285714285,
    "mean_kendall_tau": 0.4226489873317604,
    "mean_spearman_rho": 0.5288640043793658,
    "jt_significant_rate": 0.4714285714285714,
    "mean_logistic_slope": 10.684141930567472,
    "logistic_significant_rate": 0.18571428571428572,
    "mean_isotonic_r2": 0.9684491315698478,
    "mean_kendall_tau_abs": 0.34107925698252606,
    "mean_spearman_rho_abs": 0.387030780703376,
    "mean_logistic_slope_abs": 10.684141930567472,
    "mean_isotonic_r2_bidirectional": 0.9684491315698478,
    "frac_inferred_increasing": 0.4857142857142857,
    "frac_inferred_decreasing": 0.004761904761904762,
    "mean_bootstrap_mono_prob": 0.8611047619047619,
    "mean_prob_range": 0.40976190476190477
  },
  "per_variation_set": [
    {
      "variation_id": "Global politics and geopolitics_1337",
      "category": "Global politics and geopolitics",
      "identified_property": "benevolence and governance quality of the superpower",
      "valence": "positive",
      "n_comparisons": 30,
      "n_monotonic": 27,
      "monotonicity_rate": 0.9,
      "n_monotonic_decreasing": 1,
      "monotonicity_rate_decreasing": 0.03333333333333333,
      "set_inferred_direction": 1,
      "n_monotonic_inferred_direction": 27,
      "monotonicity_rate_inferred_direction": 0.9,
      "n_erratic_flips": 0,
      "erratic_flip_rate": 0.0,
      "mean_kendall_tau": 0.7699461770497652,
      "mean_spearman_rho": 0.8734303262714629,
      "jt_significant_rate": 0.9666666666666667,
      "mean_logistic_slope": 30.99978372945994,
      "logistic_significant_rate": 0.2,
      "mean_isotonic_r2": 0.9953138890841924,
      "mean_kendall_tau_abs": 0.7523524808028522,
      "mean_spearman_rho_abs": 0.8487730145065963,
      "mean_logistic_slope_abs": 30.99978372945994,
      "mean_isotonic_r2_bidirectional": 0.9953138890841924,
      "frac_inferred_increasing": 0.9666666666666667,
      "frac_inferred_decreasing": 0.0,
      "mean_bootstrap_mono_prob": 0.89065,
      "mean_significant_violations": 0.03333333333333333,
      "mean_prob_range": 0.95
    },
    {
      "variation_id": "Global politics and geopolitics_1734",
      "category": "Global politics and geopolitics",
      "identified_property": "comprehensiveness and depth of the agreement",
      "valence": "positive",
      "n_comparisons": 30,
      "n_monotonic": 29,
      "monotonicity_rate": 0.9666666666666667,
      "n_monotonic_decreasing": 20,
      "monotonicity_rate_decreasing": 0.6666666666666666,
      "set_inferred_direction": 1,
      "n_monotonic_inferred_direction": 29,
      "monotonicity_rate_inferred_direction": 0.9666666666666667,
      "n_erratic_flips": 0,
      "erratic_flip_rate": 0.0,
      "mean_kendall_tau": 0.2571942168794655,
      "mean_spearman_rho": 0.31462558346991365,
      "jt_significant_rate": 0.26666666666666666,
      "mean_logistic_slope": 6.273301313577819,
      "logistic_significant_rate": 0.1,
      "mean_isotonic_r2": 0.9805555555555556,
      "mean_kendall_tau_abs": 0.20616966153908403,
      "mean_spearman_rho_abs": 0.23105768906190055,
      "mean_logistic_slope_abs": 6.273301313577819,
      "mean_isotonic_r2_bidirectional": 0.9805555555555556,
      "frac_inferred_increasing": 0.3333333333333333,
      "frac_inferred_decreasing": 0.0,
      "mean_bootstrap_mono_prob": 0.93695,
      "mean_significant_violations": 0.03333333333333333,
      "mean_prob_range": 0.21333333333333332
    },
    {
      "variation_id": "Global politics and geopolitics_5034",
      "category": "Global politics and geopolitics",
      "identified_property": "comprehensiveness and scope of disarmament",
      "valence": "positive",
      "n_comparisons": 30,
      "n_monotonic": 29,
      "monotonicity_rate": 0.9666666666666667,
      "n_monotonic_decreasing": 26,
      "monotonicity_rate_decreasing": 0.8666666666666667,
      "set_inferred_direction": 1,
      "n_monotonic_inferred_direction": 29,
      "monotonicity_rate_inferred_direction": 0.9666666666666667,
      "n_erratic_flips": 0,
      "erratic_flip_rate": 0.0,
      "mean_kendall_tau": 0.09667758246844155,
      "mean_spearman_rho": 0.12239642786380286,
      "jt_significant_rate": 0.1,
      "mean_logistic_slope": 0.8575269328293261,
      "logistic_significant_rate": 0.06666666666666667,
      "mean_isotonic_r2": 0.9740740740740741,
      "mean_kendall_tau_abs": 0.07617073906819931,
      "mean_spearman_rho_abs": 0.085964781390432,
      "mean_logistic_slope_abs": 0.8575269328293261,
      "mean_isotonic_r2_bidirectional": 0.9740740740740741,
      "frac_inferred_increasing": 0.13333333333333333,
      "frac_inferred_decreasing": 0.0,
      "mean_bootstrap_mono_prob": 0.9263666666666667,
      "mean_significant_violations": 0.03333333333333333,
      "mean_prob_range": 0.08333333333333333
    },
    {
      "variation_id": "Global politics and geopolitics_6361",
      "category": "Global politics and geopolitics",
      "identified_property": "comprehensiveness and durability of the ceasefire agreement",
      "valence": "positive",
      "n_comparisons": 30,
      "n_monotonic": 28,
      "monotonicity_rate": 0.9333333333333333,
      "n_monotonic_decreasing": 27,
      "monotonicity_rate_decreasing": 0.9,
      "set_inferred_direction": 1,
      "n_monotonic_inferred_direction": 28,
      "monotonicity_rate_inferred_direction": 0.9333333333333333,
      "n_erratic_flips": 0,
      "erratic_flip_rate": 0.0,
      "mean_kendall_tau": 0.08963802583957603,
      "mean_spearman_rho": 0.11969071356715762,
      "jt_significant_rate": 0.1,
      "mean_logistic_slope": 0.8261230249486918,
      "logistic_significant_rate": 0.06666666666666667,
      "mean_isotonic_r2": 0.9963641196851974,
      "mean_kendall_tau_abs": 0.06966469014624624,
      "mean_spearman_rho_abs": 0.07990242517755819,
      "mean_logistic_slope_abs": 0.8261230249486918,
      "mean_isotonic_r2_bidirectional": 0.9963641196851974,
      "frac_inferred_increasing": 0.1,
      "frac_inferred_decreasing": 0.0,
      "mean_bootstrap_mono_prob": 0.9425333333333333,
      "mean_significant_violations": 0.03333333333333333,
      "mean_prob_range": 0.065
    },
    {
      "variation_id": "Global politics and geopolitics_8267",
      "category": "Global politics and geopolitics",
      "identified_property": "agreement enforceability and comprehensiveness",
      "valence": "positive",
      "n_comparisons": 30,
      "n_monotonic": 18,
      "monotonicity_rate": 0.6,
      "n_monotonic_decreasing": 12,
      "monotonicity_rate_decreasing": 0.4,
      "set_inferred_direction": 1,
      "n_monotonic_inferred_direction": 18,
      "monotonicity_rate_inferred_direction": 0.6,
      "n_erratic_flips": 3,
      "erratic_flip_rate": 0.1,
      "mean_kendall_tau": 0.4021490988275424,
      "mean_spearman_rho": 0.5106786212441415,
      "jt_significant_rate": 0.5666666666666667,
      "mean_logistic_slope": 3.8506545901612355,
      "logistic_significant_rate": 0.43333333333333335,
      "mean_isotonic_r2": 0.8535267577685245,
      "mean_kendall_tau_abs": 0.3386186032773155,
      "mean_spearman_rho_abs": 0.3971417970950577,
      "mean_logistic_slope_abs": 3.8506545901612355,
      "mean_isotonic_r2_bidirectional": 0.8535267577685245,
      "frac_inferred_increasing": 0.5666666666666667,
      "frac_inferred_decreasing": 0.03333333333333333,
      "mean_bootstrap_mono_prob": 0.6005333333333334,
      "mean_significant_violations": 0.2,
      "mean_prob_range": 0.43333333333333335
    },
    {
      "variation_id": "Global politics and geopolitics_9052",
      "category": "Global politics and geopolitics",
      "identified_property": "severity of conflicts and resulting tensions",
      "valence": "negative",
      "n_comparisons": 30,