{
  "model": "opus-46",
  "category": "Global economy",
  "aggregate": {
    "n_variation_sets": 6,
    "n_total_comparisons": 180,
    "n_tiers": 7,
    "monotonicity_rate": 0.8444444444444444,
    "erratic_flip_rate": 0.005555555555555556,
    "mean_kendall_tau": 0.6494253677869476,
    "mean_spearman_rho": 0.7545466843605727,
    "jt_significant_rate": 0.8111111111111111,
    "mean_logistic_slope": 13.432170545368349,
    "logistic_significant_rate": 0.43333333333333335,
    "mean_isotonic_r2": 0.9701671376125546,
    "mean_kendall_tau_abs": 0.5893760726117002,
    "mean_spearman_rho_abs": 0.6636790580399142,
    "mean_logistic_slope_abs": 13.432170545368349,
    "mean_isotonic_r2_bidirectional": 0.9701671376125546,
    "frac_inferred_increasing": 0.8333333333333334,
    "frac_inferred_decreasing": 0.0,
    "mean_bootstrap_mono_prob": 0.7581416666666668,
    "mean_prob_range": 0.6800522138680033
  },
  "per_variation_set": [
    {
      "variation_id": "Global economy_1900",
      "category": "Global economy",
      "identified_property": "recession severity",
      "valence": "negative",
      "n_comparisons": 30,
      "n_monotonic": 24,
      "monotonicity_rate": 0.8,
      "n_monotonic_decreasing": 7,
      "monotonicity_rate_decreasing": 0.23333333333333334,
      "set_inferred_direction": 1,
      "n_monotonic_inferred_direction": 24,
      "monotonicity_rate_inferred_direction": 0.8,
      "n_erratic_flips": 0,
      "erratic_flip_rate": 0.0,
      "mean_kendall_tau": 0.5754741912717911,
      "mean_spearman_rho": 0.6809457677798204,
      "jt_significant_rate": 0.7333333333333333,
      "mean_logistic_slope": 6.399121578107153,
      "logistic_significant_rate": 0.5666666666666667,
      "mean_isotonic_r2": 0.9593552332448362,
      "mean_kendall_tau_abs": 0.5172135246338591,
      "mean_spearman_rho_abs": 0.5880910170899987,
      "mean_logistic_slope_abs": 6.399121578107153,
      "mean_isotonic_r2_bidirectional": 0.9593552332448362,
      "frac_inferred_increasing": 0.7666666666666667,
      "frac_inferred_decreasing": 0.0,
      "mean_bootstrap_mono_prob": 0.69145,
      "mean_significant_violations": 0.1,
      "mean_prob_range": 0.4645238095238095
    },
    {
      "variation_id": "Global economy_3077",
      "category": "Global economy",
      "identified_property": "severity of economic downturn",
      "valence": "negative",
      "n_comparisons": 30,
      "n_monotonic": 28,
      "monotonicity_rate": 0.9333333333333333,
      "n_monotonic_decreasing": 6,
      "monotonicity_rate_decreasing": 0.2,
      "set_inferred_direction": 1,
      "n_monotonic_inferred_direction": 28,
      "monotonicity_rate_inferred_direction": 0.9333333333333333,
      "n_erratic_flips": 0,
      "erratic_flip_rate": 0.0,
      "mean_kendall_tau": 0.6339838844006209,
      "mean_spearman_rho": 0.7323412503266928,
      "jt_significant_rate": 0.8,
      "mean_logistic_slope": 12.395715970836942,
      "logistic_significant_rate": 0.3333333333333333,
      "mean_isotonic_r2": 0.9928248401325365,
      "mean_kendall_tau_abs": 0.5686206229185612,
      "mean_spearman_rho_abs": 0.6338308662611336,
      "mean_logistic_slope_abs": 12.395715970836942,
      "mean_isotonic_r2_bidirectional": 0.9928248401325365,
      "frac_inferred_increasing": 0.8,
      "frac_inferred_decreasing": 0.0,
      "mean_bootstrap_mono_prob": 0.8773833333333333,
      "mean_significant_violations": 0.03333333333333333,
      "mean_prob_range": 0.6307894736842106
    },
    {
      "variation_id": "Global economy_3231",
      "category": "Global economy",
      "identified_property": "recession severity",
      "valence": "negative",
      "n_comparisons": 30,
      "n_monotonic": 24,
      "monotonicity_rate": 0.8,
      "n_monotonic_decreasing": 1,
      "monotonicity_rate_decreasing": 0.03333333333333333,
      "set_inferred_direction": 1,
      "n_monotonic_inferred_direction": 24,
      "monotonicity_rate_inferred_direction": 0.8,
      "n_erratic_flips": 1,
      "erratic_flip_rate": 0.03333333333333333,
      "mean_kendall_tau": 0.7416541022298725,
      "mean_spearman_rho": 0.8392488507843303,
      "jt_significant_rate": 0.9666666666666667,
      "mean_logistic_slope": 15.291562764980199,
      "logistic_significant_rate": 0.5333333333333333,
      "mean_isotonic_r2": 0.948281397900364,
      "mean_kendall_tau_abs": 0.7083063343182902,
      "mean_spearman_rho_abs": 0.7949817396713846,
      "mean_logistic_slope_abs": 15.291562764980199,
      "mean_isotonic_r2_bidirectional": 0.948281397900364,
      "frac_inferred_increasing": 0.9666666666666667,
      "frac_inferred_decreasing": 0.0,
      "mean_bootstrap_mono_prob": 0.7103333333333334,
      "mean_significant_violations": 0.16666666666666666,
      "mean_prob_range": 0.9016666666666667
    },
    {
      "variation_id": "Global economy_3676",
      "category": "Global economy",
      "identified_property": "severity of impact on purchasing power",
      "valence": "negative",
      "n_comparisons": 30,
      "n_monotonic": 24,
      "monotonicity_rate": 0.8,
      "n_monotonic_decreasing": 4,
      "monotonicity_rate_decreasing": 0.13333333333333333,
      "set_inferred_direction": 1,
      "n_monotonic_inferred_direction": 24,
      "monotonicity_rate_inferred_direction": 0.8,
      "n_erratic_flips": 0,
      "erratic_flip_rate": 0.0,
      "mean_kendall_tau": 0.675705756636924,
      "mean_spearman_rho": 0.7839816276920305,
      "jt_significant_rate": 0.8,
      "mean_logistic_slope": 14.909375690194617,
      "logistic_significant_rate": 0.43333333333333335,
      "mean_isotonic_r2": 0.9635735425359726,
      "mean_kendall_tau_abs": 0.6176857688264878,
      "mean_spearman_rho_abs": 0.6974041169349378,
      "mean_logistic_slope_abs": 14.909375690194617,
      "mean_isotonic_r2_bidirectional": 0.9635735425359726,
      "frac_inferred_increasing": 0.8666666666666667,
      "frac_inferred_decreasing": 0.0,
      "mean_bootstrap_mono_prob": 0.7135833333333333,
      "mean_significant_violations": 0.06666666666666667,
      "mean_prob_range": 0.7366666666666668
    },
    {
      "variation_id": "Global economy_7453",
      "category": "Global economy",
      "identified_property": "implementation effectiveness and enforcement quality",
      "valence": "positive",
      "n_comparisons": 30,
      "n_monotonic": 27,
      "monotonicity_rate": 0.9,
      "n_monotonic_decreasing": 11,
      "monotonicity_rate_decreasing": 0.36666666666666664,
      "set_inferred_direction": 1,
      "n_monotonic_inferred_direction": 27,
      "monotonicity_rate_inferred_direction": 0.9,
      "n_erratic_flips": 0,
      "erratic_flip_rate": 0.0,
      "mean_kendall_tau": 0.5225368706241029,
      "mean_spearman_rho": 0.6221097929464179,
      "jt_significant_rate": 0.6,
      "mean_logistic_slope": 4.017627806744422,
      "logistic_significant_rate": 0.4666666666666667,
      "mean_isotonic_r2": 0.9668092682054036,
      "mean_kendall_tau_abs": 0.4408728109126683,
      "mean_spearman_rho_abs": 0.49356394871389075,
      "mean_logistic_slope_abs": 4.017627806744422,
      "mean_isotonic_r2_bidirectional": 0.9668092682054036,
      "frac_inferred_increasing": 0.6333333333333333,
      "frac_inferred_decreasing": 0.0,
      "mean_bootstrap_mono_prob": 0.7531500000000001,
      "mean_significant_violations": 0.03333333333333333,
      "mean_prob_range": 0.445
    },
    {
      "variation_id": "Global economy_8344",
      "category": "Global economy",
      "identified_property": "severity of economic and social disruption",
      "valence": "negative",
      "n_comparisons": 30,
      "n_monotonic": 25,
      "monotonicity_rate": 0.8333333333333334,
      "n_monotonic_decreasing": 1,
      "monotonicity_rate_decreasing": 0.03333333333333333,
      "set_inferred_direction": 1,
      "n_monotonic_inferred_direction": 25,
      "monotonicity_rate_inferred_direction": 0.8333333333333334,
      "n_erratic_flips": 0,