{
  "model": "opus-46",
  "category": "United States economy",
  "aggregate": {
    "n_variation_sets": 9,
    "n_total_comparisons": 270,
    "n_tiers": 7,
    "monotonicity_rate": 0.7296296296296296,
    "erratic_flip_rate": 0.011111111111111112,
    "mean_kendall_tau": 0.6100028580248239,
    "mean_spearman_rho": 0.7183975348727041,
    "jt_significant_rate": 0.8185185185185185,
    "mean_logistic_slope": 14.579997338296797,
    "logistic_significant_rate": 0.4,
    "mean_isotonic_r2": 0.9173526800384997,
    "mean_kendall_tau_abs": 0.5647841404231952,
    "mean_spearman_rho_abs": 0.6422641388619416,
    "mean_logistic_slope_abs": 14.755678656040702,
    "mean_isotonic_r2_bidirectional": 0.9313013463289158,
    "frac_inferred_increasing": 0.8481481481481481,
    "frac_inferred_decreasing": 0.018518518518518517,
    "mean_bootstrap_mono_prob": 0.6679203703703704,
    "mean_prob_range": 0.7081481481481481
  },
  "per_variation_set": [
    {
      "variation_id": "United States economy_2156",
      "category": "United States economy",
      "identified_property": "effectiveness and quality of infrastructure spending",
      "valence": "positive",
      "n_comparisons": 30,
      "n_monotonic": 29,
      "monotonicity_rate": 0.9666666666666667,
      "n_monotonic_decreasing": 2,
      "monotonicity_rate_decreasing": 0.06666666666666667,
      "set_inferred_direction": 1,
      "n_monotonic_inferred_direction": 29,
      "monotonicity_rate_inferred_direction": 0.9666666666666667,
      "n_erratic_flips": 0,
      "erratic_flip_rate": 0.0,
      "mean_kendall_tau": 0.63479606526528,
      "mean_spearman_rho": 0.726397205431932,
      "jt_significant_rate": 0.9333333333333333,
      "mean_logistic_slope": 29.428685304548413,
      "logistic_significant_rate": 0.06666666666666667,
      "mean_isotonic_r2": 0.9994394394394395,
      "mean_kendall_tau_abs": 0.6010053879330594,
      "mean_spearman_rho_abs": 0.6756611913095825,
      "mean_logistic_slope_abs": 29.428685304548413,
      "mean_isotonic_r2_bidirectional": 0.9994394394394395,
      "frac_inferred_increasing": 0.9333333333333333,
      "frac_inferred_decreasing": 0.0,
      "mean_bootstrap_mono_prob": 0.9629833333333333,
      "mean_significant_violations": 0.0,
      "mean_prob_range": 0.85
    },
    {
      "variation_id": "United States economy_2237",
      "category": "United States economy",
      "identified_property": "severity of layoffs and unemployment impact",
      "valence": "negative",
      "n_comparisons": 30,
      "n_monotonic": 28,
      "monotonicity_rate": 0.9333333333333333,
      "n_monotonic_decreasing": 5,
      "monotonicity_rate_decreasing": 0.16666666666666666,
      "set_inferred_direction": 1,
      "n_monotonic_inferred_direction": 28,
      "monotonicity_rate_inferred_direction": 0.9333333333333333,
      "n_erratic_flips": 0,
      "erratic_flip_rate": 0.0,
      "mean_kendall_tau": 0.6043812523787194,
      "mean_spearman_rho": 0.7058502485602924,
      "jt_significant_rate": 0.8333333333333334,
      "mean_logistic_slope": 14.726101962971724,
      "logistic_significant_rate": 0.36666666666666664,
      "mean_isotonic_r2": 0.9935360718818624,
      "mean_kendall_tau_abs": 0.554802630727344,
      "mean_spearman_rho_abs": 0.6269822184442742,
      "mean_logistic_slope_abs": 14.726101962971724,
      "mean_isotonic_r2_bidirectional": 0.9935360718818624,
      "frac_inferred_increasing": 0.8333333333333334,
      "frac_inferred_decreasing": 0.0,
      "mean_bootstrap_mono_prob": 0.7738999999999999,
      "mean_significant_violations": 0.0,
      "mean_prob_range": 0.6566666666666666
    },
    {
      "variation_id": "United States economy_2241",
      "category": "United States economy",
      "identified_property": "severity of the economic downturn's broader impact",
      "valence": "negative",
      "n_comparisons": 30,
      "n_monotonic": 16,
      "monotonicity_rate": 0.5333333333333333,
      "n_monotonic_decreasing": 6,
      "monotonicity_rate_decreasing": 0.2,
      "set_inferred_direction": 1,
      "n_monotonic_inferred_direction": 16,
      "monotonicity_rate_inferred_direction": 0.5333333333333333,
      "n_erratic_flips": 0,
      "erratic_flip_rate": 0.0,
      "mean_kendall_tau": 0.49685336881956516,
      "mean_spearman_rho": 0.5993984667787056,
      "jt_significant_rate": 0.6333333333333333,
      "mean_logistic_slope": 4.365333373353191,
      "logistic_significant_rate": 0.4666666666666667,
      "mean_isotonic_r2": 0.8009599792362547,
      "mean_kendall_tau_abs": 0.49152316198285845,
      "mean_spearman_rho_abs": 0.5661207447375675,
      "mean_logistic_slope_abs": 5.899171718233287,
      "mean_isotonic_r2_bidirectional": 0.8646061496785417,
      "frac_inferred_increasing": 0.7666666666666667,
      "frac_inferred_decreasing": 0.06666666666666667,
      "mean_bootstrap_mono_prob": 0.45560000000000006,
      "mean_significant_violations": 0.3,
      "mean_prob_range": 0.5299999999999999
    },
    {
      "variation_id": "United States economy_3163",
      "category": "United States economy",
      "identified_property": "effectiveness at combating inflation with minimal economic disruption",
      "valence": "positive",
      "n_comparisons": 30,
      "n_monotonic": 18,
      "monotonicity_rate": 0.6,
      "n_monotonic_decreasing": 3,
      "monotonicity_rate_decreasing": 0.1,
      "set_inferred_direction": 1,
      "n_monotonic_inferred_direction": 18,
      "monotonicity_rate_inferred_direction": 0.6,
      "n_erratic_flips": 1,
      "erratic_flip_rate": 0.03333333333333333,
      "mean_kendall_tau": 0.7015024279295176,
      "mean_spearman_rho": 0.8182096577795049,
      "jt_significant_rate": 0.9,
      "mean_logistic_slope": 12.10039791075589,
      "logistic_significant_rate": 0.6,
      "mean_isotonic_r2": 0.9487070178409095,
      "mean_kendall_tau_abs": 0.6575170517492367,
      "mean_spearman_rho_abs": 0.7491190201753024,
      "mean_logistic_slope_abs": 12.10039791075589,
      "mean_isotonic_r2_bidirectional": 0.9487070178409095,
      "frac_inferred_increasing": 0.9,
      "frac_inferred_decreasing": 0.0,
      "mean_bootstrap_mono_prob": 0.5372166666666666,
      "mean_significant_violations": 0.26666666666666666,
      "mean_prob_range": 0.795
    },
    {
      "variation_id": "United States economy_3510",
      "category": "United States economy",
      "identified_property": "magnitude and quality of foreign investment attracted",
      "valence": "positive",
      "n_comparisons": 30,
      "n_monotonic": 24,
      "monotonicity_rate": 0.8,
      "n_monotonic_decreasing": 7,
      "monotonicity_rate_decreasing": 0.23333333333333334,
      "set_inferred_direction": 1,
      "n_monotonic_inferred_direction": 24,
      "monotonicity_rate_inferred_direction": 0.8,
      "n_erratic_flips": 0,
      "erratic_flip_rate": 0.0,
      "mean_kendall_tau": 0.6191730054751018,
      "mean_spearman_rho": 0.7306877645792341,
      "jt_significant_rate": 0.7333333333333333,
      "mean_logistic_slope": 8.82785979409735,
      "logistic_significant_rate": 0.5,
      "mean_isotonic_r2": 0.9563630461498734,
      "mean_kendall_tau_abs": 0.5503294493959282,
      "mean_spearman_rho_abs": 0.6207468239828339,
      "mean_logistic_slope_abs": 8.82785979409735,
      "mean_isotonic_r2_bidirectional": 0.9563630461498734,
      "frac_inferred_increasing": 0.7666666666666667,
      "frac_inferred_decreasing": 0.0,
      "mean_bootstrap_mono_prob": 0.70135,
      "mean_significant_violations": 0.06666666666666667,
      "mean_prob_range": 0.5783333333333333
    },
    {
      "variation_id": "United States economy_4120",
      "category": "United States economy",
      "identified_property": "magnitude of dollar strengthening and resulting competitiveness loss",
      "valence": "negative",
      "n_comparisons": 30,
      "n_monotonic": 20,
      "monotonicity_rate": 0.6666666666666666,
      "n_monotonic_decreasing": 6,