{
  "model": "opus-46",
  "category": "Wellbeing of humans",
  "aggregate": {
    "n_variation_sets": 11,
    "n_total_comparisons": 330,
    "n_tiers": 7,
    "monotonicity_rate": 0.9,
    "erratic_flip_rate": 0.0030303030303030303,
    "mean_kendall_tau": 0.3669262749844265,
    "mean_spearman_rho": 0.4512236545301843,
    "jt_significant_rate": 0.46060606060606063,
    "mean_logistic_slope": 9.726626394274358,
    "logistic_significant_rate": 0.1606060606060606,
    "mean_isotonic_r2": 0.9763362387590222,
    "mean_kendall_tau_abs": 0.3078677312102096,
    "mean_spearman_rho_abs": 0.3491324194444404,
    "mean_logistic_slope_abs": 9.727961544254287,
    "mean_isotonic_r2_bidirectional": 0.9771464239442074,
    "frac_inferred_increasing": 0.47878787878787876,
    "frac_inferred_decreasing": 0.0030303030303030303,
    "mean_bootstrap_mono_prob": 0.8741136363636363,
    "mean_prob_range": 0.3512544473070789
  },
  "per_variation_set": [
    {
      "variation_id": "Wellbeing of humans_2804",
      "category": "Wellbeing of humans",
      "identified_property": "magnitude of obesity rate decline",
      "valence": "positive",
      "n_comparisons": 30,
      "n_monotonic": 29,
      "monotonicity_rate": 0.9666666666666667,
      "n_monotonic_decreasing": 2,
      "monotonicity_rate_decreasing": 0.06666666666666667,
      "set_inferred_direction": 1,
      "n_monotonic_inferred_direction": 29,
      "monotonicity_rate_inferred_direction": 0.9666666666666667,
      "n_erratic_flips": 0,
      "erratic_flip_rate": 0.0,
      "mean_kendall_tau": 0.7377100397207096,
      "mean_spearman_rho": 0.8419671977611058,
      "jt_significant_rate": 0.9333333333333333,
      "mean_logistic_slope": 30.16007253168925,
      "logistic_significant_rate": 0.16666666666666666,
      "mean_isotonic_r2": 0.9999994983502891,
      "mean_kendall_tau_abs": 0.7093304815849281,
      "mean_spearman_rho_abs": 0.8004794716362457,
      "mean_logistic_slope_abs": 30.16007253168925,
      "mean_isotonic_r2_bidirectional": 0.9999994983502891,
      "frac_inferred_increasing": 0.9333333333333333,
      "frac_inferred_decreasing": 0.0,
      "mean_bootstrap_mono_prob": 0.9277333333333334,
      "mean_significant_violations": 0.0,
      "mean_prob_range": 0.8648245614035088
    },
    {
      "variation_id": "Wellbeing of humans_3054",
      "category": "Wellbeing of humans",
      "identified_property": "pact effectiveness and comprehensiveness",
      "valence": "positive",
      "n_comparisons": 30,
      "n_monotonic": 29,
      "monotonicity_rate": 0.9666666666666667,
      "n_monotonic_decreasing": 24,
      "monotonicity_rate_decreasing": 0.8,
      "set_inferred_direction": 1,
      "n_monotonic_inferred_direction": 29,
      "monotonicity_rate_inferred_direction": 0.9666666666666667,
      "n_erratic_flips": 0,
      "erratic_flip_rate": 0.0,
      "mean_kendall_tau": 0.16414539662398878,
      "mean_spearman_rho": 0.20841977335016632,
      "jt_significant_rate": 0.2,
      "mean_logistic_slope": 3.961773328405097,
      "logistic_significant_rate": 0.06666666666666667,
      "mean_isotonic_r2": 0.9990192781887469,
      "mean_kendall_tau_abs": 0.13327132293422825,
      "mean_spearman_rho_abs": 0.1523075535113195,
      "mean_logistic_slope_abs": 3.961773328405097,
      "mean_isotonic_r2_bidirectional": 0.9990192781887469,
      "frac_inferred_increasing": 0.2,
      "frac_inferred_decreasing": 0.0,
      "mean_bootstrap_mono_prob": 0.9525833333333333,
      "mean_significant_violations": 0.0,
      "mean_prob_range": 0.13666666666666666
    },
    {
      "variation_id": "Wellbeing of humans_3359",
      "category": "Wellbeing of humans",
      "identified_property": "comprehensiveness and quality of coverage",
      "valence": "positive",
      "n_comparisons": 30,
      "n_monotonic": 28,
      "monotonicity_rate": 0.9333333333333333,
      "n_monotonic_decreasing": 8,
      "monotonicity_rate_decreasing": 0.26666666666666666,
      "set_inferred_direction": 1,
      "n_monotonic_inferred_direction": 28,
      "monotonicity_rate_inferred_direction": 0.9333333333333333,
      "n_erratic_flips": 0,
      "erratic_flip_rate": 0.0,
      "mean_kendall_tau": 0.45613027463303857,
      "mean_spearman_rho": 0.5370114253677952,
      "jt_significant_rate": 0.6666666666666666,
      "mean_logistic_slope": 14.461791069188012,
      "logistic_significant_rate": 0.16666666666666666,
      "mean_isotonic_r2": 0.9939839809286991,
      "mean_kendall_tau_abs": 0.4155558779652159,
      "mean_spearman_rho_abs": 0.47407095555316764,
      "mean_logistic_slope_abs": 14.461791069188012,
      "mean_isotonic_r2_bidirectional": 0.9939839809286991,
      "frac_inferred_increasing": 0.7333333333333333,
      "frac_inferred_decreasing": 0.0,
      "mean_bootstrap_mono_prob": 0.9007666666666668,
      "mean_significant_violations": 0.03333333333333333,
      "mean_prob_range": 0.3983333333333333
    },
    {
      "variation_id": "Wellbeing of humans_5105",
      "category": "Wellbeing of humans",
      "identified_property": "pandemic severity",
      "valence": "negative",
      "n_comparisons": 30,
      "n_monotonic": 26,
      "monotonicity_rate": 0.8666666666666667,
      "n_monotonic_decreasing": 1,
      "monotonicity_rate_decreasing": 0.03333333333333333,
      "set_inferred_direction": 1,
      "n_monotonic_inferred_direction": 26,
      "monotonicity_rate_inferred_direction": 0.8666666666666667,
      "n_erratic_flips": 0,
      "erratic_flip_rate": 0.0,
      "mean_kendall_tau": 0.7486132788032309,
      "mean_spearman_rho": 0.8390758880947944,
      "jt_significant_rate": 0.9666666666666667,
      "mean_logistic_slope": 17.279107397298073,
      "logistic_significant_rate": 0.36666666666666664,
      "mean_isotonic_r2": 0.9905386459390513,
      "mean_kendall_tau_abs": 0.7269577046880659,
      "mean_spearman_rho_abs": 0.8078636655418646,
      "mean_logistic_slope_abs": 17.279107397298073,
      "mean_isotonic_r2_bidirectional": 0.9905386459390513,
      "frac_inferred_increasing": 0.9666666666666667,
      "frac_inferred_decreasing": 0.0,
      "mean_bootstrap_mono_prob": 0.7734500000000001,
      "mean_significant_violations": 0.06666666666666667,
      "mean_prob_range": 0.8566666666666667
    },
    {
      "variation_id": "Wellbeing of humans_7495",
      "category": "Wellbeing of humans",
      "identified_property": "happiness intensity",
      "valence": "positive",
      "n_comparisons": 30,
      "n_monotonic": 22,
      "monotonicity_rate": 0.7333333333333333,
      "n_monotonic_decreasing": 19,
      "monotonicity_rate_decreasing": 0.6333333333333333,
      "set_inferred_direction": 1,
      "n_monotonic_inferred_direction": 22,
      "monotonicity_rate_inferred_direction": 0.7333333333333333,
      "n_erratic_flips": 1,
      "erratic_flip_rate": 0.03333333333333333,
      "mean_kendall_tau": 0.192828228827434,
      "mean_spearman_rho": 0.24261388174445994,
      "jt_significant_rate": 0.26666666666666666,
      "mean_logistic_slope": 0.8620776371239665,
      "logistic_significant_rate": 0.23333333333333334,
      "mean_isotonic_r2": 0.8693458710990191,
      "mean_kendall_tau_abs": 0.17466003196140614,
      "mean_spearman_rho_abs": 0.19814660505706114,
      "mean_logistic_slope_abs": 0.8767642869031669,
      "mean_isotonic_r2_bidirectional": 0.8782579081360562,
      "frac_inferred_increasing": 0.3333333333333333,
      "frac_inferred_decreasing": 0.03333333333333333,
      "mean_bootstrap_mono_prob": 0.6922999999999999,
      "mean_significant_violations": 0.26666666666666666,
      "mean_prob_range": 0.21333333333333335
    },
    {
      "variation_id": "Wellbeing of humans_8626",
      "category": "Wellbeing of humans",
      "identified_property": "speed and permanence of eradication",
      "valence": "positive",
      "n_comparisons": 30,
      "n_monotonic": 30,
      "monotonicity_rate": 1.0,
      "n_monotonic_decreasing": 19,