{
  "model": "ministral-3b-2512-openrouter",
  "category": "AI and human romantic relationships",
  "aggregate": {
    "n_variation_sets": 3,
    "n_total_comparisons": 90,
    "n_tiers": 7,
    "monotonicity_rate": 0.6333333333333333,
    "erratic_flip_rate": 0.011111111111111112,
    "mean_kendall_tau": 0.7204988065142253,
    "mean_spearman_rho": 0.8231043495870454,
    "jt_significant_rate": 0.9333333333333333,
    "mean_logistic_slope": 14.45259748607687,
    "logistic_significant_rate": 0.5111111111111111,
    "mean_isotonic_r2": 0.962622223937627,
    "mean_kendall_tau_abs": 0.6857865317838151,
    "mean_spearman_rho_abs": 0.7712767428912707,
    "mean_logistic_slope_abs": 14.45259748607687,
    "mean_isotonic_r2_bidirectional": 0.962622223937627,
    "frac_inferred_increasing": 0.9444444444444444,
    "frac_inferred_decreasing": 0.0,
    "mean_bootstrap_mono_prob": 0.6184833333333333,
    "mean_prob_range": 0.8205555555555557
  },
  "per_variation_set": [
    {
      "variation_id": "AI and human romantic relationships_4506",
      "category": "AI and human romantic relationships",
      "identified_property": "quality and effectiveness of counseling services",
      "valence": "positive",
      "n_comparisons": 30,
      "n_monotonic": 11,
      "monotonicity_rate": 0.36666666666666664,
      "n_monotonic_decreasing": 5,
      "monotonicity_rate_decreasing": 0.16666666666666666,
      "set_inferred_direction": 1,
      "n_monotonic_inferred_direction": 11,
      "monotonicity_rate_inferred_direction": 0.36666666666666664,
      "n_erratic_flips": 1,
      "erratic_flip_rate": 0.03333333333333333,
      "mean_kendall_tau": 0.5224105548206794,
      "mean_spearman_rho": 0.6018315408232179,
      "jt_significant_rate": 0.8,
      "mean_logistic_slope": 5.383408468824481,
      "logistic_significant_rate": 0.6333333333333333,
      "mean_isotonic_r2": 0.9094204116156839,
      "mean_kendall_tau_abs": 0.49605621799082816,
      "mean_spearman_rho_abs": 0.5599913423524714,
      "mean_logistic_slope_abs": 5.383408468824481,
      "mean_isotonic_r2_bidirectional": 0.9094204116156839,
      "frac_inferred_increasing": 0.8333333333333334,
      "frac_inferred_decreasing": 0.0,
      "mean_bootstrap_mono_prob": 0.39606666666666673,
      "mean_significant_violations": 0.26666666666666666,
      "mean_prob_range": 0.5383333333333333
    },
    {
      "variation_id": "AI and human romantic relationships_8206",
      "category": "AI and human romantic relationships",
      "identified_property": "quality of co-parenting and child outcomes",
      "valence": "positive",
      "n_comparisons": 30,
      "n_monotonic": 27,
      "monotonicity_rate": 0.9,
      "n_monotonic_decreasing": 0,
      "monotonicity_rate_decreasing": 0.0,
      "set_inferred_direction": 1,
      "n_monotonic_inferred_direction": 27,
      "monotonicity_rate_inferred_direction": 0.9,
      "n_erratic_flips": 0,
      "erratic_flip_rate": 0.0,
      "mean_kendall_tau": 0.804817980393288,
      "mean_spearman_rho": 0.8951508094494555,
      "jt_significant_rate": 1.0,
      "mean_logistic_slope": 24.409658251901117,
      "logistic_significant_rate": 0.23333333333333334,
      "mean_isotonic_r2": 0.995976160483631,
      "mean_kendall_tau_abs": 0.798498237526143,
      "mean_spearman_rho_abs": 0.8889000428754901,
      "mean_logistic_slope_abs": 24.409658251901117,
      "mean_isotonic_r2_bidirectional": 0.995976160483631,
      "frac_inferred_increasing": 1.0,
      "frac_inferred_decreasing": 0.0,
      "mean_bootstrap_mono_prob": 0.8903666666666668,
      "mean_significant_violations": 0.03333333333333333,
      "mean_prob_range": 0.9666666666666667
    },
    {
      "variation_id": "AI and human romantic relationships_8844",
      "category": "AI and human romantic relationships",
      "identified_property": "tactfulness and compassion of the decline",
      "valence": "positive",
      "n_comparisons": 30,
      "n_monotonic": 19,
      "monotonicity_rate": 0.6333333333333333,
      "n_monotonic_decreasing": 0,
      "monotonicity_rate_decreasing": 0.0,
      "set_inferred_direction": 1,
      "n_monotonic_inferred_direction": 19,
      "monotonicity_rate_inferred_direction": 0.6333333333333333,
      "n_erratic_flips": 0,
      "erratic_flip_rate": 0.0,
      "mean_kendall_tau": 0.775608796269496,
      "mean_spearman_rho": 0.8754211356943055,
      "jt_significant_rate": 1.0,
      "mean_logistic_slope": 13.564725737505023,
      "logistic_significant_rate": 0.6666666666666666,
      "mean_isotonic_r2": 0.9824700997135658,
      "mean_kendall_tau_abs": 0.7628051398344742,
      "mean_spearman_rho_abs": 0.8649388434458505,
      "mean_logistic_slope_abs": 13.564725737505023,
      "mean_isotonic_r2_bidirectional": 0.9824700997135658,
      "frac_inferred_increasing": 1.0,
      "frac_inferred_decreasing": 0.0,
      "mean_bootstrap_mono_prob": 0.5690166666666666,
      "mean_significant_violations": 0.1,
      "mean_prob_range": 0.9566666666666667
    }
  ]
}