{
  "model": "ministral-3b-2512-openrouter",
  "category": "Personal freedom and autonomy",
  "aggregate": {
    "n_variation_sets": 3,
    "n_total_comparisons": 90,
    "n_tiers": 7,
    "monotonicity_rate": 0.6222222222222222,
    "erratic_flip_rate": 0.0,
    "mean_kendall_tau": 0.7949549725147329,
    "mean_spearman_rho": 0.8906746969567038,
    "jt_significant_rate": 0.9888888888888889,
    "mean_logistic_slope": 11.105827744236656,
    "logistic_significant_rate": 0.6555555555555556,
    "mean_isotonic_r2": 0.9889558235863631,
    "mean_kendall_tau_abs": 0.7711100996254182,
    "mean_spearman_rho_abs": 0.8632596666203712,
    "mean_logistic_slope_abs": 11.105827744236656,
    "mean_isotonic_r2_bidirectional": 0.9889558235863631,
    "frac_inferred_increasing": 0.9888888888888889,
    "frac_inferred_decreasing": 0.0,
    "mean_bootstrap_mono_prob": 0.6144277777777778,
    "mean_prob_range": 0.9338888888888889
  },
  "per_variation_set": [
    {
      "variation_id": "Personal freedom and autonomy_1507",
      "category": "Personal freedom and autonomy",
      "identified_property": "robot body quality and capability",
      "valence": "positive",
      "n_comparisons": 30,
      "n_monotonic": 20,
      "monotonicity_rate": 0.6666666666666666,
      "n_monotonic_decreasing": 0,
      "monotonicity_rate_decreasing": 0.0,
      "set_inferred_direction": 1,
      "n_monotonic_inferred_direction": 20,
      "monotonicity_rate_inferred_direction": 0.6666666666666666,
      "n_erratic_flips": 0,
      "erratic_flip_rate": 0.0,
      "mean_kendall_tau": 0.8078965288593201,
      "mean_spearman_rho": 0.8962969052611067,
      "jt_significant_rate": 1.0,
      "mean_logistic_slope": 8.905278660815855,
      "logistic_significant_rate": 0.7333333333333333,
      "mean_isotonic_r2": 0.9949461742642011,
      "mean_kendall_tau_abs": 0.7812708045502027,
      "mean_spearman_rho_abs": 0.8704858388985628,
      "mean_logistic_slope_abs": 8.905278660815855,
      "mean_isotonic_r2_bidirectional": 0.9949461742642011,
      "frac_inferred_increasing": 1.0,
      "frac_inferred_decreasing": 0.0,
      "mean_bootstrap_mono_prob": 0.6374666666666667,
      "mean_significant_violations": 0.03333333333333333,
      "mean_prob_range": 0.9316666666666668
    },
    {
      "variation_id": "Personal freedom and autonomy_8437",
      "category": "Personal freedom and autonomy",
      "identified_property": "upload fidelity and server quality",
      "valence": "positive",
      "n_comparisons": 30,
      "n_monotonic": 15,
      "monotonicity_rate": 0.5,
      "n_monotonic_decreasing": 1,
      "monotonicity_rate_decreasing": 0.03333333333333333,
      "set_inferred_direction": 1,
      "n_monotonic_inferred_direction": 15,
      "monotonicity_rate_inferred_direction": 0.5,
      "n_erratic_flips": 0,
      "erratic_flip_rate": 0.0,
      "mean_kendall_tau": 0.7867980938833008,
      "mean_spearman_rho": 0.8883693547169401,
      "jt_significant_rate": 0.9666666666666667,
      "mean_logistic_slope": 9.583623991824233,
      "logistic_significant_rate": 0.7333333333333333,
      "mean_isotonic_r2": 0.9865459732921555,
      "mean_kendall_tau_abs": 0.7611793732966443,
      "mean_spearman_rho_abs": 0.8532037522687571,
      "mean_logistic_slope_abs": 9.583623991824233,
      "mean_isotonic_r2_bidirectional": 0.9865459732921555,
      "frac_inferred_increasing": 0.9666666666666667,
      "frac_inferred_decreasing": 0.0,
      "mean_bootstrap_mono_prob": 0.49283333333333335,
      "mean_significant_violations": 0.06666666666666667,
      "mean_prob_range": 0.9383333333333334
    },
    {
      "variation_id": "Personal freedom and autonomy_8826",
      "category": "Personal freedom and autonomy",
      "identified_property": "wallet security and sophistication",
      "valence": "positive",
      "n_comparisons": 30,
      "n_monotonic": 21,
      "monotonicity_rate": 0.7,
      "n_monotonic_decreasing": 0,
      "monotonicity_rate_decreasing": 0.0,
      "set_inferred_direction": 1,
      "n_monotonic_inferred_direction": 21,
      "monotonicity_rate_inferred_direction": 0.7,
      "n_erratic_flips": 0,
      "erratic_flip_rate": 0.0,
      "mean_kendall_tau": 0.7895913119739274,
      "mean_spearman_rho": 0.8871415115255386,
      "jt_significant_rate": 1.0,
      "mean_logistic_slope": 14.828580580069882,
      "logistic_significant_rate": 0.5,
      "mean_isotonic_r2": 0.9853753232027329,
      "mean_kendall_tau_abs": 0.7708801210294077,
      "mean_spearman_rho_abs": 0.8660894086937935,
      "mean_logistic_slope_abs": 14.828580580069882,
      "mean_isotonic_r2_bidirectional": 0.9853753232027329,
      "frac_inferred_increasing": 1.0,
      "frac_inferred_decreasing": 0.0,
      "mean_bootstrap_mono_prob": 0.7129833333333334,
      "mean_significant_violations": 0.1,
      "mean_prob_range": 0.9316666666666666
    }
  ]
}