{
  "model": "gpt-54-thinking",
  "category": "Global politics and geopolitics",
  "aggregate": {
    "n_variation_sets": 7,
    "n_total_comparisons": 210,
    "n_tiers": 7,
    "monotonicity_rate": 0.819047619047619,
    "erratic_flip_rate": 0.0,
    "mean_kendall_tau": 0.4973365036565785,
    "mean_spearman_rho": 0.5993298818514903,
    "jt_significant_rate": 0.5380952380952381,
    "mean_logistic_slope": 9.420679899872335,
    "logistic_significant_rate": 0.24761904761904763,
    "mean_isotonic_r2": 0.9553444047108095,
    "mean_kendall_tau_abs": 0.41823195311154243,
    "mean_spearman_rho_abs": 0.47288926664378605,
    "mean_logistic_slope_abs": 9.427165988700207,
    "mean_isotonic_r2_bidirectional": 0.9578212565626615,
    "frac_inferred_increasing": 0.6285714285714286,
    "frac_inferred_decreasing": 0.014285714285714285,
    "mean_bootstrap_mono_prob": 0.8273333333333334,
    "mean_prob_range": 0.39605123920913393
  },
  "per_variation_set": [
    {
      "variation_id": "Global politics and geopolitics_1337",
      "category": "Global politics and geopolitics",
      "identified_property": "benevolence and governance quality of the superpower",
      "valence": "positive",
      "n_comparisons": 30,
      "n_monotonic": 26,
      "monotonicity_rate": 0.8666666666666667,
      "n_monotonic_decreasing": 1,
      "monotonicity_rate_decreasing": 0.03333333333333333,
      "set_inferred_direction": 1,
      "n_monotonic_inferred_direction": 26,
      "monotonicity_rate_inferred_direction": 0.8666666666666667,
      "n_erratic_flips": 0,
      "erratic_flip_rate": 0.0,
      "mean_kendall_tau": 0.7872561980804436,
      "mean_spearman_rho": 0.8877821502278066,
      "jt_significant_rate": 0.9666666666666667,
      "mean_logistic_slope": 29.355881741808087,
      "logistic_significant_rate": 0.26666666666666666,
      "mean_isotonic_r2": 0.9982499472904185,
      "mean_kendall_tau_abs": 0.7631613581708122,
      "mean_spearman_rho_abs": 0.8577764406246504,
      "mean_logistic_slope_abs": 29.355881741808087,
      "mean_isotonic_r2_bidirectional": 0.9982499472904185,
      "frac_inferred_increasing": 0.9666666666666667,
      "frac_inferred_decreasing": 0.0,
      "mean_bootstrap_mono_prob": 0.8857333333333333,
      "mean_significant_violations": 0.0,
      "mean_prob_range": 0.9666666666666667
    },
    {
      "variation_id": "Global politics and geopolitics_1734",
      "category": "Global politics and geopolitics",
      "identified_property": "comprehensiveness and depth of the agreement",
      "valence": "positive",
      "n_comparisons": 30,
      "n_monotonic": 24,
      "monotonicity_rate": 0.8,
      "n_monotonic_decreasing": 13,
      "monotonicity_rate_decreasing": 0.43333333333333335,
      "set_inferred_direction": 1,
      "n_monotonic_inferred_direction": 24,
      "monotonicity_rate_inferred_direction": 0.8,
      "n_erratic_flips": 0,
      "erratic_flip_rate": 0.0,
      "mean_kendall_tau": 0.33387812045014037,
      "mean_spearman_rho": 0.40156681785456744,
      "jt_significant_rate": 0.36666666666666664,
      "mean_logistic_slope": 7.882305459045745,
      "logistic_significant_rate": 0.13333333333333333,
      "mean_isotonic_r2": 0.9270402511946106,
      "mean_kendall_tau_abs": 0.29744839642930637,
      "mean_spearman_rho_abs": 0.3408466003997014,
      "mean_logistic_slope_abs": 7.882305459045745,
      "mean_isotonic_r2_bidirectional": 0.9270402511946106,
      "frac_inferred_increasing": 0.5333333333333333,
      "frac_inferred_decreasing": 0.03333333333333333,
      "mean_bootstrap_mono_prob": 0.8654,
      "mean_significant_violations": 0.0,
      "mean_prob_range": 0.24000000000000002
    },
    {
      "variation_id": "Global politics and geopolitics_5034",
      "category": "Global politics and geopolitics",
      "identified_property": "comprehensiveness and scope of disarmament",
      "valence": "positive",
      "n_comparisons": 30,
      "n_monotonic": 27,
      "monotonicity_rate": 0.9,
      "n_monotonic_decreasing": 24,
      "monotonicity_rate_decreasing": 0.8,
      "set_inferred_direction": 1,
      "n_monotonic_inferred_direction": 27,
      "monotonicity_rate_inferred_direction": 0.9,
      "n_erratic_flips": 0,
      "erratic_flip_rate": 0.0,
      "mean_kendall_tau": 0.09190546083293975,
      "mean_spearman_rho": 0.1177681868875789,
      "jt_significant_rate": 0.1,
      "mean_logistic_slope": 2.048991204292749,
      "logistic_significant_rate": 0.0,
      "mean_isotonic_r2": 0.9571225071225071,
      "mean_kendall_tau_abs": 0.10450947143360143,
      "mean_spearman_rho_abs": 0.12301390994665547,
      "mean_logistic_slope_abs": 2.0943938260878583,
      "mean_isotonic_r2_bidirectional": 0.9700854700854701,
      "frac_inferred_increasing": 0.16666666666666666,
      "frac_inferred_decreasing": 0.03333333333333333,
      "mean_bootstrap_mono_prob": 0.93045,
      "mean_significant_violations": 0.0,
      "mean_prob_range": 0.016929824561403514
    },
    {
      "variation_id": "Global politics and geopolitics_6361",
      "category": "Global politics and geopolitics",
      "identified_property": "comprehensiveness and durability of the ceasefire agreement",
      "valence": "positive",
      "n_comparisons": 30,
      "n_monotonic": 29,
      "monotonicity_rate": 0.9666666666666667,
      "n_monotonic_decreasing": 20,
      "monotonicity_rate_decreasing": 0.6666666666666666,
      "set_inferred_direction": 1,
      "n_monotonic_inferred_direction": 29,
      "monotonicity_rate_inferred_direction": 0.9666666666666667,
      "n_erratic_flips": 0,
      "erratic_flip_rate": 0.0,
      "mean_kendall_tau": 0.2094799938429844,
      "mean_spearman_rho": 0.24897647082633384,
      "jt_significant_rate": 0.13333333333333333,
      "mean_logistic_slope": 4.9178334921855384,
      "logistic_significant_rate": 0.03333333333333333,
      "mean_isotonic_r2": 0.9805555555555556,
      "mean_kendall_tau_abs": 0.18484998127451108,
      "mean_spearman_rho_abs": 0.20994742639363237,
      "mean_logistic_slope_abs": 4.9178334921855384,
      "mean_isotonic_r2_bidirectional": 0.9805555555555556,
      "frac_inferred_increasing": 0.3333333333333333,
      "frac_inferred_decreasing": 0.0,
      "mean_bootstrap_mono_prob": 0.9703499999999999,
      "mean_significant_violations": 0.0,
      "mean_prob_range": 0.04903508771929825
    },
    {
      "variation_id": "Global politics and geopolitics_8267",
      "category": "Global politics and geopolitics",
      "identified_property": "agreement enforceability and comprehensiveness",
      "valence": "positive",
      "n_comparisons": 30,
      "n_monotonic": 11,
      "monotonicity_rate": 0.36666666666666664,
      "n_monotonic_decreasing": 6,
      "monotonicity_rate_decreasing": 0.2,
      "set_inferred_direction": 1,
      "n_monotonic_inferred_direction": 11,
      "monotonicity_rate_inferred_direction": 0.36666666666666664,
      "n_erratic_flips": 0,
      "erratic_flip_rate": 0.0,
      "mean_kendall_tau": 0.5769801516913946,
      "mean_spearman_rho": 0.7007109365462049,
      "jt_significant_rate": 0.7,
      "mean_logistic_slope": 0.5974934998740163,
      "logistic_significant_rate": 0.5666666666666667,
      "mean_isotonic_r2": 0.863882015616441,
      "mean_kendall_tau_abs": 0.47146464746120237,
      "mean_spearman_rho_abs": 0.5495396445447908,
      "mean_logistic_slope_abs": 0.5974934998740163,
      "mean_isotonic_r2_bidirectional": 0.8682570156164409,
      "frac_inferred_increasing": 0.7666666666666667,
      "frac_inferred_decreasing": 0.03333333333333333,
      "mean_bootstrap_mono_prob": 0.3228666666666667,
      "mean_significant_violations": 0.0,
      "mean_prob_range": 0.48491228070175435
    },
    {
      "variation_id": "Global politics and geopolitics_9052",
      "category": "Global politics and geopolitics",
      "identified_property": "severity of conflicts and resulting tensions",
      "valence": "negative",