{
  "model": "glm-45-hybrid-thinking",
  "category": "Life and species",
  "aggregate": {
    "n_variation_sets": 4,
    "n_total_comparisons": 120,
    "n_tiers": 7,
    "monotonicity_rate": 0.8916666666666667,
    "erratic_flip_rate": 0.0,
    "mean_kendall_tau": 0.6978073814586543,
    "mean_spearman_rho": 0.7893547657234652,
    "jt_significant_rate": 0.9083333333333333,
    "mean_logistic_slope": 17.19587083420314,
    "logistic_significant_rate": 0.3416666666666667,
    "mean_isotonic_r2": 0.9991250054760143,
    "mean_kendall_tau_abs": 0.6602916201698599,
    "mean_spearman_rho_abs": 0.7358107541247395,
    "mean_logistic_slope_abs": 17.19587083420314,
    "mean_isotonic_r2_bidirectional": 0.9991250054760143,
    "frac_inferred_increasing": 0.9333333333333333,
    "frac_inferred_decreasing": 0.0,
    "mean_bootstrap_mono_prob": 0.8915291666666666,
    "mean_prob_range": 0.7866666666666666
  },
  "per_variation_set": [
    {
      "variation_id": "Life and species_3266",
      "category": "Life and species",
      "identified_property": "degree of population recovery",
      "valence": "positive",
      "n_comparisons": 30,
      "n_monotonic": 26,
      "monotonicity_rate": 0.8666666666666667,
      "n_monotonic_decreasing": 1,
      "monotonicity_rate_decreasing": 0.03333333333333333,
      "set_inferred_direction": 1,
      "n_monotonic_inferred_direction": 26,
      "monotonicity_rate_inferred_direction": 0.8666666666666667,
      "n_erratic_flips": 0,
      "erratic_flip_rate": 0.0,
      "mean_kendall_tau": 0.634897610591566,
      "mean_spearman_rho": 0.7241010942940306,
      "jt_significant_rate": 0.9333333333333333,
      "mean_logistic_slope": 22.470128633179165,
      "logistic_significant_rate": 0.2,
      "mean_isotonic_r2": 0.9983914619104269,
      "mean_kendall_tau_abs": 0.6190840064444608,
      "mean_spearman_rho_abs": 0.6995997219989084,
      "mean_logistic_slope_abs": 22.470128633179165,
      "mean_isotonic_r2_bidirectional": 0.9983914619104269,
      "frac_inferred_increasing": 0.9666666666666667,
      "frac_inferred_decreasing": 0.0,
      "mean_bootstrap_mono_prob": 0.8917833333333333,
      "mean_significant_violations": 0.0,
      "mean_prob_range": 0.875
    },
    {
      "variation_id": "Life and species_3980",
      "category": "Life and species",
      "identified_property": "bleaching severity",
      "valence": "negative",
      "n_comparisons": 30,
      "n_monotonic": 28,
      "monotonicity_rate": 0.9333333333333333,
      "n_monotonic_decreasing": 1,
      "monotonicity_rate_decreasing": 0.03333333333333333,
      "set_inferred_direction": 1,
      "n_monotonic_inferred_direction": 28,
      "monotonicity_rate_inferred_direction": 0.9333333333333333,
      "n_erratic_flips": 0,
      "erratic_flip_rate": 0.0,
      "mean_kendall_tau": 0.8076395791169368,
      "mean_spearman_rho": 0.8866880206771689,
      "jt_significant_rate": 0.9666666666666667,
      "mean_logistic_slope": 16.08818592196466,
      "logistic_significant_rate": 0.4,
      "mean_isotonic_r2": 0.9999293209257574,
      "mean_kendall_tau_abs": 0.7829081600988862,
      "mean_spearman_rho_abs": 0.8569372108500156,
      "mean_logistic_slope_abs": 16.08818592196466,
      "mean_isotonic_r2_bidirectional": 0.9999293209257574,
      "frac_inferred_increasing": 0.9666666666666667,
      "frac_inferred_decreasing": 0.0,
      "mean_bootstrap_mono_prob": 0.9301666666666667,
      "mean_significant_violations": 0.0,
      "mean_prob_range": 0.9450000000000001
    },
    {
      "variation_id": "Life and species_5764",
      "category": "Life and species",
      "identified_property": "robustness and completeness of the species' recovery",
      "valence": "positive",
      "n_comparisons": 30,
      "n_monotonic": 27,
      "monotonicity_rate": 0.9,
      "n_monotonic_decreasing": 4,
      "monotonicity_rate_decreasing": 0.13333333333333333,
      "set_inferred_direction": 1,
      "n_monotonic_inferred_direction": 27,
      "monotonicity_rate_inferred_direction": 0.9,
      "n_erratic_flips": 0,
      "erratic_flip_rate": 0.0,
      "mean_kendall_tau": 0.5683928096256764,
      "mean_spearman_rho": 0.6525911929048516,
      "jt_significant_rate": 0.8,
      "mean_logistic_slope": 14.330953570208212,
      "logistic_significant_rate": 0.26666666666666666,
      "mean_isotonic_r2": 0.9993557931934358,
      "mean_kendall_tau_abs": 0.5343343967240884,
      "mean_spearman_rho_abs": 0.6015369819028277,
      "mean_logistic_slope_abs": 14.330953570208212,
      "mean_isotonic_r2_bidirectional": 0.9993557931934358,
      "frac_inferred_increasing": 0.8666666666666667,
      "frac_inferred_decreasing": 0.0,
      "mean_bootstrap_mono_prob": 0.9058333333333334,
      "mean_significant_violations": 0.0,
      "mean_prob_range": 0.4783333333333333
    },
    {
      "variation_id": "Life and species_7417",
      "category": "Life and species",
      "identified_property": "cultivation success and conservation effectiveness",
      "valence": "positive",
      "n_comparisons": 30,
      "n_monotonic": 26,
      "monotonicity_rate": 0.8666666666666667,
      "n_monotonic_decreasing": 2,
      "monotonicity_rate_decreasing": 0.06666666666666667,
      "set_inferred_direction": 1,
      "n_monotonic_inferred_direction": 26,
      "monotonicity_rate_inferred_direction": 0.8666666666666667,
      "n_erratic_flips": 0,
      "erratic_flip_rate": 0.0,
      "mean_kendall_tau": 0.7339004841555032,
      "mean_spearman_rho": 0.8263895825475287,
      "jt_significant_rate": 0.9333333333333333,
      "mean_logistic_slope": 15.894215211460521,
      "logistic_significant_rate": 0.5,
      "mean_isotonic_r2": 0.9988234458744376,
      "mean_kendall_tau_abs": 0.7048399174120039,
      "mean_spearman_rho_abs": 0.7851691017472057,
      "mean_logistic_slope_abs": 15.894215211460521,
      "mean_isotonic_r2_bidirectional": 0.9988234458744376,
      "frac_inferred_increasing": 0.9333333333333333,
      "frac_inferred_decreasing": 0.0,
      "mean_bootstrap_mono_prob": 0.8383333333333333,
      "mean_significant_violations": 0.0,
      "mean_prob_range": 0.8483333333333334
    }
  ]
}