{
  "model": "glm-45-hybrid-thinking",
  "category": "Wellbeing of humans",
  "aggregate": {
    "n_variation_sets": 11,
    "n_total_comparisons": 330,
    "n_tiers": 7,
    "monotonicity_rate": 0.7363636363636363,
    "erratic_flip_rate": 0.006060606060606061,
    "mean_kendall_tau": 0.5540613623198537,
    "mean_spearman_rho": 0.6609204622538315,
    "jt_significant_rate": 0.6757575757575758,
    "mean_logistic_slope": 8.372347810314132,
    "logistic_significant_rate": 0.36363636363636365,
    "mean_isotonic_r2": 0.9461770475053971,
    "mean_kendall_tau_abs": 0.4864692324746801,
    "mean_spearman_rho_abs": 0.5542457010890378,
    "mean_logistic_slope_abs": 8.372347810314132,
    "mean_isotonic_r2_bidirectional": 0.9465169713458866,
    "frac_inferred_increasing": 0.7484848484848485,
    "frac_inferred_decreasing": 0.0030303030303030303,
    "mean_bootstrap_mono_prob": 0.7341287878787879,
    "mean_prob_range": 0.44696969696969696
  },
  "per_variation_set": [
    {
      "variation_id": "Wellbeing of humans_2804",
      "category": "Wellbeing of humans",
      "identified_property": "magnitude of obesity rate decline",
      "valence": "positive",
      "n_comparisons": 30,
      "n_monotonic": 28,
      "monotonicity_rate": 0.9333333333333333,
      "n_monotonic_decreasing": 1,
      "monotonicity_rate_decreasing": 0.03333333333333333,
      "set_inferred_direction": 1,
      "n_monotonic_inferred_direction": 28,
      "monotonicity_rate_inferred_direction": 0.9333333333333333,
      "n_erratic_flips": 0,
      "erratic_flip_rate": 0.0,
      "mean_kendall_tau": 0.8033188013152149,
      "mean_spearman_rho": 0.8889037615695875,
      "jt_significant_rate": 0.9666666666666667,
      "mean_logistic_slope": 20.807344935729418,
      "logistic_significant_rate": 0.2,
      "mean_isotonic_r2": 0.9996862075946439,
      "mean_kendall_tau_abs": 0.7820201699153876,
      "mean_spearman_rho_abs": 0.8628165515958879,
      "mean_logistic_slope_abs": 20.807344935729418,
      "mean_isotonic_r2_bidirectional": 0.9996862075946439,
      "frac_inferred_increasing": 0.9666666666666667,
      "frac_inferred_decreasing": 0.0,
      "mean_bootstrap_mono_prob": 0.8978333333333334,
      "mean_significant_violations": 0.0,
      "mean_prob_range": 0.9416666666666667
    },
    {
      "variation_id": "Wellbeing of humans_3054",
      "category": "Wellbeing of humans",
      "identified_property": "pact effectiveness and comprehensiveness",
      "valence": "positive",
      "n_comparisons": 30,
      "n_monotonic": 27,
      "monotonicity_rate": 0.9,
      "n_monotonic_decreasing": 21,
      "monotonicity_rate_decreasing": 0.7,
      "set_inferred_direction": 1,
      "n_monotonic_inferred_direction": 27,
      "monotonicity_rate_inferred_direction": 0.9,
      "n_erratic_flips": 0,
      "erratic_flip_rate": 0.0,
      "mean_kendall_tau": 0.24167965389200854,
      "mean_spearman_rho": 0.30154727782631696,
      "jt_significant_rate": 0.23333333333333334,
      "mean_logistic_slope": 2.4745518597884515,
      "logistic_significant_rate": 0.13333333333333333,
      "mean_isotonic_r2": 0.9758531239158547,
      "mean_kendall_tau_abs": 0.1953053800331946,
      "mean_spearman_rho_abs": 0.22211568899291023,
      "mean_logistic_slope_abs": 2.4745518597884515,
      "mean_isotonic_r2_bidirectional": 0.9758531239158547,
      "frac_inferred_increasing": 0.3,
      "frac_inferred_decreasing": 0.0,
      "mean_bootstrap_mono_prob": 0.9225999999999998,
      "mean_significant_violations": 0.0,
      "mean_prob_range": 0.11333333333333334
    },
    {
      "variation_id": "Wellbeing of humans_3359",
      "category": "Wellbeing of humans",
      "identified_property": "comprehensiveness and quality of coverage",
      "valence": "positive",
      "n_comparisons": 30,
      "n_monotonic": 25,
      "monotonicity_rate": 0.8333333333333334,
      "n_monotonic_decreasing": 3,
      "monotonicity_rate_decreasing": 0.1,
      "set_inferred_direction": 1,
      "n_monotonic_inferred_direction": 25,
      "monotonicity_rate_inferred_direction": 0.8333333333333334,
      "n_erratic_flips": 0,
      "erratic_flip_rate": 0.0,
      "mean_kendall_tau": 0.6193320449212293,
      "mean_spearman_rho": 0.7142483284512956,
      "jt_significant_rate": 0.8333333333333334,
      "mean_logistic_slope": 12.682287784967043,
      "logistic_significant_rate": 0.36666666666666664,
      "mean_isotonic_r2": 0.9794940127553521,
      "mean_kendall_tau_abs": 0.5643021841655927,
      "mean_spearman_rho_abs": 0.6337886826978636,
      "mean_logistic_slope_abs": 12.682287784967043,
      "mean_isotonic_r2_bidirectional": 0.9794940127553521,
      "frac_inferred_increasing": 0.9,
      "frac_inferred_decreasing": 0.0,
      "mean_bootstrap_mono_prob": 0.8572666666666667,
      "mean_significant_violations": 0.0,
      "mean_prob_range": 0.5783333333333334
    },
    {
      "variation_id": "Wellbeing of humans_5105",
      "category": "Wellbeing of humans",
      "identified_property": "pandemic severity",
      "valence": "negative",
      "n_comparisons": 30,
      "n_monotonic": 25,
      "monotonicity_rate": 0.8333333333333334,
      "n_monotonic_decreasing": 3,
      "monotonicity_rate_decreasing": 0.1,
      "set_inferred_direction": 1,
      "n_monotonic_inferred_direction": 25,
      "monotonicity_rate_inferred_direction": 0.8333333333333334,
      "n_erratic_flips": 0,
      "erratic_flip_rate": 0.0,
      "mean_kendall_tau": 0.6582246434747598,
      "mean_spearman_rho": 0.7554806682328566,
      "jt_significant_rate": 0.8666666666666667,
      "mean_logistic_slope": 6.663922007166893,
      "logistic_significant_rate": 0.6,
      "mean_isotonic_r2": 0.9963365916336141,
      "mean_kendall_tau_abs": 0.619761137670332,
      "mean_spearman_rho_abs": 0.6995817307832998,
      "mean_logistic_slope_abs": 6.663922007166893,
      "mean_isotonic_r2_bidirectional": 0.9963365916336141,
      "frac_inferred_increasing": 0.9,
      "frac_inferred_decreasing": 0.0,
      "mean_bootstrap_mono_prob": 0.7857333333333332,
      "mean_significant_violations": 0.0,
      "mean_prob_range": 0.5033333333333333
    },
    {
      "variation_id": "Wellbeing of humans_7495",
      "category": "Wellbeing of humans",
      "identified_property": "happiness intensity",
      "valence": "positive",
      "n_comparisons": 30,
      "n_monotonic": 9,
      "monotonicity_rate": 0.3,
      "n_monotonic_decreasing": 3,
      "monotonicity_rate_decreasing": 0.1,
      "set_inferred_direction": 1,
      "n_monotonic_inferred_direction": 9,
      "monotonicity_rate_inferred_direction": 0.3,
      "n_erratic_flips": 1,
      "erratic_flip_rate": 0.03333333333333333,
      "mean_kendall_tau": 0.6081403082701091,
      "mean_spearman_rho": 0.7395124049970297,
      "jt_significant_rate": 0.7,
      "mean_logistic_slope": 1.8949505301990817,
      "logistic_significant_rate": 0.6333333333333333,
      "mean_isotonic_r2": 0.836165024405247,
      "mean_kendall_tau_abs": 0.5570313145453184,
      "mean_spearman_rho_abs": 0.6531173789474375,
      "mean_logistic_slope_abs": 1.8949505301990817,
      "mean_isotonic_r2_bidirectional": 0.836165024405247,
      "frac_inferred_increasing": 0.9,
      "frac_inferred_decreasing": 0.0,
      "mean_bootstrap_mono_prob": 0.26985,
      "mean_significant_violations": 0.06666666666666667,
      "mean_prob_range": 0.44500000000000006
    },
    {
      "variation_id": "Wellbeing of humans_8626",
      "category": "Wellbeing of humans",
      "identified_property": "speed and permanence of eradication",
      "valence": "positive",
      "n_comparisons": 30,
      "n_monotonic": 30,
      "monotonicity_rate": 1.0,
      "n_monotonic_decreasing": 4,
      "monotonicity_rate_decreasing": 0.13333333333333333,
      "set_inferred_direction": 1,
      "n_monotonic_inferred_direction": 30,
      "monotonicity_rate_inferred_direction": 1.0,
      "n_erratic_flips": 0,
      "erratic_flip_rate": 0.0,