{
  "model": "gpt-54-mini",
  "category": "Wellbeing of humans",
  "aggregate": {
    "n_variation_sets": 11,
    "n_total_comparisons": 330,
    "n_tiers": 7,
    "monotonicity_rate": 0.6515151515151515,
    "erratic_flip_rate": 0.006060606060606061,
    "mean_kendall_tau": 0.6063362662242991,
    "mean_spearman_rho": 0.7138443000332793,
    "jt_significant_rate": 0.7606060606060606,
    "mean_logistic_slope": 6.923930706210468,
    "logistic_significant_rate": 0.5121212121212121,
    "mean_isotonic_r2": 0.9396072478671499,
    "mean_kendall_tau_abs": 0.5385809796213912,
    "mean_spearman_rho_abs": 0.6120868467411705,
    "mean_logistic_slope_abs": 6.923930706210468,
    "mean_isotonic_r2_bidirectional": 0.9396852336069005,
    "frac_inferred_increasing": 0.8151515151515152,
    "frac_inferred_decreasing": 0.0030303030303030303,
    "mean_bootstrap_mono_prob": 0.6442803030303029,
    "mean_prob_range": 0.5046969696969698
  },
  "per_variation_set": [
    {
      "variation_id": "Wellbeing of humans_2804",
      "category": "Wellbeing of humans",
      "identified_property": "magnitude of obesity rate decline",
      "valence": "positive",
      "n_comparisons": 30,
      "n_monotonic": 24,
      "monotonicity_rate": 0.8,
      "n_monotonic_decreasing": 1,
      "monotonicity_rate_decreasing": 0.03333333333333333,
      "set_inferred_direction": 1,
      "n_monotonic_inferred_direction": 24,
      "monotonicity_rate_inferred_direction": 0.8,
      "n_erratic_flips": 0,
      "erratic_flip_rate": 0.0,
      "mean_kendall_tau": 0.7948192444830539,
      "mean_spearman_rho": 0.8852512190893841,
      "jt_significant_rate": 0.9666666666666667,
      "mean_logistic_slope": 18.356621473983648,
      "logistic_significant_rate": 0.4666666666666667,
      "mean_isotonic_r2": 0.999098701100346,
      "mean_kendall_tau_abs": 0.7718700197936409,
      "mean_spearman_rho_abs": 0.8587652227358186,
      "mean_logistic_slope_abs": 18.356621473983648,
      "mean_isotonic_r2_bidirectional": 0.999098701100346,
      "frac_inferred_increasing": 0.9666666666666667,
      "frac_inferred_decreasing": 0.0,
      "mean_bootstrap_mono_prob": 0.77185,
      "mean_significant_violations": 0.0,
      "mean_prob_range": 0.935
    },
    {
      "variation_id": "Wellbeing of humans_3054",
      "category": "Wellbeing of humans",
      "identified_property": "pact effectiveness and comprehensiveness",
      "valence": "positive",
      "n_comparisons": 30,
      "n_monotonic": 29,
      "monotonicity_rate": 0.9666666666666667,
      "n_monotonic_decreasing": 10,
      "monotonicity_rate_decreasing": 0.3333333333333333,
      "set_inferred_direction": 1,
      "n_monotonic_inferred_direction": 29,
      "monotonicity_rate_inferred_direction": 0.9666666666666667,
      "n_erratic_flips": 0,
      "erratic_flip_rate": 0.0,
      "mean_kendall_tau": 0.49514710876406,
      "mean_spearman_rho": 0.5833210899287479,
      "jt_significant_rate": 0.6,
      "mean_logistic_slope": 9.765548404252932,
      "logistic_significant_rate": 0.3,
      "mean_isotonic_r2": 0.9992312661498708,
      "mean_kendall_tau_abs": 0.43606607271431186,
      "mean_spearman_rho_abs": 0.4936403248168639,
      "mean_logistic_slope_abs": 9.765548404252932,
      "mean_isotonic_r2_bidirectional": 0.9992312661498708,
      "frac_inferred_increasing": 0.6666666666666666,
      "frac_inferred_decreasing": 0.0,
      "mean_bootstrap_mono_prob": 0.9405166666666666,
      "mean_significant_violations": 0.0,
      "mean_prob_range": 0.36833333333333335
    },
    {
      "variation_id": "Wellbeing of humans_3359",
      "category": "Wellbeing of humans",
      "identified_property": "comprehensiveness and quality of coverage",
      "valence": "positive",
      "n_comparisons": 30,
      "n_monotonic": 25,
      "monotonicity_rate": 0.8333333333333334,
      "n_monotonic_decreasing": 1,
      "monotonicity_rate_decreasing": 0.03333333333333333,
      "set_inferred_direction": 1,
      "n_monotonic_inferred_direction": 25,
      "monotonicity_rate_inferred_direction": 0.8333333333333334,
      "n_erratic_flips": 0,
      "erratic_flip_rate": 0.0,
      "mean_kendall_tau": 0.7491008170247697,
      "mean_spearman_rho": 0.8348293930680455,
      "jt_significant_rate": 0.9333333333333333,
      "mean_logistic_slope": 8.83663545174536,
      "logistic_significant_rate": 0.6333333333333333,
      "mean_isotonic_r2": 0.9969516005292849,
      "mean_kendall_tau_abs": 0.7049644899712176,
      "mean_spearman_rho_abs": 0.7779562710599269,
      "mean_logistic_slope_abs": 8.83663545174536,
      "mean_isotonic_r2_bidirectional": 0.9969516005292849,
      "frac_inferred_increasing": 0.9666666666666667,
      "frac_inferred_decreasing": 0.0,
      "mean_bootstrap_mono_prob": 0.825,
      "mean_significant_violations": 0.0,
      "mean_prob_range": 0.6933333333333332
    },
    {
      "variation_id": "Wellbeing of humans_5105",
      "category": "Wellbeing of humans",
      "identified_property": "pandemic severity",
      "valence": "negative",
      "n_comparisons": 30,
      "n_monotonic": 24,
      "monotonicity_rate": 0.8,
      "n_monotonic_decreasing": 17,
      "monotonicity_rate_decreasing": 0.5666666666666667,
      "set_inferred_direction": 1,
      "n_monotonic_inferred_direction": 24,
      "monotonicity_rate_inferred_direction": 0.8,
      "n_erratic_flips": 0,
      "erratic_flip_rate": 0.0,
      "mean_kendall_tau": 0.3259850100305354,
      "mean_spearman_rho": 0.4108509603967629,
      "jt_significant_rate": 0.43333333333333335,
      "mean_logistic_slope": 1.227713755632993,
      "logistic_significant_rate": 0.36666666666666664,
      "mean_isotonic_r2": 0.935957987929342,
      "mean_kendall_tau_abs": 0.27362839130350636,
      "mean_spearman_rho_abs": 0.31615057466549235,
      "mean_logistic_slope_abs": 1.227713755632993,
      "mean_isotonic_r2_bidirectional": 0.935957987929342,
      "frac_inferred_increasing": 0.43333333333333335,
      "frac_inferred_decreasing": 0.0,
      "mean_bootstrap_mono_prob": 0.7261000000000001,
      "mean_significant_violations": 0.13333333333333333,
      "mean_prob_range": 0.23833333333333334
    },
    {
      "variation_id": "Wellbeing of humans_7495",
      "category": "Wellbeing of humans",
      "identified_property": "happiness intensity",
      "valence": "positive",
      "n_comparisons": 30,
      "n_monotonic": 7,
      "monotonicity_rate": 0.23333333333333334,
      "n_monotonic_decreasing": 3,
      "monotonicity_rate_decreasing": 0.1,
      "set_inferred_direction": 1,
      "n_monotonic_inferred_direction": 7,
      "monotonicity_rate_inferred_direction": 0.23333333333333334,
      "n_erratic_flips": 2,
      "erratic_flip_rate": 0.06666666666666667,
      "mean_kendall_tau": 0.5777641752184142,
      "mean_spearman_rho": 0.7131912350588425,
      "jt_significant_rate": 0.7666666666666667,
      "mean_logistic_slope": 1.2214902804428975,
      "logistic_significant_rate": 0.7666666666666667,
      "mean_isotonic_r2": 0.8153253852296454,
      "mean_kendall_tau_abs": 0.5260046701827101,
      "mean_spearman_rho_abs": 0.6260915501892098,
      "mean_logistic_slope_abs": 1.2214902804428975,
      "mean_isotonic_r2_bidirectional": 0.8161832283669004,
      "frac_inferred_increasing": 0.8666666666666667,
      "frac_inferred_decreasing": 0.03333333333333333,
      "mean_bootstrap_mono_prob": 0.23709999999999998,
      "mean_significant_violations": 0.23333333333333334,
      "mean_prob_range": 0.4733333333333334
    },
    {
      "variation_id": "Wellbeing of humans_8626",
      "category": "Wellbeing of humans",
      "identified_property": "speed and permanence of eradication",
      "valence": "positive",
      "n_comparisons": 30,
      "n_monotonic": 23,
      "monotonicity_rate": 0.7666666666666667,
      "n_monotonic_decreasing": 4,
      "monotonicity_rate_decreasing": 0.13333333333333333,
      "set_inferred_direction": 1,