{
  "model": "llama-31-8b-instruct-openrouter",
  "category": "Wellbeing of humans",
  "aggregate": {
    "n_variation_sets": 11,
    "n_total_comparisons": 330,
    "n_tiers": 7,
    "monotonicity_rate": 0.5515151515151515,
    "erratic_flip_rate": 0.0,
    "mean_kendall_tau": 0.6049061829193143,
    "mean_spearman_rho": 0.7259987749503091,
    "jt_significant_rate": 0.7757575757575758,
    "mean_logistic_slope": 2.157132655391981,
    "logistic_significant_rate": 0.6696969696969697,
    "mean_isotonic_r2": 0.8626340798134053,
    "mean_kendall_tau_abs": 0.556955999932358,
    "mean_spearman_rho_abs": 0.6466680550429712,
    "mean_logistic_slope_abs": 2.163629234429917,
    "mean_isotonic_r2_bidirectional": 0.8669804590362001,
    "frac_inferred_increasing": 0.8727272727272727,
    "frac_inferred_decreasing": 0.00909090909090909,
    "mean_bootstrap_mono_prob": 0.3356363636363636,
    "mean_prob_range": 0.47786
  },
  "per_variation_set": [
    {
      "variation_id": "Wellbeing of humans_2804",
      "category": "Wellbeing of humans",
      "identified_property": "magnitude of obesity rate decline",
      "valence": "positive",
      "n_comparisons": 30,
      "n_monotonic": 27,
      "monotonicity_rate": 0.9,
      "n_monotonic_decreasing": 1,
      "monotonicity_rate_decreasing": 0.03333333333333333,
      "set_inferred_direction": 1,
      "n_monotonic_inferred_direction": 27,
      "monotonicity_rate_inferred_direction": 0.9,
      "n_erratic_flips": 0,
      "erratic_flip_rate": 0.0,
      "mean_kendall_tau": 0.8139956218468737,
      "mean_spearman_rho": 0.8991945252975146,
      "jt_significant_rate": 0.9666666666666667,
      "mean_logistic_slope": 4.758413319233484,
      "logistic_significant_rate": 0.7666666666666667,
      "mean_isotonic_r2": 0.9854555982175272,
      "mean_kendall_tau_abs": 0.7878431225215495,
      "mean_spearman_rho_abs": 0.8679783136010405,
      "mean_logistic_slope_abs": 4.758413319233484,
      "mean_isotonic_r2_bidirectional": 0.9854555982175272,
      "frac_inferred_increasing": 0.9666666666666667,
      "frac_inferred_decreasing": 0.0,
      "mean_bootstrap_mono_prob": 0.4638833333333333,
      "mean_significant_violations": 0.0,
      "mean_prob_range": 0.7121933333333333
    },
    {
      "variation_id": "Wellbeing of humans_3054",
      "category": "Wellbeing of humans",
      "identified_property": "pact effectiveness and comprehensiveness",
      "valence": "positive",
      "n_comparisons": 30,
      "n_monotonic": 6,
      "monotonicity_rate": 0.2,
      "n_monotonic_decreasing": 2,
      "monotonicity_rate_decreasing": 0.06666666666666667,
      "set_inferred_direction": 1,
      "n_monotonic_inferred_direction": 6,
      "monotonicity_rate_inferred_direction": 0.2,
      "n_erratic_flips": 0,
      "erratic_flip_rate": 0.0,
      "mean_kendall_tau": 0.4486027506767432,
      "mean_spearman_rho": 0.545627122405294,
      "jt_significant_rate": 0.8666666666666667,
      "mean_logistic_slope": 0.7797819233967501,
      "logistic_significant_rate": 0.7666666666666667,
      "mean_isotonic_r2": 0.615374302696619,
      "mean_kendall_tau_abs": 0.4388485507403324,
      "mean_spearman_rho_abs": 0.5081981324775093,
      "mean_logistic_slope_abs": 0.8188062217931694,
      "mean_isotonic_r2_bidirectional": 0.6283372656595819,
      "frac_inferred_increasing": 0.9,
      "frac_inferred_decreasing": 0.03333333333333333,
      "mean_bootstrap_mono_prob": 0.19421666666666668,
      "mean_significant_violations": 0.43333333333333335,
      "mean_prob_range": 0.42072333333333334
    },
    {
      "variation_id": "Wellbeing of humans_3359",
      "category": "Wellbeing of humans",
      "identified_property": "comprehensiveness and quality of coverage",
      "valence": "positive",
      "n_comparisons": 30,
      "n_monotonic": 14,
      "monotonicity_rate": 0.4666666666666667,
      "n_monotonic_decreasing": 1,
      "monotonicity_rate_decreasing": 0.03333333333333333,
      "set_inferred_direction": 1,
      "n_monotonic_inferred_direction": 14,
      "monotonicity_rate_inferred_direction": 0.4666666666666667,
      "n_erratic_flips": 0,
      "erratic_flip_rate": 0.0,
      "mean_kendall_tau": 0.703302274508646,
      "mean_spearman_rho": 0.8258822789768061,
      "jt_significant_rate": 0.9,
      "mean_logistic_slope": 1.7467488740899,
      "logistic_significant_rate": 0.8333333333333334,
      "mean_isotonic_r2": 0.9005955463576479,
      "mean_kendall_tau_abs": 0.6572329853033346,
      "mean_spearman_rho_abs": 0.7673019670525006,
      "mean_logistic_slope_abs": 1.7467488740899,
      "mean_isotonic_r2_bidirectional": 0.9005955463576479,
      "frac_inferred_increasing": 0.9666666666666667,
      "frac_inferred_decreasing": 0.0,
      "mean_bootstrap_mono_prob": 0.2657,
      "mean_significant_violations": 0.0,
      "mean_prob_range": 0.7746833333333333
    },
    {
      "variation_id": "Wellbeing of humans_5105",
      "category": "Wellbeing of humans",
      "identified_property": "pandemic severity",
      "valence": "negative",
      "n_comparisons": 30,
      "n_monotonic": 7,
      "monotonicity_rate": 0.23333333333333334,
      "n_monotonic_decreasing": 1,
      "monotonicity_rate_decreasing": 0.03333333333333333,
      "set_inferred_direction": 1,
      "n_monotonic_inferred_direction": 7,
      "monotonicity_rate_inferred_direction": 0.23333333333333334,
      "n_erratic_flips": 0,
      "erratic_flip_rate": 0.0,
      "mean_kendall_tau": 0.6246120515660838,
      "mean_spearman_rho": 0.7634353248685439,
      "jt_significant_rate": 0.9333333333333333,
      "mean_logistic_slope": 0.6047868273247948,
      "logistic_significant_rate": 0.8666666666666667,
      "mean_isotonic_r2": 0.8085799404754929,
      "mean_kendall_tau_abs": 0.598071258497601,
      "mean_spearman_rho_abs": 0.7216425209818412,
      "mean_logistic_slope_abs": 0.6047868273247948,
      "mean_isotonic_r2_bidirectional": 0.8085799404754929,
      "frac_inferred_increasing": 0.9666666666666667,
      "frac_inferred_decreasing": 0.0,
      "mean_bootstrap_mono_prob": 0.12006666666666668,
      "mean_significant_violations": 0.26666666666666666,
      "mean_prob_range": 0.4830833333333333
    },
    {
      "variation_id": "Wellbeing of humans_7495",
      "category": "Wellbeing of humans",
      "identified_property": "happiness intensity",
      "valence": "positive",
      "n_comparisons": 30,
      "n_monotonic": 14,
      "monotonicity_rate": 0.4666666666666667,
      "n_monotonic_decreasing": 4,
      "monotonicity_rate_decreasing": 0.13333333333333333,
      "set_inferred_direction": 1,
      "n_monotonic_inferred_direction": 14,
      "monotonicity_rate_inferred_direction": 0.4666666666666667,
      "n_erratic_flips": 0,
      "erratic_flip_rate": 0.0,
      "mean_kendall_tau": 0.5160826139791518,
      "mean_spearman_rho": 0.6410671833351219,
      "jt_significant_rate": 0.5333333333333333,
      "mean_logistic_slope": 0.37885748341065334,
      "logistic_significant_rate": 0.4666666666666667,
      "mean_isotonic_r2": 0.77960858833983,
      "mean_kendall_tau_abs": 0.4740171427039793,
      "mean_spearman_rho_abs": 0.5613416047048554,
      "mean_logistic_slope_abs": 0.37885748341065334,
      "mean_isotonic_r2_bidirectional": 0.7851164686295795,
      "frac_inferred_increasing": 0.8333333333333334,
      "frac_inferred_decreasing": 0.03333333333333333,
      "mean_bootstrap_mono_prob": 0.09620000000000001,
      "mean_significant_violations": 0.1,
      "mean_prob_range": 0.36946333333333337
    },
    {
      "variation_id": "Wellbeing of humans_8626",
      "category": "Wellbeing of humans",
      "identified_property": "speed and permanence of eradication",
      "valence": "positive",
      "n_comparisons": 30,
      "n_monotonic": 27,
      "monotonicity_rate": 0.9,
      "n_monotonic_decreasing": 2,
      "monotonicity_rate_decreasing": 0.06666666666666667,
      "set_inferred_direction": 1,