{
  "model": "nemotron-3-super",
  "category": "Wellbeing of humans",
  "aggregate": {
    "n_variation_sets": 11,
    "n_total_comparisons": 330,
    "n_tiers": 7,
    "monotonicity_rate": 0.7666666666666667,
    "erratic_flip_rate": 0.0,
    "mean_kendall_tau": 0.7137154212846869,
    "mean_spearman_rho": 0.8150474609168238,
    "jt_significant_rate": 0.8424242424242424,
    "mean_logistic_slope": 6.252091336332102,
    "logistic_significant_rate": 0.6272727272727273,
    "mean_isotonic_r2": 0.9659201283219611,
    "mean_kendall_tau_abs": 0.6451688065012273,
    "mean_spearman_rho_abs": 0.7200398293032625,
    "mean_logistic_slope_abs": 6.252091336332102,
    "mean_isotonic_r2_bidirectional": 0.9659201283219611,
    "frac_inferred_increasing": 0.8727272727272727,
    "frac_inferred_decreasing": 0.0,
    "mean_bootstrap_mono_prob": 0.5716257575757576,
    "mean_prob_range": 0.5774481818181818
  },
  "per_variation_set": [
    {
      "variation_id": "Wellbeing of humans_2804",
      "category": "Wellbeing of humans",
      "identified_property": "magnitude of obesity rate decline",
      "valence": "positive",
      "n_comparisons": 30,
      "n_monotonic": 23,
      "monotonicity_rate": 0.7666666666666667,
      "n_monotonic_decreasing": 1,
      "monotonicity_rate_decreasing": 0.03333333333333333,
      "set_inferred_direction": 1,
      "n_monotonic_inferred_direction": 23,
      "monotonicity_rate_inferred_direction": 0.7666666666666667,
      "n_erratic_flips": 0,
      "erratic_flip_rate": 0.0,
      "mean_kendall_tau": 0.8123207922144937,
      "mean_spearman_rho": 0.90404385662845,
      "jt_significant_rate": 0.9666666666666667,
      "mean_logistic_slope": 9.153073110490105,
      "logistic_significant_rate": 0.7333333333333333,
      "mean_isotonic_r2": 0.995044784137628,
      "mean_kendall_tau_abs": 0.7743194710291872,
      "mean_spearman_rho_abs": 0.8660985259392658,
      "mean_logistic_slope_abs": 9.153073110490105,
      "mean_isotonic_r2_bidirectional": 0.995044784137628,
      "frac_inferred_increasing": 0.9666666666666667,
      "frac_inferred_decreasing": 0.0,
      "mean_bootstrap_mono_prob": 0.5149833333333333,
      "mean_significant_violations": 0.0,
      "mean_prob_range": 0.7716666666666666
    },
    {
      "variation_id": "Wellbeing of humans_3054",
      "category": "Wellbeing of humans",
      "identified_property": "pact effectiveness and comprehensiveness",
      "valence": "positive",
      "n_comparisons": 30,
      "n_monotonic": 15,
      "monotonicity_rate": 0.5,
      "n_monotonic_decreasing": 4,
      "monotonicity_rate_decreasing": 0.13333333333333333,
      "set_inferred_direction": 1,
      "n_monotonic_inferred_direction": 15,
      "monotonicity_rate_inferred_direction": 0.5,
      "n_erratic_flips": 0,
      "erratic_flip_rate": 0.0,
      "mean_kendall_tau": 0.5945009591082238,
      "mean_spearman_rho": 0.7213742531401628,
      "jt_significant_rate": 0.8,
      "mean_logistic_slope": 2.538867542572439,
      "logistic_significant_rate": 0.6666666666666666,
      "mean_isotonic_r2": 0.8601750354529581,
      "mean_kendall_tau_abs": 0.5458409376262222,
      "mean_spearman_rho_abs": 0.6439445656976209,
      "mean_logistic_slope_abs": 2.538867542572439,
      "mean_isotonic_r2_bidirectional": 0.8601750354529581,
      "frac_inferred_increasing": 0.8666666666666667,
      "frac_inferred_decreasing": 0.0,
      "mean_bootstrap_mono_prob": 0.42081666666666667,
      "mean_significant_violations": 0.06666666666666667,
      "mean_prob_range": 0.42833333333333334
    },
    {
      "variation_id": "Wellbeing of humans_3359",
      "category": "Wellbeing of humans",
      "identified_property": "comprehensiveness and quality of coverage",
      "valence": "positive",
      "n_comparisons": 30,
      "n_monotonic": 28,
      "monotonicity_rate": 0.9333333333333333,
      "n_monotonic_decreasing": 1,
      "monotonicity_rate_decreasing": 0.03333333333333333,
      "set_inferred_direction": 1,
      "n_monotonic_inferred_direction": 28,
      "monotonicity_rate_inferred_direction": 0.9333333333333333,
      "n_erratic_flips": 0,
      "erratic_flip_rate": 0.0,
      "mean_kendall_tau": 0.8386462841388392,
      "mean_spearman_rho": 0.9103036700956386,
      "jt_significant_rate": 0.9666666666666667,
      "mean_logistic_slope": 7.181057159794348,
      "logistic_significant_rate": 0.7333333333333333,
      "mean_isotonic_r2": 0.9982105526483037,
      "mean_kendall_tau_abs": 0.8038184098410868,
      "mean_spearman_rho_abs": 0.8726544974453028,
      "mean_logistic_slope_abs": 7.181057159794348,
      "mean_isotonic_r2_bidirectional": 0.9982105526483037,
      "frac_inferred_increasing": 0.9666666666666667,
      "frac_inferred_decreasing": 0.0,
      "mean_bootstrap_mono_prob": 0.8339666666666666,
      "mean_significant_violations": 0.0,
      "mean_prob_range": 0.9083333333333333
    },
    {
      "variation_id": "Wellbeing of humans_5105",
      "category": "Wellbeing of humans",
      "identified_property": "pandemic severity",
      "valence": "negative",
      "n_comparisons": 30,
      "n_monotonic": 21,
      "monotonicity_rate": 0.7,
      "n_monotonic_decreasing": 6,
      "monotonicity_rate_decreasing": 0.2,
      "set_inferred_direction": 1,
      "n_monotonic_inferred_direction": 21,
      "monotonicity_rate_inferred_direction": 0.7,
      "n_erratic_flips": 0,
      "erratic_flip_rate": 0.0,
      "mean_kendall_tau": 0.656145766326047,
      "mean_spearman_rho": 0.7618795645322883,
      "jt_significant_rate": 0.7333333333333333,
      "mean_logistic_slope": 1.2573233408844078,
      "logistic_significant_rate": 0.7,
      "mean_isotonic_r2": 0.9571851682534868,
      "mean_kendall_tau_abs": 0.5794765142722208,
      "mean_spearman_rho_abs": 0.6466685194811345,
      "mean_logistic_slope_abs": 1.2573233408844078,
      "mean_isotonic_r2_bidirectional": 0.9571851682534868,
      "frac_inferred_increasing": 0.8,
      "frac_inferred_decreasing": 0.0,
      "mean_bootstrap_mono_prob": 0.38651666666666673,
      "mean_significant_violations": 0.0,
      "mean_prob_range": 0.40333333333333327
    },
    {
      "variation_id": "Wellbeing of humans_7495",
      "category": "Wellbeing of humans",
      "identified_property": "happiness intensity",
      "valence": "positive",
      "n_comparisons": 30,
      "n_monotonic": 16,
      "monotonicity_rate": 0.5333333333333333,
      "n_monotonic_decreasing": 2,
      "monotonicity_rate_decreasing": 0.06666666666666667,
      "set_inferred_direction": 1,
      "n_monotonic_inferred_direction": 16,
      "monotonicity_rate_inferred_direction": 0.5333333333333333,
      "n_erratic_flips": 0,
      "erratic_flip_rate": 0.0,
      "mean_kendall_tau": 0.7844545768828669,
      "mean_spearman_rho": 0.8807335999082179,
      "jt_significant_rate": 0.9,
      "mean_logistic_slope": 3.4817374529994685,
      "logistic_significant_rate": 0.7333333333333333,
      "mean_isotonic_r2": 0.9667458408532191,
      "mean_kendall_tau_abs": 0.7186995501570768,
      "mean_spearman_rho_abs": 0.8039331399332252,
      "mean_logistic_slope_abs": 3.4817374529994685,
      "mean_isotonic_r2_bidirectional": 0.9667458408532191,
      "frac_inferred_increasing": 0.9333333333333333,
      "frac_inferred_decreasing": 0.0,
      "mean_bootstrap_mono_prob": 0.24420000000000003,
      "mean_significant_violations": 0.0,
      "mean_prob_range": 0.54193
    },
    {
      "variation_id": "Wellbeing of humans_8626",
      "category": "Wellbeing of humans",
      "identified_property": "speed and permanence of eradication",
      "valence": "positive",
      "n_comparisons": 30,
      "n_monotonic": 26,
      "monotonicity_rate": 0.8666666666666667,
      "n_monotonic_decreasing": 2,
      "monotonicity_rate_decreasing": 0.06666666666666667,
      "set_inferred_direction": 1,
      "n_monotonic_inferred_direction": 26,
      "monotonicity_rate_inferred_direction": 0.8666666666666667,