{
  "model": "nemotron-3-super-thinking",
  "category": "Wellbeing of humans",
  "aggregate": {
    "n_variation_sets": 11,
    "n_total_comparisons": 330,
    "n_tiers": 7,
    "monotonicity_rate": 0.7,
    "erratic_flip_rate": 0.0030303030303030303,
    "mean_kendall_tau": 0.5216440756091291,
    "mean_spearman_rho": 0.6275348504701956,
    "jt_significant_rate": 0.6060606060606061,
    "mean_logistic_slope": 8.014114677633508,
    "logistic_significant_rate": 0.3424242424242424,
    "mean_isotonic_r2": 0.9122432125449204,
    "mean_kendall_tau_abs": 0.4602429791701382,
    "mean_spearman_rho_abs": 0.525722698842169,
    "mean_logistic_slope_abs": 8.033609567640971,
    "mean_isotonic_r2_bidirectional": 0.9224528011076317,
    "frac_inferred_increasing": 0.703030303030303,
    "frac_inferred_decreasing": 0.02727272727272727,
    "mean_bootstrap_mono_prob": 0.7244333333333334,
    "mean_prob_range": 0.4325009090909091
  },
  "per_variation_set": [
    {
      "variation_id": "Wellbeing of humans_2804",
      "category": "Wellbeing of humans",
      "identified_property": "magnitude of obesity rate decline",
      "valence": "positive",
      "n_comparisons": 30,
      "n_monotonic": 29,
      "monotonicity_rate": 0.9666666666666667,
      "n_monotonic_decreasing": 1,
      "monotonicity_rate_decreasing": 0.03333333333333333,
      "set_inferred_direction": 1,
      "n_monotonic_inferred_direction": 29,
      "monotonicity_rate_inferred_direction": 0.9666666666666667,
      "n_erratic_flips": 0,
      "erratic_flip_rate": 0.0,
      "mean_kendall_tau": 0.7828301512068264,
      "mean_spearman_rho": 0.8755412252398252,
      "jt_significant_rate": 0.9666666666666667,
      "mean_logistic_slope": 28.990900724691894,
      "logistic_significant_rate": 0.2,
      "mean_isotonic_r2": 0.9999653426721805,
      "mean_kendall_tau_abs": 0.7644836972039205,
      "mean_spearman_rho_abs": 0.8519398263041309,
      "mean_logistic_slope_abs": 28.990900724691894,
      "mean_isotonic_r2_bidirectional": 0.9999653426721805,
      "frac_inferred_increasing": 0.9666666666666667,
      "frac_inferred_decreasing": 0.0,
      "mean_bootstrap_mono_prob": 0.9691333333333333,
      "mean_significant_violations": 0.0,
      "mean_prob_range": 0.9416666666666667
    },
    {
      "variation_id": "Wellbeing of humans_3054",
      "category": "Wellbeing of humans",
      "identified_property": "pact effectiveness and comprehensiveness",
      "valence": "positive",
      "n_comparisons": 30,
      "n_monotonic": 17,
      "monotonicity_rate": 0.5666666666666667,
      "n_monotonic_decreasing": 18,
      "monotonicity_rate_decreasing": 0.6,
      "set_inferred_direction": 1,
      "n_monotonic_inferred_direction": 17,
      "monotonicity_rate_inferred_direction": 0.5666666666666667,
      "n_erratic_flips": 1,
      "erratic_flip_rate": 0.03333333333333333,
      "mean_kendall_tau": 0.1581956044568454,
      "mean_spearman_rho": 0.21494135465697556,
      "jt_significant_rate": 0.2,
      "mean_logistic_slope": 0.3119235080803033,
      "logistic_significant_rate": 0.16666666666666666,
      "mean_isotonic_r2": 0.7958143666687619,
      "mean_kendall_tau_abs": 0.1928251920366692,
      "mean_spearman_rho_abs": 0.23143438372752248,
      "mean_logistic_slope_abs": 0.3981383424047714,
      "mean_isotonic_r2_bidirectional": 0.8291477000020954,
      "frac_inferred_increasing": 0.36666666666666664,
      "frac_inferred_decreasing": 0.06666666666666667,
      "mean_bootstrap_mono_prob": 0.6748999999999999,
      "mean_significant_violations": 0.06666666666666667,
      "mean_prob_range": 0.12614
    },
    {
      "variation_id": "Wellbeing of humans_3359",
      "category": "Wellbeing of humans",
      "identified_property": "comprehensiveness and quality of coverage",
      "valence": "positive",
      "n_comparisons": 30,
      "n_monotonic": 25,
      "monotonicity_rate": 0.8333333333333334,
      "n_monotonic_decreasing": 1,
      "monotonicity_rate_decreasing": 0.03333333333333333,
      "set_inferred_direction": 1,
      "n_monotonic_inferred_direction": 25,
      "monotonicity_rate_inferred_direction": 0.8333333333333334,
      "n_erratic_flips": 0,
      "erratic_flip_rate": 0.0,
      "mean_kendall_tau": 0.7290294858829985,
      "mean_spearman_rho": 0.8135080042849423,
      "jt_significant_rate": 0.9666666666666667,
      "mean_logistic_slope": 12.060477255819487,
      "logistic_significant_rate": 0.5666666666666667,
      "mean_isotonic_r2": 0.998341592687647,
      "mean_kendall_tau_abs": 0.6714082840469905,
      "mean_spearman_rho_abs": 0.7394214948447232,
      "mean_logistic_slope_abs": 12.060477255819487,
      "mean_isotonic_r2_bidirectional": 0.998341592687647,
      "frac_inferred_increasing": 0.9666666666666667,
      "frac_inferred_decreasing": 0.0,
      "mean_bootstrap_mono_prob": 0.8433666666666666,
      "mean_significant_violations": 0.0,
      "mean_prob_range": 0.83344
    },
    {
      "variation_id": "Wellbeing of humans_5105",
      "category": "Wellbeing of humans",
      "identified_property": "pandemic severity",
      "valence": "negative",
      "n_comparisons": 30,
      "n_monotonic": 27,
      "monotonicity_rate": 0.9,
      "n_monotonic_decreasing": 18,
      "monotonicity_rate_decreasing": 0.6,
      "set_inferred_direction": 1,
      "n_monotonic_inferred_direction": 27,
      "monotonicity_rate_inferred_direction": 0.9,
      "n_erratic_flips": 0,
      "erratic_flip_rate": 0.0,
      "mean_kendall_tau": 0.3310869383438249,
      "mean_spearman_rho": 0.41128556647777964,
      "jt_significant_rate": 0.26666666666666666,
      "mean_logistic_slope": 3.779803521058049,
      "logistic_significant_rate": 0.16666666666666666,
      "mean_isotonic_r2": 0.9800272425853254,
      "mean_kendall_tau_abs": 0.268248598188013,
      "mean_spearman_rho_abs": 0.30484032715102777,
      "mean_logistic_slope_abs": 3.779803521058049,
      "mean_isotonic_r2_bidirectional": 0.9800272425853254,
      "frac_inferred_increasing": 0.4,
      "frac_inferred_decreasing": 0.0,
      "mean_bootstrap_mono_prob": 0.86875,
      "mean_significant_violations": 0.0,
      "mean_prob_range": 0.15771
    },
    {
      "variation_id": "Wellbeing of humans_7495",
      "category": "Wellbeing of humans",
      "identified_property": "happiness intensity",
      "valence": "positive",
      "n_comparisons": 30,
      "n_monotonic": 7,
      "monotonicity_rate": 0.23333333333333334,
      "n_monotonic_decreasing": 3,
      "monotonicity_rate_decreasing": 0.1,
      "set_inferred_direction": 1,
      "n_monotonic_inferred_direction": 7,
      "monotonicity_rate_inferred_direction": 0.23333333333333334,
      "n_erratic_flips": 0,
      "erratic_flip_rate": 0.0,
      "mean_kendall_tau": 0.5622703084254577,
      "mean_spearman_rho": 0.6930408412097981,
      "jt_significant_rate": 0.7,
      "mean_logistic_slope": 0.6952685596217104,
      "logistic_significant_rate": 0.6,
      "mean_isotonic_r2": 0.7683506921317594,
      "mean_kendall_tau_abs": 0.5104172118899936,
      "mean_spearman_rho_abs": 0.6048172178031509,
      "mean_logistic_slope_abs": 0.710625350714235,
      "mean_isotonic_r2_bidirectional": 0.7809804071896564,
      "frac_inferred_increasing": 0.8666666666666667,
      "frac_inferred_decreasing": 0.03333333333333333,
      "mean_bootstrap_mono_prob": 0.25328333333333336,
      "mean_significant_violations": 0.03333333333333333,
      "mean_prob_range": 0.41960000000000003
    },
    {
      "variation_id": "Wellbeing of humans_8626",
      "category": "Wellbeing of humans",
      "identified_property": "speed and permanence of eradication",
      "valence": "positive",
      "n_comparisons": 30,
      "n_monotonic": 24,
      "monotonicity_rate": 0.8,
      "n_monotonic_decreasing": 6,
      "monotonicity_rate_decreasing": 0.2,
      "set_inferred_direction": 1,
      "n_monotonic_inferred_direction": 24,