{
  "model": "llama-31-8b-instruct-openrouter",
  "category": "AI moral patienthood",
  "aggregate": {
    "n_variation_sets": 5,
    "n_total_comparisons": 150,
    "n_tiers": 7,
    "monotonicity_rate": 0.3933333333333333,
    "erratic_flip_rate": 0.02,
    "mean_kendall_tau": 0.6453815336433962,
    "mean_spearman_rho": 0.7623631525324978,
    "jt_significant_rate": 0.82,
    "mean_logistic_slope": 2.9411784360314264,
    "logistic_significant_rate": 0.58,
    "mean_isotonic_r2": 0.8209878445029397,
    "mean_kendall_tau_abs": 0.6020948664844308,
    "mean_spearman_rho_abs": 0.6942006505293322,
    "mean_logistic_slope_abs": 2.9411784360314264,
    "mean_isotonic_r2_bidirectional": 0.8320763004344847,
    "frac_inferred_increasing": 0.9333333333333333,
    "frac_inferred_decreasing": 0.02666666666666667,
    "mean_bootstrap_mono_prob": 0.24336,
    "mean_prob_range": 0.7072206666666667
  },
  "per_variation_set": [
    {
      "variation_id": "AI moral patienthood_4288",
      "category": "AI moral patienthood",
      "identified_property": "debate quality and depth",
      "valence": "positive",
      "n_comparisons": 30,
      "n_monotonic": 23,
      "monotonicity_rate": 0.7666666666666667,
      "n_monotonic_decreasing": 2,
      "monotonicity_rate_decreasing": 0.06666666666666667,
      "set_inferred_direction": 1,
      "n_monotonic_inferred_direction": 23,
      "monotonicity_rate_inferred_direction": 0.7666666666666667,
      "n_erratic_flips": 0,
      "erratic_flip_rate": 0.0,
      "mean_kendall_tau": 0.7363941957596711,
      "mean_spearman_rho": 0.8317621593266291,
      "jt_significant_rate": 0.8,
      "mean_logistic_slope": 1.0697949122184585,
      "logistic_significant_rate": 0.7333333333333333,
      "mean_isotonic_r2": 0.9158105938131319,
      "mean_kendall_tau_abs": 0.6832752140598154,
      "mean_spearman_rho_abs": 0.7561236541375942,
      "mean_logistic_slope_abs": 1.0697949122184585,
      "mean_isotonic_r2_bidirectional": 0.9158105938131319,
      "frac_inferred_increasing": 0.9333333333333333,
      "frac_inferred_decreasing": 0.0,
      "mean_bootstrap_mono_prob": 0.30228333333333335,
      "mean_significant_violations": 0.06666666666666667,
      "mean_prob_range": 0.6322733333333334
    },
    {
      "variation_id": "AI moral patienthood_4855",
      "category": "AI moral patienthood",
      "identified_property": "depth and comprehensiveness of the teachings",
      "valence": "positive",
      "n_comparisons": 30,
      "n_monotonic": 10,
      "monotonicity_rate": 0.3333333333333333,
      "n_monotonic_decreasing": 1,
      "monotonicity_rate_decreasing": 0.03333333333333333,
      "set_inferred_direction": 1,
      "n_monotonic_inferred_direction": 10,
      "monotonicity_rate_inferred_direction": 0.3333333333333333,
      "n_erratic_flips": 1,
      "erratic_flip_rate": 0.03333333333333333,
      "mean_kendall_tau": 0.6447109836733275,
      "mean_spearman_rho": 0.7672639042608911,
      "jt_significant_rate": 0.8333333333333334,
      "mean_logistic_slope": 5.1387253079441475,
      "logistic_significant_rate": 0.5,
      "mean_isotonic_r2": 0.8148412123844325,
      "mean_kendall_tau_abs": 0.6025332580389143,
      "mean_spearman_rho_abs": 0.7057125736884476,
      "mean_logistic_slope_abs": 5.1387253079441475,
      "mean_isotonic_r2_bidirectional": 0.8148412123844325,
      "frac_inferred_increasing": 0.9666666666666667,
      "frac_inferred_decreasing": 0.0,
      "mean_bootstrap_mono_prob": 0.2966,
      "mean_significant_violations": 0.2,
      "mean_prob_range": 0.73883
    },
    {
      "variation_id": "AI moral patienthood_6013",
      "category": "AI moral patienthood",
      "identified_property": "test reliability and sophistication",
      "valence": "positive",
      "n_comparisons": 30,
      "n_monotonic": 6,
      "monotonicity_rate": 0.2,
      "n_monotonic_decreasing": 1,
      "monotonicity_rate_decreasing": 0.03333333333333333,
      "set_inferred_direction": 1,
      "n_monotonic_inferred_direction": 6,
      "monotonicity_rate_inferred_direction": 0.2,
      "n_erratic_flips": 0,
      "erratic_flip_rate": 0.0,
      "mean_kendall_tau": 0.5554784232400826,
      "mean_spearman_rho": 0.6773040109036824,
      "jt_significant_rate": 0.6666666666666666,
      "mean_logistic_slope": 1.1850225857315817,
      "logistic_significant_rate": 0.5333333333333333,
      "mean_isotonic_r2": 0.7504869998304987,
      "mean_kendall_tau_abs": 0.5280025204297467,
      "mean_spearman_rho_abs": 0.622675686653581,
      "mean_logistic_slope_abs": 1.1850225857315817,
      "mean_isotonic_r2_bidirectional": 0.7819586310361725,
      "frac_inferred_increasing": 0.9333333333333333,
      "frac_inferred_decreasing": 0.03333333333333333,
      "mean_bootstrap_mono_prob": 0.13703333333333328,
      "mean_significant_violations": 0.13333333333333333,
      "mean_prob_range": 0.6524866666666667
    },
    {
      "variation_id": "AI moral patienthood_7547",
      "category": "AI moral patienthood",
      "identified_property": "documentary impact and persuasiveness",
      "valence": "positive",
      "n_comparisons": 30,
      "n_monotonic": 9,
      "monotonicity_rate": 0.3,
      "n_monotonic_decreasing": 1,
      "monotonicity_rate_decreasing": 0.03333333333333333,
      "set_inferred_direction": 1,
      "n_monotonic_inferred_direction": 9,
      "monotonicity_rate_inferred_direction": 0.3,
      "n_erratic_flips": 0,
      "erratic_flip_rate": 0.0,
      "mean_kendall_tau": 0.6467000607644149,
      "mean_spearman_rho": 0.7646443783855638,
      "jt_significant_rate": 0.9,
      "mean_logistic_slope": 2.1491922311723264,
      "logistic_significant_rate": 0.6,
      "mean_isotonic_r2": 0.8381941911397911,
      "mean_kendall_tau_abs": 0.6157616957515647,
      "mean_spearman_rho_abs": 0.709963039347342,
      "mean_logistic_slope_abs": 2.1491922311723264,
      "mean_isotonic_r2_bidirectional": 0.8381941911397911,
      "frac_inferred_increasing": 0.9333333333333333,
      "frac_inferred_decreasing": 0.03333333333333333,
      "mean_bootstrap_mono_prob": 0.1515,
      "mean_significant_violations": 0.13333333333333333,
      "mean_prob_range": 0.7344299999999999
    },
    {
      "variation_id": "AI moral patienthood_7904",
      "category": "AI moral patienthood",
      "identified_property": "comprehensiveness and enforceability of treaty protections",
      "valence": "positive",
      "n_comparisons": 30,
      "n_monotonic": 11,
      "monotonicity_rate": 0.36666666666666664,
      "n_monotonic_decreasing": 1,
      "monotonicity_rate_decreasing": 0.03333333333333333,
      "set_inferred_direction": 1,
      "n_monotonic_inferred_direction": 11,
      "monotonicity_rate_inferred_direction": 0.36666666666666664,
      "n_erratic_flips": 2,
      "erratic_flip_rate": 0.06666666666666667,
      "mean_kendall_tau": 0.6243407876941385,
      "mean_spearman_rho": 0.7488271580608457,
      "jt_significant_rate": 0.9,
      "mean_logistic_slope": 5.163157143090616,
      "logistic_significant_rate": 0.5333333333333333,
      "mean_isotonic_r2": 0.7856062253468445,
      "mean_kendall_tau_abs": 0.5809016441421129,
      "mean_spearman_rho_abs": 0.6765282988196962,
      "mean_logistic_slope_abs": 5.163157143090616,
      "mean_isotonic_r2_bidirectional": 0.8095768737988959,
      "frac_inferred_increasing": 0.9,
      "frac_inferred_decreasing": 0.06666666666666667,
      "mean_bootstrap_mono_prob": 0.3293833333333333,
      "mean_significant_violations": 0.03333333333333333,
      "mean_prob_range": 0.7780833333333333
    }
  ]
}