{
  "model": "llama-31-8b-instruct-openrouter",
  "category": "Global politics and geopolitics",
  "aggregate": {
    "n_variation_sets": 7,
    "n_total_comparisons": 210,
    "n_tiers": 7,
    "monotonicity_rate": 0.7333333333333333,
    "erratic_flip_rate": 0.014285714285714285,
    "mean_kendall_tau": 0.7197822834541865,
    "mean_spearman_rho": 0.8271251456762999,
    "jt_significant_rate": 0.8714285714285714,
    "mean_logistic_slope": 6.029552183442077,
    "logistic_significant_rate": 0.6904761904761905,
    "mean_isotonic_r2": 0.931040129045927,
    "mean_kendall_tau_abs": 0.6737136526287689,
    "mean_spearman_rho_abs": 0.7613737100749228,
    "mean_logistic_slope_abs": 6.029552183442077,
    "mean_isotonic_r2_bidirectional": 0.931040129045927,
    "frac_inferred_increasing": 0.9380952380952381,
    "frac_inferred_decreasing": 0.0,
    "mean_bootstrap_mono_prob": 0.4771309523809523,
    "mean_prob_range": 0.6227419047619046
  },
  "per_variation_set": [
    {
      "variation_id": "Global politics and geopolitics_1337",
      "category": "Global politics and geopolitics",
      "identified_property": "benevolence and governance quality of the superpower",
      "valence": "positive",
      "n_comparisons": 30,
      "n_monotonic": 25,
      "monotonicity_rate": 0.8333333333333334,
      "n_monotonic_decreasing": 1,
      "monotonicity_rate_decreasing": 0.03333333333333333,
      "set_inferred_direction": 1,
      "n_monotonic_inferred_direction": 25,
      "monotonicity_rate_inferred_direction": 0.8333333333333334,
      "n_erratic_flips": 0,
      "erratic_flip_rate": 0.0,
      "mean_kendall_tau": 0.7952193693686627,
      "mean_spearman_rho": 0.892822786166095,
      "jt_significant_rate": 0.9666666666666667,
      "mean_logistic_slope": 25.647661255262456,
      "logistic_significant_rate": 0.36666666666666664,
      "mean_isotonic_r2": 0.9940755437036943,
      "mean_kendall_tau_abs": 0.7710667416464904,
      "mean_spearman_rho_abs": 0.8639475342788087,
      "mean_logistic_slope_abs": 25.647661255262456,
      "mean_isotonic_r2_bidirectional": 0.9940755437036943,
      "frac_inferred_increasing": 0.9666666666666667,
      "frac_inferred_decreasing": 0.0,
      "mean_bootstrap_mono_prob": 0.7666333333333334,
      "mean_significant_violations": 0.06666666666666667,
      "mean_prob_range": 0.9636366666666667
    },
    {
      "variation_id": "Global politics and geopolitics_1734",
      "category": "Global politics and geopolitics",
      "identified_property": "comprehensiveness and depth of the agreement",
      "valence": "positive",
      "n_comparisons": 30,
      "n_monotonic": 24,
      "monotonicity_rate": 0.8,
      "n_monotonic_decreasing": 2,
      "monotonicity_rate_decreasing": 0.06666666666666667,
      "set_inferred_direction": 1,
      "n_monotonic_inferred_direction": 24,
      "monotonicity_rate_inferred_direction": 0.8,
      "n_erratic_flips": 0,
      "erratic_flip_rate": 0.0,
      "mean_kendall_tau": 0.6514612087785614,
      "mean_spearman_rho": 0.7602757662175272,
      "jt_significant_rate": 0.8333333333333334,
      "mean_logistic_slope": 2.423904578054997,
      "logistic_significant_rate": 0.7,
      "mean_isotonic_r2": 0.9224008961029565,
      "mean_kendall_tau_abs": 0.6211765218444807,
      "mean_spearman_rho_abs": 0.713032258883506,
      "mean_logistic_slope_abs": 2.423904578054997,
      "mean_isotonic_r2_bidirectional": 0.9224008961029565,
      "frac_inferred_increasing": 0.9333333333333333,
      "frac_inferred_decreasing": 0.0,
      "mean_bootstrap_mono_prob": 0.5088,
      "mean_significant_violations": 0.03333333333333333,
      "mean_prob_range": 0.4965366666666666
    },
    {
      "variation_id": "Global politics and geopolitics_5034",
      "category": "Global politics and geopolitics",
      "identified_property": "comprehensiveness and scope of disarmament",
      "valence": "positive",
      "n_comparisons": 30,
      "n_monotonic": 17,
      "monotonicity_rate": 0.5666666666666667,
      "n_monotonic_decreasing": 4,
      "monotonicity_rate_decreasing": 0.13333333333333333,
      "set_inferred_direction": 1,
      "n_monotonic_inferred_direction": 17,
      "monotonicity_rate_inferred_direction": 0.5666666666666667,
      "n_erratic_flips": 1,
      "erratic_flip_rate": 0.03333333333333333,
      "mean_kendall_tau": 0.564931059340409,
      "mean_spearman_rho": 0.6668309466639589,
      "jt_significant_rate": 0.6666666666666666,
      "mean_logistic_slope": 2.118715251565662,
      "logistic_significant_rate": 0.6,
      "mean_isotonic_r2": 0.794824780379891,
      "mean_kendall_tau_abs": 0.5084086796402164,
      "mean_spearman_rho_abs": 0.577588635687935,
      "mean_logistic_slope_abs": 2.118715251565662,
      "mean_isotonic_r2_bidirectional": 0.794824780379891,
      "frac_inferred_increasing": 0.8666666666666667,
      "frac_inferred_decreasing": 0.0,
      "mean_bootstrap_mono_prob": 0.46331666666666665,
      "mean_significant_violations": 0.2,
      "mean_prob_range": 0.4159366666666667
    },
    {
      "variation_id": "Global politics and geopolitics_6361",
      "category": "Global politics and geopolitics",
      "identified_property": "comprehensiveness and durability of the ceasefire agreement",
      "valence": "positive",
      "n_comparisons": 30,
      "n_monotonic": 25,
      "monotonicity_rate": 0.8333333333333334,
      "n_monotonic_decreasing": 1,
      "monotonicity_rate_decreasing": 0.03333333333333333,
      "set_inferred_direction": 1,
      "n_monotonic_inferred_direction": 25,
      "monotonicity_rate_inferred_direction": 0.8333333333333334,
      "n_erratic_flips": 0,
      "erratic_flip_rate": 0.0,
      "mean_kendall_tau": 0.7506214438722028,
      "mean_spearman_rho": 0.850535914553098,
      "jt_significant_rate": 0.9333333333333333,
      "mean_logistic_slope": 1.7247206997500326,
      "logistic_significant_rate": 0.8333333333333334,
      "mean_isotonic_r2": 0.9602044023339129,
      "mean_kendall_tau_abs": 0.7210420063672757,
      "mean_spearman_rho_abs": 0.8089881955760386,
      "mean_logistic_slope_abs": 1.7247206997500326,
      "mean_isotonic_r2_bidirectional": 0.9602044023339129,
      "frac_inferred_increasing": 0.9666666666666667,
      "frac_inferred_decreasing": 0.0,
      "mean_bootstrap_mono_prob": 0.40674999999999994,
      "mean_significant_violations": 0.0,
      "mean_prob_range": 0.6081
    },
    {
      "variation_id": "Global politics and geopolitics_8267",
      "category": "Global politics and geopolitics",
      "identified_property": "agreement enforceability and comprehensiveness",
      "valence": "positive",
      "n_comparisons": 30,
      "n_monotonic": 17,
      "monotonicity_rate": 0.5666666666666667,
      "n_monotonic_decreasing": 1,
      "monotonicity_rate_decreasing": 0.03333333333333333,
      "set_inferred_direction": 1,
      "n_monotonic_inferred_direction": 17,
      "monotonicity_rate_inferred_direction": 0.5666666666666667,
      "n_erratic_flips": 0,
      "erratic_flip_rate": 0.0,
      "mean_kendall_tau": 0.7379376833173688,
      "mean_spearman_rho": 0.8491588578509375,
      "jt_significant_rate": 0.9333333333333333,
      "mean_logistic_slope": 2.2097543951182157,
      "logistic_significant_rate": 0.8333333333333334,
      "mean_isotonic_r2": 0.9219537090847812,
      "mean_kendall_tau_abs": 0.7079487220179522,
      "mean_spearman_rho_abs": 0.8039037935669691,
      "mean_logistic_slope_abs": 2.2097543951182157,
      "mean_isotonic_r2_bidirectional": 0.9219537090847812,
      "frac_inferred_increasing": 0.9666666666666667,
      "frac_inferred_decreasing": 0.0,
      "mean_bootstrap_mono_prob": 0.22638333333333327,
      "mean_significant_violations": 0.13333333333333333,
      "mean_prob_range": 0.6098233333333334
    },
    {
      "variation_id": "Global politics and geopolitics_9052",
      "category": "Global politics and geopolitics",