{
  "model": "llama-31-8b-instruct-openrouter",
  "category": "Global economy",
  "aggregate": {
    "n_variation_sets": 6,
    "n_total_comparisons": 180,
    "n_tiers": 7,
    "monotonicity_rate": 0.7,
    "erratic_flip_rate": 0.011111111111111112,
    "mean_kendall_tau": 0.7335306901093874,
    "mean_spearman_rho": 0.8380896725584488,
    "jt_significant_rate": 0.9111111111111111,
    "mean_logistic_slope": 2.1486457197291737,
    "logistic_significant_rate": 0.8,
    "mean_isotonic_r2": 0.9488927268087838,
    "mean_kendall_tau_abs": 0.6988912685241011,
    "mean_spearman_rho_abs": 0.7875375002876145,
    "mean_logistic_slope_abs": 2.1486457197291737,
    "mean_isotonic_r2_bidirectional": 0.9496489140502101,
    "frac_inferred_increasing": 0.9555555555555556,
    "frac_inferred_decreasing": 0.005555555555555556,
    "mean_bootstrap_mono_prob": 0.26145833333333335,
    "mean_prob_range": 0.6653655555555554
  },
  "per_variation_set": [
    {
      "variation_id": "Global economy_1900",
      "category": "Global economy",
      "identified_property": "recession severity",
      "valence": "negative",
      "n_comparisons": 30,
      "n_monotonic": 21,
      "monotonicity_rate": 0.7,
      "n_monotonic_decreasing": 2,
      "monotonicity_rate_decreasing": 0.06666666666666667,
      "set_inferred_direction": 1,
      "n_monotonic_inferred_direction": 21,
      "monotonicity_rate_inferred_direction": 0.7,
      "n_erratic_flips": 0,
      "erratic_flip_rate": 0.0,
      "mean_kendall_tau": 0.6866808963342681,
      "mean_spearman_rho": 0.8063957869763961,
      "jt_significant_rate": 0.8666666666666667,
      "mean_logistic_slope": 2.895715870954133,
      "logistic_significant_rate": 0.7666666666666667,
      "mean_isotonic_r2": 0.9548143126086513,
      "mean_kendall_tau_abs": 0.6577118480491942,
      "mean_spearman_rho_abs": 0.7523885107504394,
      "mean_logistic_slope_abs": 2.895715870954133,
      "mean_isotonic_r2_bidirectional": 0.9593514360572093,
      "frac_inferred_increasing": 0.9,
      "frac_inferred_decreasing": 0.03333333333333333,
      "mean_bootstrap_mono_prob": 0.2563166666666667,
      "mean_significant_violations": 0.03333333333333333,
      "mean_prob_range": 0.5747466666666666
    },
    {
      "variation_id": "Global economy_3077",
      "category": "Global economy",
      "identified_property": "severity of economic downturn",
      "valence": "negative",
      "n_comparisons": 30,
      "n_monotonic": 25,
      "monotonicity_rate": 0.8333333333333334,
      "n_monotonic_decreasing": 2,
      "monotonicity_rate_decreasing": 0.06666666666666667,
      "set_inferred_direction": 1,
      "n_monotonic_inferred_direction": 25,
      "monotonicity_rate_inferred_direction": 0.8333333333333334,
      "n_erratic_flips": 1,
      "erratic_flip_rate": 0.03333333333333333,
      "mean_kendall_tau": 0.6963682259081031,
      "mean_spearman_rho": 0.8004080303650769,
      "jt_significant_rate": 0.8333333333333334,
      "mean_logistic_slope": 1.996695530032432,
      "logistic_significant_rate": 0.7,
      "mean_isotonic_r2": 0.9745940851170404,
      "mean_kendall_tau_abs": 0.6636339430094359,
      "mean_spearman_rho_abs": 0.7470622615394895,
      "mean_logistic_slope_abs": 1.996695530032432,
      "mean_isotonic_r2_bidirectional": 0.9745940851170404,
      "frac_inferred_increasing": 0.9333333333333333,
      "frac_inferred_decreasing": 0.0,
      "mean_bootstrap_mono_prob": 0.25153333333333333,
      "mean_significant_violations": 0.03333333333333333,
      "mean_prob_range": 0.5772233333333332
    },
    {
      "variation_id": "Global economy_3231",
      "category": "Global economy",
      "identified_property": "recession severity",
      "valence": "negative",
      "n_comparisons": 30,
      "n_monotonic": 18,
      "monotonicity_rate": 0.6,
      "n_monotonic_decreasing": 0,
      "monotonicity_rate_decreasing": 0.0,
      "set_inferred_direction": 1,
      "n_monotonic_inferred_direction": 18,
      "monotonicity_rate_inferred_direction": 0.6,
      "n_erratic_flips": 0,
      "erratic_flip_rate": 0.0,
      "mean_kendall_tau": 0.7671722313668039,
      "mean_spearman_rho": 0.8594499890881684,
      "jt_significant_rate": 0.9666666666666667,
      "mean_logistic_slope": 0.6744837863619815,
      "logistic_significant_rate": 0.8666666666666667,
      "mean_isotonic_r2": 0.9284086682613316,
      "mean_kendall_tau_abs": 0.7361862377889464,
      "mean_spearman_rho_abs": 0.824327170236829,
      "mean_logistic_slope_abs": 0.6744837863619815,
      "mean_isotonic_r2_bidirectional": 0.9284086682613316,
      "frac_inferred_increasing": 1.0,
      "frac_inferred_decreasing": 0.0,
      "mean_bootstrap_mono_prob": 0.18005000000000002,
      "mean_significant_violations": 0.26666666666666666,
      "mean_prob_range": 0.66697
    },
    {
      "variation_id": "Global economy_3676",
      "category": "Global economy",
      "identified_property": "severity of impact on purchasing power",
      "valence": "negative",
      "n_comparisons": 30,
      "n_monotonic": 24,
      "monotonicity_rate": 0.8,
      "n_monotonic_decreasing": 1,
      "monotonicity_rate_decreasing": 0.03333333333333333,
      "set_inferred_direction": 1,
      "n_monotonic_inferred_direction": 24,
      "monotonicity_rate_inferred_direction": 0.8,
      "n_erratic_flips": 0,
      "erratic_flip_rate": 0.0,
      "mean_kendall_tau": 0.7450586885157354,
      "mean_spearman_rho": 0.8478588004544168,
      "jt_significant_rate": 0.9333333333333333,
      "mean_logistic_slope": 3.1620567233404717,
      "logistic_significant_rate": 0.8333333333333334,
      "mean_isotonic_r2": 0.9702524719041856,
      "mean_kendall_tau_abs": 0.7207446235675596,
      "mean_spearman_rho_abs": 0.8101367206772324,
      "mean_logistic_slope_abs": 3.1620567233404717,
      "mean_isotonic_r2_bidirectional": 0.9702524719041856,
      "frac_inferred_increasing": 0.9666666666666667,
      "frac_inferred_decreasing": 0.0,
      "mean_bootstrap_mono_prob": 0.36363333333333336,
      "mean_significant_violations": 0.03333333333333333,
      "mean_prob_range": 0.5672733333333333
    },
    {
      "variation_id": "Global economy_7453",
      "category": "Global economy",
      "identified_property": "implementation effectiveness and enforcement quality",
      "valence": "positive",
      "n_comparisons": 30,
      "n_monotonic": 17,
      "monotonicity_rate": 0.5666666666666667,
      "n_monotonic_decreasing": 1,
      "monotonicity_rate_decreasing": 0.03333333333333333,
      "set_inferred_direction": 1,
      "n_monotonic_inferred_direction": 17,
      "monotonicity_rate_inferred_direction": 0.5666666666666667,
      "n_erratic_flips": 0,
      "erratic_flip_rate": 0.0,
      "mean_kendall_tau": 0.7153907752218047,
      "mean_spearman_rho": 0.8301584803822575,
      "jt_significant_rate": 0.9,
      "mean_logistic_slope": 2.385963677456329,
      "logistic_significant_rate": 0.8,
      "mean_isotonic_r2": 0.9106616164331494,
      "mean_kendall_tau_abs": 0.670979307388711,
      "mean_spearman_rho_abs": 0.7661945865362391,
      "mean_logistic_slope_abs": 2.385963677456329,
      "mean_isotonic_r2_bidirectional": 0.9106616164331494,
      "frac_inferred_increasing": 0.9666666666666667,
      "frac_inferred_decreasing": 0.0,
      "mean_bootstrap_mono_prob": 0.21464999999999995,
      "mean_significant_violations": 0.1,
      "mean_prob_range": 0.7643133333333334
    },
    {
      "variation_id": "Global economy_8344",
      "category": "Global economy",
      "identified_property": "severity of economic and social disruption",
      "valence": "negative",
      "n_comparisons": 30,
      "n_monotonic": 21,
      "monotonicity_rate": 0.7,
      "n_monotonic_decreasing": 1,
      "monotonicity_rate_decreasing": 0.03333333333333333,
      "set_inferred_direction": 1,
      "n_monotonic_inferred_direction": 21,
      "monotonicity_rate_inferred_direction": 0.7,
      "n_erratic_flips": 1,