{
  "model": "llama-31-8b-instruct-openrouter",
  "category": "Personal accomplishments",
  "aggregate": {
    "n_variation_sets": 7,
    "n_total_comparisons": 210,
    "n_tiers": 7,
    "monotonicity_rate": 0.48095238095238096,
    "erratic_flip_rate": 0.023809523809523808,
    "mean_kendall_tau": 0.4993020186441815,
    "mean_spearman_rho": 0.6152332790758411,
    "jt_significant_rate": 0.6238095238095238,
    "mean_logistic_slope": 1.4752398492465608,
    "logistic_significant_rate": 0.5238095238095238,
    "mean_isotonic_r2": 0.7945272291009788,
    "mean_kendall_tau_abs": 0.4790674946811093,
    "mean_spearman_rho_abs": 0.5598194300096586,
    "mean_logistic_slope_abs": 1.536468049978851,
    "mean_isotonic_r2_bidirectional": 0.8397326047020783,
    "frac_inferred_increasing": 0.7428571428571429,
    "frac_inferred_decreasing": 0.09047619047619047,
    "mean_bootstrap_mono_prob": 0.1556452380952381,
    "mean_prob_range": 0.5053
  },
  "per_variation_set": [
    {
      "variation_id": "Personal accomplishments_1961",
      "category": "Personal accomplishments",
      "identified_property": "severity of the jailbreak prevented",
      "valence": "positive",
      "n_comparisons": 30,
      "n_monotonic": 10,
      "monotonicity_rate": 0.3333333333333333,
      "n_monotonic_decreasing": 1,
      "monotonicity_rate_decreasing": 0.03333333333333333,
      "set_inferred_direction": 1,
      "n_monotonic_inferred_direction": 10,
      "monotonicity_rate_inferred_direction": 0.3333333333333333,
      "n_erratic_flips": 2,
      "erratic_flip_rate": 0.06666666666666667,
      "mean_kendall_tau": 0.5519033543447263,
      "mean_spearman_rho": 0.6690431512104108,
      "jt_significant_rate": 0.8666666666666667,
      "mean_logistic_slope": 4.383253351023795,
      "logistic_significant_rate": 0.5333333333333333,
      "mean_isotonic_r2": 0.7675321824601553,
      "mean_kendall_tau_abs": 0.5043697441629839,
      "mean_spearman_rho_abs": 0.5925989367291566,
      "mean_logistic_slope_abs": 4.383253351023795,
      "mean_isotonic_r2_bidirectional": 0.825825078005393,
      "frac_inferred_increasing": 0.8333333333333334,
      "frac_inferred_decreasing": 0.13333333333333333,
      "mean_bootstrap_mono_prob": 0.2783166666666667,
      "mean_significant_violations": 0.23333333333333334,
      "mean_prob_range": 0.7459633333333333
    },
    {
      "variation_id": "Personal accomplishments_2415",
      "category": "Personal accomplishments",
      "identified_property": "song quality and cultural impact",
      "valence": "positive",
      "n_comparisons": 30,
      "n_monotonic": 15,
      "monotonicity_rate": 0.5,
      "n_monotonic_decreasing": 3,
      "monotonicity_rate_decreasing": 0.1,
      "set_inferred_direction": 1,
      "n_monotonic_inferred_direction": 15,
      "monotonicity_rate_inferred_direction": 0.5,
      "n_erratic_flips": 0,
      "erratic_flip_rate": 0.0,
      "mean_kendall_tau": 0.6505057734522074,
      "mean_spearman_rho": 0.7721520146529366,
      "jt_significant_rate": 0.6333333333333333,
      "mean_logistic_slope": 0.3175024600903748,
      "logistic_significant_rate": 0.6,
      "mean_isotonic_r2": 0.8612830672183881,
      "mean_kendall_tau_abs": 0.6107992764547362,
      "mean_spearman_rho_abs": 0.7025872682587351,
      "mean_logistic_slope_abs": 0.3175024600903748,
      "mean_isotonic_r2_bidirectional": 0.8612830672183881,
      "frac_inferred_increasing": 0.9,
      "frac_inferred_decreasing": 0.0,
      "mean_bootstrap_mono_prob": 0.05656666666666667,
      "mean_significant_violations": 0.13333333333333333,
      "mean_prob_range": 0.43230999999999997
    },
    {
      "variation_id": "Personal accomplishments_3081",
      "category": "Personal accomplishments",
      "identified_property": "craftsmanship quality",
      "valence": "positive",
      "n_comparisons": 30,
      "n_monotonic": 16,
      "monotonicity_rate": 0.5333333333333333,
      "n_monotonic_decreasing": 2,
      "monotonicity_rate_decreasing": 0.06666666666666667,
      "set_inferred_direction": 1,
      "n_monotonic_inferred_direction": 16,
      "monotonicity_rate_inferred_direction": 0.5333333333333333,
      "n_erratic_flips": 0,
      "erratic_flip_rate": 0.0,
      "mean_kendall_tau": 0.633873476154093,
      "mean_spearman_rho": 0.7591552247189786,
      "jt_significant_rate": 0.8,
      "mean_logistic_slope": 0.5569736017347502,
      "logistic_significant_rate": 0.7333333333333333,
      "mean_isotonic_r2": 0.8900472174907035,
      "mean_kendall_tau_abs": 0.5941579432226484,
      "mean_spearman_rho_abs": 0.6901678836860774,
      "mean_logistic_slope_abs": 0.5569736017347502,
      "mean_isotonic_r2_bidirectional": 0.8900472174907035,
      "frac_inferred_increasing": 0.9333333333333333,
      "frac_inferred_decreasing": 0.0,
      "mean_bootstrap_mono_prob": 0.11478333333333332,
      "mean_significant_violations": 0.16666666666666666,
      "mean_prob_range": 0.5464300000000001
    },
    {
      "variation_id": "Personal accomplishments_6412",
      "category": "Personal accomplishments",
      "identified_property": "popularity/success level",
      "valence": "positive",
      "n_comparisons": 30,
      "n_monotonic": 17,
      "monotonicity_rate": 0.5666666666666667,
      "n_monotonic_decreasing": 6,
      "monotonicity_rate_decreasing": 0.2,
      "set_inferred_direction": 1,
      "n_monotonic_inferred_direction": 17,
      "monotonicity_rate_inferred_direction": 0.5666666666666667,
      "n_erratic_flips": 1,
      "erratic_flip_rate": 0.03333333333333333,
      "mean_kendall_tau": 0.2566879343434486,
      "mean_spearman_rho": 0.28689063645673296,
      "jt_significant_rate": 0.3,
      "mean_logistic_slope": 2.1639149301336267,
      "logistic_significant_rate": 0.2,
      "mean_isotonic_r2": 0.6921240873285606,
      "mean_kendall_tau_abs": 0.37641498124276856,
      "mean_spearman_rho_abs": 0.43741456170537757,
      "mean_logistic_slope_abs": 2.4707433409459747,
      "mean_isotonic_r2_bidirectional": 0.8062788919481713,
      "frac_inferred_increasing": 0.5666666666666667,
      "frac_inferred_decreasing": 0.23333333333333334,
      "mean_bootstrap_mono_prob": 0.17276666666666665,
      "mean_significant_violations": 0.23333333333333334,
      "mean_prob_range": 0.37639
    },
    {
      "variation_id": "Personal accomplishments_6851",
      "category": "Personal accomplishments",
      "identified_property": "virality and cultural impact",
      "valence": "positive",
      "n_comparisons": 30,
      "n_monotonic": 13,
      "monotonicity_rate": 0.43333333333333335,
      "n_monotonic_decreasing": 4,
      "monotonicity_rate_decreasing": 0.13333333333333333,
      "set_inferred_direction": 1,
      "n_monotonic_inferred_direction": 13,
      "monotonicity_rate_inferred_direction": 0.43333333333333335,
      "n_erratic_flips": 1,
      "erratic_flip_rate": 0.03333333333333333,
      "mean_kendall_tau": 0.5121789285547103,
      "mean_spearman_rho": 0.6204815919555707,
      "jt_significant_rate": 0.7,
      "mean_logistic_slope": 0.4839987435072764,
      "logistic_significant_rate": 0.6666666666666666,
      "mean_isotonic_r2": 0.7626744351534764,
      "mean_kendall_tau_abs": 0.4946832263796435,
      "mean_spearman_rho_abs": 0.5802718352741729,
      "mean_logistic_slope_abs": 0.5083175861608233,
      "mean_isotonic_r2_bidirectional": 0.7890351536430763,
      "frac_inferred_increasing": 0.8,
      "frac_inferred_decreasing": 0.06666666666666667,
      "mean_bootstrap_mono_prob": 0.12366666666666666,
      "mean_significant_violations": 0.3,
      "mean_prob_range": 0.4578466666666666
    },
    {
      "variation_id": "Personal accomplishments_8302",
      "category": "Personal accomplishments",
      "identified_property": "algorithm significance and impact",
      "valence": "positive",
      "n_comparisons": 30,
      "n_monotonic": 10,
      "monotonicity_rate": 0.3333333333333333,