{
  "model": "llama-31-8b-instruct-openrouter",
  "category": "United States economy",
  "aggregate": {
    "n_variation_sets": 9,
    "n_total_comparisons": 270,
    "n_tiers": 7,
    "monotonicity_rate": 0.674074074074074,
    "erratic_flip_rate": 0.0,
    "mean_kendall_tau": 0.7107701121502845,
    "mean_spearman_rho": 0.8179469939985688,
    "jt_significant_rate": 0.8518518518518519,
    "mean_logistic_slope": 2.0417861776375097,
    "logistic_significant_rate": 0.774074074074074,
    "mean_isotonic_r2": 0.938213313369127,
    "mean_kendall_tau_abs": 0.6623422858123261,
    "mean_spearman_rho_abs": 0.7499056976548574,
    "mean_logistic_slope_abs": 2.0422324888489065,
    "mean_isotonic_r2_bidirectional": 0.9385085972004937,
    "frac_inferred_increasing": 0.9333333333333333,
    "frac_inferred_decreasing": 0.003703703703703704,
    "mean_bootstrap_mono_prob": 0.2947111111111111,
    "mean_prob_range": 0.5621918518518519
  },
  "per_variation_set": [
    {
      "variation_id": "United States economy_2156",
      "category": "United States economy",
      "identified_property": "effectiveness and quality of infrastructure spending",
      "valence": "positive",
      "n_comparisons": 30,
      "n_monotonic": 27,
      "monotonicity_rate": 0.9,
      "n_monotonic_decreasing": 1,
      "monotonicity_rate_decreasing": 0.03333333333333333,
      "set_inferred_direction": 1,
      "n_monotonic_inferred_direction": 27,
      "monotonicity_rate_inferred_direction": 0.9,
      "n_erratic_flips": 0,
      "erratic_flip_rate": 0.0,
      "mean_kendall_tau": 0.775714933833191,
      "mean_spearman_rho": 0.8746544538357616,
      "jt_significant_rate": 0.9666666666666667,
      "mean_logistic_slope": 1.0726171328906835,
      "logistic_significant_rate": 0.9666666666666667,
      "mean_isotonic_r2": 0.9952159924933374,
      "mean_kendall_tau_abs": 0.7493256042625744,
      "mean_spearman_rho_abs": 0.8435412904225222,
      "mean_logistic_slope_abs": 1.0726171328906835,
      "mean_isotonic_r2_bidirectional": 0.9952159924933374,
      "frac_inferred_increasing": 0.9666666666666667,
      "frac_inferred_decreasing": 0.0,
      "mean_bootstrap_mono_prob": 0.33066666666666666,
      "mean_significant_violations": 0.0,
      "mean_prob_range": 0.63974
    },
    {
      "variation_id": "United States economy_2237",
      "category": "United States economy",
      "identified_property": "severity of layoffs and unemployment impact",
      "valence": "negative",
      "n_comparisons": 30,
      "n_monotonic": 20,
      "monotonicity_rate": 0.6666666666666666,
      "n_monotonic_decreasing": 1,
      "monotonicity_rate_decreasing": 0.03333333333333333,
      "set_inferred_direction": 1,
      "n_monotonic_inferred_direction": 20,
      "monotonicity_rate_inferred_direction": 0.6666666666666666,
      "n_erratic_flips": 0,
      "erratic_flip_rate": 0.0,
      "mean_kendall_tau": 0.7064851811589761,
      "mean_spearman_rho": 0.8164074705637254,
      "jt_significant_rate": 0.8666666666666667,
      "mean_logistic_slope": 2.097785950569587,
      "logistic_significant_rate": 0.8,
      "mean_isotonic_r2": 0.9399518225678386,
      "mean_kendall_tau_abs": 0.6675343339319242,
      "mean_spearman_rho_abs": 0.762442501532653,
      "mean_logistic_slope_abs": 2.097785950569587,
      "mean_isotonic_r2_bidirectional": 0.9399518225678386,
      "frac_inferred_increasing": 0.9666666666666667,
      "frac_inferred_decreasing": 0.0,
      "mean_bootstrap_mono_prob": 0.27196666666666663,
      "mean_significant_violations": 0.0,
      "mean_prob_range": 0.55251
    },
    {
      "variation_id": "United States economy_2241",
      "category": "United States economy",
      "identified_property": "severity of the economic downturn's broader impact",
      "valence": "negative",
      "n_comparisons": 30,
      "n_monotonic": 23,
      "monotonicity_rate": 0.7666666666666667,
      "n_monotonic_decreasing": 2,
      "monotonicity_rate_decreasing": 0.06666666666666667,
      "set_inferred_direction": 1,
      "n_monotonic_inferred_direction": 23,
      "monotonicity_rate_inferred_direction": 0.7666666666666667,
      "n_erratic_flips": 0,
      "erratic_flip_rate": 0.0,
      "mean_kendall_tau": 0.802609211294253,
      "mean_spearman_rho": 0.8888717512131393,
      "jt_significant_rate": 0.9333333333333333,
      "mean_logistic_slope": 3.0169361717874827,
      "logistic_significant_rate": 0.8333333333333334,
      "mean_isotonic_r2": 0.9599450102094964,
      "mean_kendall_tau_abs": 0.7451338505033208,
      "mean_spearman_rho_abs": 0.8151155700261844,
      "mean_logistic_slope_abs": 3.0169361717874827,
      "mean_isotonic_r2_bidirectional": 0.9599450102094964,
      "frac_inferred_increasing": 0.9333333333333333,
      "frac_inferred_decreasing": 0.0,
      "mean_bootstrap_mono_prob": 0.31605,
      "mean_significant_violations": 0.03333333333333333,
      "mean_prob_range": 0.6543600000000002
    },
    {
      "variation_id": "United States economy_3163",
      "category": "United States economy",
      "identified_property": "effectiveness at combating inflation with minimal economic disruption",
      "valence": "positive",
      "n_comparisons": 30,
      "n_monotonic": 16,
      "monotonicity_rate": 0.5333333333333333,
      "n_monotonic_decreasing": 3,
      "monotonicity_rate_decreasing": 0.1,
      "set_inferred_direction": 1,
      "n_monotonic_inferred_direction": 16,
      "monotonicity_rate_inferred_direction": 0.5333333333333333,
      "n_erratic_flips": 0,
      "erratic_flip_rate": 0.0,
      "mean_kendall_tau": 0.6638868575146235,
      "mean_spearman_rho": 0.7742138441306877,
      "jt_significant_rate": 0.6666666666666666,
      "mean_logistic_slope": 0.3764275690964937,
      "logistic_significant_rate": 0.6333333333333333,
      "mean_isotonic_r2": 0.9210267963971805,
      "mean_kendall_tau_abs": 0.5965316886368995,
      "mean_spearman_rho_abs": 0.6829280709333717,
      "mean_logistic_slope_abs": 0.38044436999906484,
      "mean_isotonic_r2_bidirectional": 0.9210267963971805,
      "frac_inferred_increasing": 0.9,
      "frac_inferred_decreasing": 0.0,
      "mean_bootstrap_mono_prob": 0.07233333333333333,
      "mean_significant_violations": 0.03333333333333333,
      "mean_prob_range": 0.4901466666666667
    },
    {
      "variation_id": "United States economy_3510",
      "category": "United States economy",
      "identified_property": "magnitude and quality of foreign investment attracted",
      "valence": "positive",
      "n_comparisons": 30,
      "n_monotonic": 7,
      "monotonicity_rate": 0.23333333333333334,
      "n_monotonic_decreasing": 1,
      "monotonicity_rate_decreasing": 0.03333333333333333,
      "set_inferred_direction": 1,
      "n_monotonic_inferred_direction": 7,
      "monotonicity_rate_inferred_direction": 0.23333333333333334,
      "n_erratic_flips": 0,
      "erratic_flip_rate": 0.0,
      "mean_kendall_tau": 0.6696487828843822,
      "mean_spearman_rho": 0.784632616908824,
      "jt_significant_rate": 0.7333333333333333,
      "mean_logistic_slope": 0.5004831038462195,
      "logistic_significant_rate": 0.7,
      "mean_isotonic_r2": 0.8835448880386968,
      "mean_kendall_tau_abs": 0.642407444805282,
      "mean_spearman_rho_abs": 0.7348498869947921,
      "mean_logistic_slope_abs": 0.5004831038462195,
      "mean_isotonic_r2_bidirectional": 0.8862024425209971,
      "frac_inferred_increasing": 0.9333333333333333,
      "frac_inferred_decreasing": 0.03333333333333333,
      "mean_bootstrap_mono_prob": 0.07343333333333334,
      "mean_significant_violations": 0.03333333333333333,
      "mean_prob_range": 0.60273
    },
    {
      "variation_id": "United States economy_4120",
      "category": "United States economy",
      "identified_property": "magnitude of dollar strengthening and resulting competitiveness loss",
      "valence": "negative",
      "n_comparisons": 30,
      "n_monotonic": 17,