{
  "model": "gpt-54-mini-thinking",
  "category": "Global economy",
  "aggregate": {
    "n_variation_sets": 6,
    "n_total_comparisons": 180,
    "n_tiers": 7,
    "monotonicity_rate": 0.85,
    "erratic_flip_rate": 0.0,
    "mean_kendall_tau": 0.6706556090782271,
    "mean_spearman_rho": 0.7676539729017878,
    "jt_significant_rate": 0.7722222222222223,
    "mean_logistic_slope": 9.571420910762154,
    "logistic_significant_rate": 0.4166666666666667,
    "mean_isotonic_r2": 0.9941618604955538,
    "mean_kendall_tau_abs": 0.5764847430198842,
    "mean_spearman_rho_abs": 0.6380972242753967,
    "mean_logistic_slope_abs": 9.571420910762154,
    "mean_isotonic_r2_bidirectional": 0.9941618604955538,
    "frac_inferred_increasing": 0.8,
    "frac_inferred_decreasing": 0.0,
    "mean_bootstrap_mono_prob": 0.8242083333333334,
    "mean_prob_range": 0.5803216374269006
  },
  "per_variation_set": [
    {
      "variation_id": "Global economy_1900",
      "category": "Global economy",
      "identified_property": "recession severity",
      "valence": "negative",
      "n_comparisons": 30,
      "n_monotonic": 29,
      "monotonicity_rate": 0.9666666666666667,
      "n_monotonic_decreasing": 20,
      "monotonicity_rate_decreasing": 0.6666666666666666,
      "set_inferred_direction": 1,
      "n_monotonic_inferred_direction": 29,
      "monotonicity_rate_inferred_direction": 0.9666666666666667,
      "n_erratic_flips": 0,
      "erratic_flip_rate": 0.0,
      "mean_kendall_tau": 0.38079286551034275,
      "mean_spearman_rho": 0.43613466583715677,
      "jt_significant_rate": 0.3,
      "mean_logistic_slope": 2.5066660380503256,
      "logistic_significant_rate": 0.2,
      "mean_isotonic_r2": 0.9999636098981077,
      "mean_kendall_tau_abs": 0.23940705537578624,
      "mean_spearman_rho_abs": 0.26310513876538183,
      "mean_logistic_slope_abs": 2.5066660380503256,
      "mean_isotonic_r2_bidirectional": 0.9999636098981077,
      "frac_inferred_increasing": 0.3333333333333333,
      "frac_inferred_decreasing": 0.0,
      "mean_bootstrap_mono_prob": 0.9404333333333333,
      "mean_significant_violations": 0.0,
      "mean_prob_range": 0.16973684210526316
    },
    {
      "variation_id": "Global economy_3077",
      "category": "Global economy",
      "identified_property": "severity of economic downturn",
      "valence": "negative",
      "n_comparisons": 30,
      "n_monotonic": 26,
      "monotonicity_rate": 0.8666666666666667,
      "n_monotonic_decreasing": 9,
      "monotonicity_rate_decreasing": 0.3,
      "set_inferred_direction": 1,
      "n_monotonic_inferred_direction": 26,
      "monotonicity_rate_inferred_direction": 0.8666666666666667,
      "n_erratic_flips": 0,
      "erratic_flip_rate": 0.0,
      "mean_kendall_tau": 0.6474966117486762,
      "mean_spearman_rho": 0.7501239740731775,
      "jt_significant_rate": 0.6333333333333333,
      "mean_logistic_slope": 2.278321110057029,
      "logistic_significant_rate": 0.5,
      "mean_isotonic_r2": 0.9797669077033677,
      "mean_kendall_tau_abs": 0.5231569326349584,
      "mean_spearman_rho_abs": 0.5774377529040177,
      "mean_logistic_slope_abs": 2.278321110057029,
      "mean_isotonic_r2_bidirectional": 0.9797669077033677,
      "frac_inferred_increasing": 0.7,
      "frac_inferred_decreasing": 0.0,
      "mean_bootstrap_mono_prob": 0.7458166666666667,
      "mean_significant_violations": 0.0,
      "mean_prob_range": 0.31833333333333336
    },
    {
      "variation_id": "Global economy_3231",
      "category": "Global economy",
      "identified_property": "recession severity",
      "valence": "negative",
      "n_comparisons": 30,
      "n_monotonic": 26,
      "monotonicity_rate": 0.8666666666666667,
      "n_monotonic_decreasing": 2,
      "monotonicity_rate_decreasing": 0.06666666666666667,
      "set_inferred_direction": 1,
      "n_monotonic_inferred_direction": 26,
      "monotonicity_rate_inferred_direction": 0.8666666666666667,
      "n_erratic_flips": 0,
      "erratic_flip_rate": 0.0,
      "mean_kendall_tau": 0.6303835052343569,
      "mean_spearman_rho": 0.7172104159663251,
      "jt_significant_rate": 0.9,
      "mean_logistic_slope": 14.330825161256264,
      "logistic_significant_rate": 0.3333333333333333,
      "mean_isotonic_r2": 0.9993196216143352,
      "mean_kendall_tau_abs": 0.5872455751705492,
      "mean_spearman_rho_abs": 0.6555602837496676,
      "mean_logistic_slope_abs": 14.330825161256264,
      "mean_isotonic_r2_bidirectional": 0.9993196216143352,
      "frac_inferred_increasing": 0.9333333333333333,
      "frac_inferred_decreasing": 0.0,
      "mean_bootstrap_mono_prob": 0.88705,
      "mean_significant_violations": 0.0,
      "mean_prob_range": 0.5516666666666665
    },
    {
      "variation_id": "Global economy_3676",
      "category": "Global economy",
      "identified_property": "severity of impact on purchasing power",
      "valence": "negative",
      "n_comparisons": 30,
      "n_monotonic": 29,
      "monotonicity_rate": 0.9666666666666667,
      "n_monotonic_decreasing": 2,
      "monotonicity_rate_decreasing": 0.06666666666666667,
      "set_inferred_direction": 1,
      "n_monotonic_inferred_direction": 29,
      "monotonicity_rate_inferred_direction": 0.9666666666666667,
      "n_erratic_flips": 0,
      "erratic_flip_rate": 0.0,
      "mean_kendall_tau": 0.6988364308271974,
      "mean_spearman_rho": 0.7842450272421816,
      "jt_significant_rate": 0.9333333333333333,
      "mean_logistic_slope": 16.33501132758408,
      "logistic_significant_rate": 0.36666666666666664,
      "mean_isotonic_r2": 0.9999685195178988,
      "mean_kendall_tau_abs": 0.642505505984627,
      "mean_spearman_rho_abs": 0.708141655945184,
      "mean_logistic_slope_abs": 16.33501132758408,
      "mean_isotonic_r2_bidirectional": 0.9999685195178988,
      "frac_inferred_increasing": 0.9333333333333333,
      "frac_inferred_decreasing": 0.0,
      "mean_bootstrap_mono_prob": 0.9469333333333334,
      "mean_significant_violations": 0.0,
      "mean_prob_range": 0.785
    },
    {
      "variation_id": "Global economy_7453",
      "category": "Global economy",
      "identified_property": "implementation effectiveness and enforcement quality",
      "valence": "positive",
      "n_comparisons": 30,
      "n_monotonic": 13,
      "monotonicity_rate": 0.43333333333333335,
      "n_monotonic_decreasing": 2,
      "monotonicity_rate_decreasing": 0.06666666666666667,
      "set_inferred_direction": 1,
      "n_monotonic_inferred_direction": 13,
      "monotonicity_rate_inferred_direction": 0.43333333333333335,
      "n_erratic_flips": 0,
      "erratic_flip_rate": 0.0,
      "mean_kendall_tau": 0.7943595088896641,
      "mean_spearman_rho": 0.8944101496468276,
      "jt_significant_rate": 0.9,
      "mean_logistic_slope": 2.611962754442461,
      "logistic_significant_rate": 0.8666666666666667,
      "mean_isotonic_r2": 0.9859525042396132,
      "mean_kendall_tau_abs": 0.7307756105375546,
      "mean_spearman_rho_abs": 0.8164586667882713,
      "mean_logistic_slope_abs": 2.611962754442461,
      "mean_isotonic_r2_bidirectional": 0.9859525042396132,
      "frac_inferred_increasing": 0.9333333333333333,
      "frac_inferred_decreasing": 0.0,
      "mean_bootstrap_mono_prob": 0.42674999999999996,
      "mean_significant_violations": 0.0,
      "mean_prob_range": 0.7121929824561402
    },
    {
      "variation_id": "Global economy_8344",
      "category": "Global economy",
      "identified_property": "severity of economic and social disruption",
      "valence": "negative",
      "n_comparisons": 30,
      "n_monotonic": 30,
      "monotonicity_rate": 1.0,
      "n_monotonic_decreasing": 1,
      "monotonicity_rate_decreasing": 0.03333333333333333,
      "set_inferred_direction": 1,
      "n_monotonic_inferred_direction": 30,
      "monotonicity_rate_inferred_direction": 1.0,
      "n_erratic_flips": 0,
      "erratic_flip_rate": 0.0,