{
  "model": "gpt-54-mini",
  "category": "Global economy",
  "aggregate": {
    "n_variation_sets": 6,
    "n_total_comparisons": 180,
    "n_tiers": 7,
    "monotonicity_rate": 0.6444444444444445,
    "erratic_flip_rate": 0.022222222222222223,
    "mean_kendall_tau": 0.6772690847066433,
    "mean_spearman_rho": 0.7885067849172186,
    "jt_significant_rate": 0.8111111111111111,
    "mean_logistic_slope": 5.0598145388065605,
    "logistic_significant_rate": 0.65,
    "mean_isotonic_r2": 0.951223345391295,
    "mean_kendall_tau_abs": 0.6017620663624756,
    "mean_spearman_rho_abs": 0.6830460534379148,
    "mean_logistic_slope_abs": 5.0598145388065605,
    "mean_isotonic_r2_bidirectional": 0.951223345391295,
    "frac_inferred_increasing": 0.8444444444444444,
    "frac_inferred_decreasing": 0.0,
    "mean_bootstrap_mono_prob": 0.6370666666666667,
    "mean_prob_range": 0.6127777777777779
  },
  "per_variation_set": [
    {
      "variation_id": "Global economy_1900",
      "category": "Global economy",
      "identified_property": "recession severity",
      "valence": "negative",
      "n_comparisons": 30,
      "n_monotonic": 25,
      "monotonicity_rate": 0.8333333333333334,
      "n_monotonic_decreasing": 14,
      "monotonicity_rate_decreasing": 0.4666666666666667,
      "set_inferred_direction": 1,
      "n_monotonic_inferred_direction": 25,
      "monotonicity_rate_inferred_direction": 0.8333333333333334,
      "n_erratic_flips": 0,
      "erratic_flip_rate": 0.0,
      "mean_kendall_tau": 0.4505189679853487,
      "mean_spearman_rho": 0.5405354454738169,
      "jt_significant_rate": 0.4666666666666667,
      "mean_logistic_slope": 2.844212811946276,
      "logistic_significant_rate": 0.3,
      "mean_isotonic_r2": 0.9720048916106001,
      "mean_kendall_tau_abs": 0.36916068241079353,
      "mean_spearman_rho_abs": 0.41370481771282847,
      "mean_logistic_slope_abs": 2.844212811946276,
      "mean_isotonic_r2_bidirectional": 0.9720048916106001,
      "frac_inferred_increasing": 0.5333333333333333,
      "frac_inferred_decreasing": 0.0,
      "mean_bootstrap_mono_prob": 0.8479333333333333,
      "mean_significant_violations": 0.0,
      "mean_prob_range": 0.23
    },
    {
      "variation_id": "Global economy_3077",
      "category": "Global economy",
      "identified_property": "severity of economic downturn",
      "valence": "negative",
      "n_comparisons": 30,
      "n_monotonic": 18,
      "monotonicity_rate": 0.6,
      "n_monotonic_decreasing": 5,
      "monotonicity_rate_decreasing": 0.16666666666666666,
      "set_inferred_direction": 1,
      "n_monotonic_inferred_direction": 18,
      "monotonicity_rate_inferred_direction": 0.6,
      "n_erratic_flips": 0,
      "erratic_flip_rate": 0.0,
      "mean_kendall_tau": 0.7537198246066152,
      "mean_spearman_rho": 0.8564366234106224,
      "jt_significant_rate": 0.8333333333333334,
      "mean_logistic_slope": 1.9169932035089525,
      "logistic_significant_rate": 0.7666666666666667,
      "mean_isotonic_r2": 0.9807481397818008,
      "mean_kendall_tau_abs": 0.6658395295975537,
      "mean_spearman_rho_abs": 0.7361421632337997,
      "mean_logistic_slope_abs": 1.9169932035089525,
      "mean_isotonic_r2_bidirectional": 0.9807481397818008,
      "frac_inferred_increasing": 0.8333333333333334,
      "frac_inferred_decreasing": 0.0,
      "mean_bootstrap_mono_prob": 0.5603666666666667,
      "mean_significant_violations": 0.0,
      "mean_prob_range": 0.5966666666666666
    },
    {
      "variation_id": "Global economy_3231",
      "category": "Global economy",
      "identified_property": "recession severity",
      "valence": "negative",
      "n_comparisons": 30,
      "n_monotonic": 19,
      "monotonicity_rate": 0.6333333333333333,
      "n_monotonic_decreasing": 1,
      "monotonicity_rate_decreasing": 0.03333333333333333,
      "set_inferred_direction": 1,
      "n_monotonic_inferred_direction": 19,
      "monotonicity_rate_inferred_direction": 0.6333333333333333,
      "n_erratic_flips": 0,
      "erratic_flip_rate": 0.0,
      "mean_kendall_tau": 0.743224289290072,
      "mean_spearman_rho": 0.8471937068797761,
      "jt_significant_rate": 0.9333333333333333,
      "mean_logistic_slope": 9.42916730200967,
      "logistic_significant_rate": 0.6666666666666666,
      "mean_isotonic_r2": 0.9864638046667652,
      "mean_kendall_tau_abs": 0.7101990053108463,
      "mean_spearman_rho_abs": 0.8039715707516917,
      "mean_logistic_slope_abs": 9.42916730200967,
      "mean_isotonic_r2_bidirectional": 0.9864638046667652,
      "frac_inferred_increasing": 0.9666666666666667,
      "frac_inferred_decreasing": 0.0,
      "mean_bootstrap_mono_prob": 0.6332333333333333,
      "mean_significant_violations": 0.03333333333333333,
      "mean_prob_range": 0.8183333333333334
    },
    {
      "variation_id": "Global economy_3676",
      "category": "Global economy",
      "identified_property": "severity of impact on purchasing power",
      "valence": "negative",
      "n_comparisons": 30,
      "n_monotonic": 27,
      "monotonicity_rate": 0.9,
      "n_monotonic_decreasing": 4,
      "monotonicity_rate_decreasing": 0.13333333333333333,
      "set_inferred_direction": 1,
      "n_monotonic_inferred_direction": 27,
      "monotonicity_rate_inferred_direction": 0.9,
      "n_erratic_flips": 0,
      "erratic_flip_rate": 0.0,
      "mean_kendall_tau": 0.742860668278439,
      "mean_spearman_rho": 0.8298647984811182,
      "jt_significant_rate": 0.8666666666666667,
      "mean_logistic_slope": 5.580864626882575,
      "logistic_significant_rate": 0.7,
      "mean_isotonic_r2": 0.9974928626256598,
      "mean_kendall_tau_abs": 0.6750976333477344,
      "mean_spearman_rho_abs": 0.7383689160563123,
      "mean_logistic_slope_abs": 5.580864626882575,
      "mean_isotonic_r2_bidirectional": 0.9974928626256598,
      "frac_inferred_increasing": 0.8666666666666667,
      "frac_inferred_decreasing": 0.0,
      "mean_bootstrap_mono_prob": 0.8224000000000001,
      "mean_significant_violations": 0.0,
      "mean_prob_range": 0.735
    },
    {
      "variation_id": "Global economy_7453",
      "category": "Global economy",
      "identified_property": "implementation effectiveness and enforcement quality",
      "valence": "positive",
      "n_comparisons": 30,
      "n_monotonic": 3,
      "monotonicity_rate": 0.1,
      "n_monotonic_decreasing": 3,
      "monotonicity_rate_decreasing": 0.1,
      "set_inferred_direction": 1,
      "n_monotonic_inferred_direction": 3,
      "monotonicity_rate_inferred_direction": 0.1,
      "n_erratic_flips": 4,
      "erratic_flip_rate": 0.13333333333333333,
      "mean_kendall_tau": 0.5074128198527416,
      "mean_spearman_rho": 0.6753717618620919,
      "jt_significant_rate": 0.8,
      "mean_logistic_slope": 0.4549223268146715,
      "logistic_significant_rate": 0.8,
      "mean_isotonic_r2": 0.772150303879143,
      "mean_kendall_tau_abs": 0.46918803549027693,
      "mean_spearman_rho_abs": 0.6067209788377613,
      "mean_logistic_slope_abs": 0.4549223268146715,
      "mean_isotonic_r2_bidirectional": 0.772150303879143,
      "frac_inferred_increasing": 0.9,
      "frac_inferred_decreasing": 0.0,
      "mean_bootstrap_mono_prob": 0.13168333333333332,
      "mean_significant_violations": 0.23333333333333334,
      "mean_prob_range": 0.5316666666666666
    },
    {
      "variation_id": "Global economy_8344",
      "category": "Global economy",
      "identified_property": "severity of economic and social disruption",
      "valence": "negative",
      "n_comparisons": 30,
      "n_monotonic": 24,
      "monotonicity_rate": 0.8,
      "n_monotonic_decreasing": 1,
      "monotonicity_rate_decreasing": 0.03333333333333333,
      "set_inferred_direction": 1,
      "n_monotonic_inferred_direction": 24,
      "monotonicity_rate_inferred_direction": 0.8,
      "n_erratic_flips": 0,
      "erratic_flip_rate": 0.0,
      "mean_kendall_tau": 0.7631563039021163,