{
  "model": "gpt-54",
  "category": "Global economy",
  "aggregate": {
    "n_variation_sets": 6,
    "n_total_comparisons": 180,
    "n_tiers": 7,
    "monotonicity_rate": 0.5944444444444444,
    "erratic_flip_rate": 0.005555555555555556,
    "mean_kendall_tau": 0.677926270040025,
    "mean_spearman_rho": 0.7839057030505349,
    "jt_significant_rate": 0.8,
    "mean_logistic_slope": 4.581903794495809,
    "logistic_significant_rate": 0.6333333333333333,
    "mean_isotonic_r2": 0.9239936191822835,
    "mean_kendall_tau_abs": 0.6055456638029262,
    "mean_spearman_rho_abs": 0.6800222921756733,
    "mean_logistic_slope_abs": 4.5893832234465055,
    "mean_isotonic_r2_bidirectional": 0.9308927623865739,
    "frac_inferred_increasing": 0.8666666666666667,
    "frac_inferred_decreasing": 0.011111111111111112,
    "mean_bootstrap_mono_prob": 0.5863666666666666,
    "mean_prob_range": 0.5708333333333333
  },
  "per_variation_set": [
    {
      "variation_id": "Global economy_1900",
      "category": "Global economy",
      "identified_property": "recession severity",
      "valence": "negative",
      "n_comparisons": 30,
      "n_monotonic": 20,
      "monotonicity_rate": 0.6666666666666666,
      "n_monotonic_decreasing": 10,
      "monotonicity_rate_decreasing": 0.3333333333333333,
      "set_inferred_direction": 1,
      "n_monotonic_inferred_direction": 20,
      "monotonicity_rate_inferred_direction": 0.6666666666666666,
      "n_erratic_flips": 0,
      "erratic_flip_rate": 0.0,
      "mean_kendall_tau": 0.5063260934523772,
      "mean_spearman_rho": 0.6098729971645754,
      "jt_significant_rate": 0.5333333333333333,
      "mean_logistic_slope": 2.01356263322397,
      "logistic_significant_rate": 0.36666666666666664,
      "mean_isotonic_r2": 0.8769201104222983,
      "mean_kendall_tau_abs": 0.40865472854085916,
      "mean_spearman_rho_abs": 0.4580995865559452,
      "mean_logistic_slope_abs": 2.01356263322397,
      "mean_isotonic_r2_bidirectional": 0.8769201104222983,
      "frac_inferred_increasing": 0.6666666666666666,
      "frac_inferred_decreasing": 0.0,
      "mean_bootstrap_mono_prob": 0.6459333333333335,
      "mean_significant_violations": 0.0,
      "mean_prob_range": 0.28833333333333333
    },
    {
      "variation_id": "Global economy_3077",
      "category": "Global economy",
      "identified_property": "severity of economic downturn",
      "valence": "negative",
      "n_comparisons": 30,
      "n_monotonic": 22,
      "monotonicity_rate": 0.7333333333333333,
      "n_monotonic_decreasing": 5,
      "monotonicity_rate_decreasing": 0.16666666666666666,
      "set_inferred_direction": 1,
      "n_monotonic_inferred_direction": 22,
      "monotonicity_rate_inferred_direction": 0.7333333333333333,
      "n_erratic_flips": 0,
      "erratic_flip_rate": 0.0,
      "mean_kendall_tau": 0.7275658328002481,
      "mean_spearman_rho": 0.8231207009595635,
      "jt_significant_rate": 0.8,
      "mean_logistic_slope": 5.918429815023758,
      "logistic_significant_rate": 0.5666666666666667,
      "mean_isotonic_r2": 0.9936479589654026,
      "mean_kendall_tau_abs": 0.6351418590902556,
      "mean_spearman_rho_abs": 0.6977683910720679,
      "mean_logistic_slope_abs": 5.918429815023758,
      "mean_isotonic_r2_bidirectional": 0.9936479589654026,
      "frac_inferred_increasing": 0.8333333333333334,
      "frac_inferred_decreasing": 0.0,
      "mean_bootstrap_mono_prob": 0.6576333333333333,
      "mean_significant_violations": 0.0,
      "mean_prob_range": 0.45333333333333337
    },
    {
      "variation_id": "Global economy_3231",
      "category": "Global economy",
      "identified_property": "recession severity",
      "valence": "negative",
      "n_comparisons": 30,
      "n_monotonic": 16,
      "monotonicity_rate": 0.5333333333333333,
      "n_monotonic_decreasing": 1,
      "monotonicity_rate_decreasing": 0.03333333333333333,
      "set_inferred_direction": 1,
      "n_monotonic_inferred_direction": 16,
      "monotonicity_rate_inferred_direction": 0.5333333333333333,
      "n_erratic_flips": 0,
      "erratic_flip_rate": 0.0,
      "mean_kendall_tau": 0.7584607826443703,
      "mean_spearman_rho": 0.8551072518311713,
      "jt_significant_rate": 0.9333333333333333,
      "mean_logistic_slope": 4.283063818343377,
      "logistic_significant_rate": 0.8333333333333334,
      "mean_isotonic_r2": 0.9805552392799913,
      "mean_kendall_tau_abs": 0.7169961314843384,
      "mean_spearman_rho_abs": 0.8003333609568496,
      "mean_logistic_slope_abs": 4.283063818343377,
      "mean_isotonic_r2_bidirectional": 0.9805552392799913,
      "frac_inferred_increasing": 0.9666666666666667,
      "frac_inferred_decreasing": 0.0,
      "mean_bootstrap_mono_prob": 0.5664833333333333,
      "mean_significant_violations": 0.0,
      "mean_prob_range": 0.8316666666666667
    },
    {
      "variation_id": "Global economy_3676",
      "category": "Global economy",
      "identified_property": "severity of impact on purchasing power",
      "valence": "negative",
      "n_comparisons": 30,
      "n_monotonic": 24,
      "monotonicity_rate": 0.8,
      "n_monotonic_decreasing": 4,
      "monotonicity_rate_decreasing": 0.13333333333333333,
      "set_inferred_direction": 1,
      "n_monotonic_inferred_direction": 24,
      "monotonicity_rate_inferred_direction": 0.8,
      "n_erratic_flips": 0,
      "erratic_flip_rate": 0.0,
      "mean_kendall_tau": 0.6740499141397704,
      "mean_spearman_rho": 0.7695088982613777,
      "jt_significant_rate": 0.7666666666666667,
      "mean_logistic_slope": 5.786915511972876,
      "logistic_significant_rate": 0.6,
      "mean_isotonic_r2": 0.9693146101257957,
      "mean_kendall_tau_abs": 0.5949796774853591,
      "mean_spearman_rho_abs": 0.6582845831291103,
      "mean_logistic_slope_abs": 5.786915511972876,
      "mean_isotonic_r2_bidirectional": 0.9693146101257957,
      "frac_inferred_increasing": 0.8666666666666667,
      "frac_inferred_decreasing": 0.0,
      "mean_bootstrap_mono_prob": 0.7498166666666666,
      "mean_significant_violations": 0.0,
      "mean_prob_range": 0.4649999999999999
    },
    {
      "variation_id": "Global economy_7453",
      "category": "Global economy",
      "identified_property": "implementation effectiveness and enforcement quality",
      "valence": "positive",
      "n_comparisons": 30,
      "n_monotonic": 2,
      "monotonicity_rate": 0.06666666666666667,
      "n_monotonic_decreasing": 1,
      "monotonicity_rate_decreasing": 0.03333333333333333,
      "set_inferred_direction": 1,
      "n_monotonic_inferred_direction": 2,
      "monotonicity_rate_inferred_direction": 0.06666666666666667,
      "n_erratic_flips": 1,
      "erratic_flip_rate": 0.03333333333333333,
      "mean_kendall_tau": 0.6313212735414155,
      "mean_spearman_rho": 0.7678035202760805,
      "jt_significant_rate": 0.8333333333333334,
      "mean_logistic_slope": 0.5673903054668674,
      "logistic_significant_rate": 0.7666666666666667,
      "mean_isotonic_r2": 0.7586376262451672,
      "mean_kendall_tau_abs": 0.5672194622273666,
      "mean_spearman_rho_abs": 0.6755522673202405,
      "mean_logistic_slope_abs": 0.5688040663835923,
      "mean_isotonic_r2_bidirectional": 0.7679859168434577,
      "frac_inferred_increasing": 0.9333333333333333,
      "frac_inferred_decreasing": 0.03333333333333333,
      "mean_bootstrap_mono_prob": 0.10933333333333334,
      "mean_significant_violations": 0.2,
      "mean_prob_range": 0.5316666666666666
    },
    {
      "variation_id": "Global economy_8344",
      "category": "Global economy",
      "identified_property": "severity of economic and social disruption",
      "valence": "negative",
      "n_comparisons": 30,
      "n_monotonic": 23,
      "monotonicity_rate": 0.7666666666666667,
      "n_monotonic_decreasing": 1,
      "monotonicity_rate_decreasing": 0.03333333333333333,
      "set_inferred_direction": 1,
      "n_monotonic_inferred_direction": 23,