{
  "model": "gpt-54-nano",
  "category": "Global economy",
  "aggregate": {
    "n_variation_sets": 6,
    "n_total_comparisons": 180,
    "n_tiers": 7,
    "monotonicity_rate": 0.19444444444444445,
    "erratic_flip_rate": 0.016666666666666666,
    "mean_kendall_tau": 0.7830636450986399,
    "mean_spearman_rho": 0.8892991415760211,
    "jt_significant_rate": 0.9555555555555556,
    "mean_logistic_slope": 0.8643774057213369,
    "logistic_significant_rate": 0.9444444444444444,
    "mean_isotonic_r2": 0.9016686055546443,
    "mean_kendall_tau_abs": 0.7231330338231096,
    "mean_spearman_rho_abs": 0.8310180766651475,
    "mean_logistic_slope_abs": 0.8695809001779605,
    "mean_isotonic_r2_bidirectional": 0.9040068922679311,
    "frac_inferred_increasing": 0.9888888888888889,
    "frac_inferred_decreasing": 0.011111111111111112,
    "mean_bootstrap_mono_prob": 0.13568055555555555,
    "mean_prob_range": 0.7811111111111111
  },
  "per_variation_set": [
    {
      "variation_id": "Global economy_1900",
      "category": "Global economy",
      "identified_property": "recession severity",
      "valence": "negative",
      "n_comparisons": 30,
      "n_monotonic": 3,
      "monotonicity_rate": 0.1,
      "n_monotonic_decreasing": 0,
      "monotonicity_rate_decreasing": 0.0,
      "set_inferred_direction": 1,
      "n_monotonic_inferred_direction": 3,
      "monotonicity_rate_inferred_direction": 0.1,
      "n_erratic_flips": 0,
      "erratic_flip_rate": 0.0,
      "mean_kendall_tau": 0.7475744524490269,
      "mean_spearman_rho": 0.8587585704026136,
      "jt_significant_rate": 0.9333333333333333,
      "mean_logistic_slope": 0.542255284941752,
      "logistic_significant_rate": 0.9,
      "mean_isotonic_r2": 0.8788467510701408,
      "mean_kendall_tau_abs": 0.6554259834491123,
      "mean_spearman_rho_abs": 0.768016682770644,
      "mean_logistic_slope_abs": 0.5482398910331902,
      "mean_isotonic_r2_bidirectional": 0.8794149328883228,
      "frac_inferred_increasing": 0.9666666666666667,
      "frac_inferred_decreasing": 0.03333333333333333,
      "mean_bootstrap_mono_prob": 0.04775,
      "mean_significant_violations": 0.03333333333333333,
      "mean_prob_range": 0.6749999999999999
    },
    {
      "variation_id": "Global economy_3077",
      "category": "Global economy",
      "identified_property": "severity of economic downturn",
      "valence": "negative",
      "n_comparisons": 30,
      "n_monotonic": 3,
      "monotonicity_rate": 0.1,
      "n_monotonic_decreasing": 0,
      "monotonicity_rate_decreasing": 0.0,
      "set_inferred_direction": 1,
      "n_monotonic_inferred_direction": 3,
      "monotonicity_rate_inferred_direction": 0.1,
      "n_erratic_flips": 1,
      "erratic_flip_rate": 0.03333333333333333,
      "mean_kendall_tau": 0.6925970955398224,
      "mean_spearman_rho": 0.813662194980832,
      "jt_significant_rate": 0.8333333333333334,
      "mean_logistic_slope": 0.5309789197332353,
      "logistic_significant_rate": 0.8333333333333334,
      "mean_isotonic_r2": 0.8216294541831568,
      "mean_kendall_tau_abs": 0.6430042959880198,
      "mean_spearman_rho_abs": 0.7508428707674534,
      "mean_logistic_slope_abs": 0.5562152803815382,
      "mean_isotonic_r2_bidirectional": 0.8350909926446953,
      "frac_inferred_increasing": 0.9666666666666667,
      "frac_inferred_decreasing": 0.03333333333333333,
      "mean_bootstrap_mono_prob": 0.044883333333333324,
      "mean_significant_violations": 0.03333333333333333,
      "mean_prob_range": 0.6633333333333332
    },
    {
      "variation_id": "Global economy_3231",
      "category": "Global economy",
      "identified_property": "recession severity",
      "valence": "negative",
      "n_comparisons": 30,
      "n_monotonic": 2,
      "monotonicity_rate": 0.06666666666666667,
      "n_monotonic_decreasing": 0,
      "monotonicity_rate_decreasing": 0.0,
      "set_inferred_direction": 1,
      "n_monotonic_inferred_direction": 2,
      "monotonicity_rate_inferred_direction": 0.06666666666666667,
      "n_erratic_flips": 0,
      "erratic_flip_rate": 0.0,
      "mean_kendall_tau": 0.7368585764441072,
      "mean_spearman_rho": 0.8768995168389433,
      "jt_significant_rate": 1.0,
      "mean_logistic_slope": 1.0128629170748793,
      "logistic_significant_rate": 1.0,
      "mean_isotonic_r2": 0.9083102657548655,
      "mean_kendall_tau_abs": 0.7121893607084344,
      "mean_spearman_rho_abs": 0.8510350890452695,
      "mean_logistic_slope_abs": 1.0128629170748793,
      "mean_isotonic_r2_bidirectional": 0.9083102657548655,
      "frac_inferred_increasing": 1.0,
      "frac_inferred_decreasing": 0.0,
      "mean_bootstrap_mono_prob": 0.056400000000000006,
      "mean_significant_violations": 0.23333333333333334,
      "mean_prob_range": 0.8350000000000001
    },
    {
      "variation_id": "Global economy_3676",
      "category": "Global economy",
      "identified_property": "severity of impact on purchasing power",
      "valence": "negative",
      "n_comparisons": 30,
      "n_monotonic": 5,
      "monotonicity_rate": 0.16666666666666666,
      "n_monotonic_decreasing": 0,
      "monotonicity_rate_decreasing": 0.0,
      "set_inferred_direction": 1,
      "n_monotonic_inferred_direction": 5,
      "monotonicity_rate_inferred_direction": 0.16666666666666666,
      "n_erratic_flips": 2,
      "erratic_flip_rate": 0.06666666666666667,
      "mean_kendall_tau": 0.7568430727796263,
      "mean_spearman_rho": 0.8669608676644452,
      "jt_significant_rate": 1.0,
      "mean_logistic_slope": 0.7989712721545897,
      "logistic_significant_rate": 0.9666666666666667,
      "mean_isotonic_r2": 0.9002290951421323,
      "mean_kendall_tau_abs": 0.7054030461758477,
      "mean_spearman_rho_abs": 0.8126596397151312,
      "mean_logistic_slope_abs": 0.7989712721545897,
      "mean_isotonic_r2_bidirectional": 0.9002290951421323,
      "frac_inferred_increasing": 1.0,
      "frac_inferred_decreasing": 0.0,
      "mean_bootstrap_mono_prob": 0.11660000000000001,
      "mean_significant_violations": 0.13333333333333333,
      "mean_prob_range": 0.8033333333333335
    },
    {
      "variation_id": "Global economy_7453",
      "category": "Global economy",
      "identified_property": "implementation effectiveness and enforcement quality",
      "valence": "positive",
      "n_comparisons": 30,
      "n_monotonic": 4,
      "monotonicity_rate": 0.13333333333333333,
      "n_monotonic_decreasing": 0,
      "monotonicity_rate_decreasing": 0.0,
      "set_inferred_direction": 1,
      "n_monotonic_inferred_direction": 4,
      "monotonicity_rate_inferred_direction": 0.13333333333333333,
      "n_erratic_flips": 0,
      "erratic_flip_rate": 0.0,
      "mean_kendall_tau": 0.7633370980036603,
      "mean_spearman_rho": 0.8819054774910011,
      "jt_significant_rate": 0.9666666666666667,
      "mean_logistic_slope": 0.8447910696279822,
      "logistic_significant_rate": 0.9666666666666667,
      "mean_isotonic_r2": 0.9063339550974147,
      "mean_kendall_tau_abs": 0.7353468919688435,
      "mean_spearman_rho_abs": 0.8560163956847564,
      "mean_logistic_slope_abs": 0.8447910696279822,
      "mean_isotonic_r2_bidirectional": 0.9063339550974147,
      "frac_inferred_increasing": 1.0,
      "frac_inferred_decreasing": 0.0,
      "mean_bootstrap_mono_prob": 0.10071666666666666,
      "mean_significant_violations": 0.13333333333333333,
      "mean_prob_range": 0.7516666666666667
    },
    {
      "variation_id": "Global economy_8344",
      "category": "Global economy",
      "identified_property": "severity of economic and social disruption",
      "valence": "negative",
      "n_comparisons": 30,
      "n_monotonic": 18,
      "monotonicity_rate": 0.6,
      "n_monotonic_decreasing": 0,
      "monotonicity_rate_decreasing": 0.0,
      "set_inferred_direction": 1,
      "n_monotonic_inferred_direction": 18,
      "monotonicity_rate_inferred_direction": 0.6,
      "n_erratic_flips": 0,