{
  "model": "ministral-3b-2512-openrouter",
  "category": "Global economy",
  "aggregate": {
    "n_variation_sets": 6,
    "n_total_comparisons": 180,
    "n_tiers": 7,
    "monotonicity_rate": 0.37777777777777777,
    "erratic_flip_rate": 0.05,
    "mean_kendall_tau": 0.6318619752666492,
    "mean_spearman_rho": 0.7589080285290065,
    "jt_significant_rate": 0.8722222222222222,
    "mean_logistic_slope": 5.6465470257241615,
    "logistic_significant_rate": 0.6944444444444444,
    "mean_isotonic_r2": 0.8487149987955961,
    "mean_kendall_tau_abs": 0.5825275544534623,
    "mean_spearman_rho_abs": 0.6851828083812075,
    "mean_logistic_slope_abs": 5.647273962029815,
    "mean_isotonic_r2_bidirectional": 0.8497675772596188,
    "frac_inferred_increasing": 0.9166666666666666,
    "frac_inferred_decreasing": 0.005555555555555556,
    "mean_bootstrap_mono_prob": 0.3788611111111111,
    "mean_prob_range": 0.7272222222222222
  },
  "per_variation_set": [
    {
      "variation_id": "Global economy_1900",
      "category": "Global economy",
      "identified_property": "recession severity",
      "valence": "negative",
      "n_comparisons": 30,
      "n_monotonic": 8,
      "monotonicity_rate": 0.26666666666666666,
      "n_monotonic_decreasing": 5,
      "monotonicity_rate_decreasing": 0.16666666666666666,
      "set_inferred_direction": 1,
      "n_monotonic_inferred_direction": 8,
      "monotonicity_rate_inferred_direction": 0.26666666666666666,
      "n_erratic_flips": 2,
      "erratic_flip_rate": 0.06666666666666667,
      "mean_kendall_tau": 0.42703625850034216,
      "mean_spearman_rho": 0.5691490994851719,
      "jt_significant_rate": 0.7333333333333333,
      "mean_logistic_slope": 1.345468830728631,
      "logistic_significant_rate": 0.6666666666666666,
      "mean_isotonic_r2": 0.7446707560211524,
      "mean_kendall_tau_abs": 0.4004007136331716,
      "mean_spearman_rho_abs": 0.5085427389962435,
      "mean_logistic_slope_abs": 1.349830448562553,
      "mean_isotonic_r2_bidirectional": 0.750986226805288,
      "frac_inferred_increasing": 0.8,
      "frac_inferred_decreasing": 0.03333333333333333,
      "mean_bootstrap_mono_prob": 0.25495,
      "mean_significant_violations": 0.5,
      "mean_prob_range": 0.5416666666666666
    },
    {
      "variation_id": "Global economy_3077",
      "category": "Global economy",
      "identified_property": "severity of economic downturn",
      "valence": "negative",
      "n_comparisons": 30,
      "n_monotonic": 9,
      "monotonicity_rate": 0.3,
      "n_monotonic_decreasing": 6,
      "monotonicity_rate_decreasing": 0.2,
      "set_inferred_direction": 1,
      "n_monotonic_inferred_direction": 9,
      "monotonicity_rate_inferred_direction": 0.3,
      "n_erratic_flips": 4,
      "erratic_flip_rate": 0.13333333333333333,
      "mean_kendall_tau": 0.42735382965800517,
      "mean_spearman_rho": 0.5579034627211688,
      "jt_significant_rate": 0.7,
      "mean_logistic_slope": 2.0806316095245307,
      "logistic_significant_rate": 0.6,
      "mean_isotonic_r2": 0.663560349867655,
      "mean_kendall_tau_abs": 0.3893068564214144,
      "mean_spearman_rho_abs": 0.480179881151147,
      "mean_logistic_slope_abs": 2.0806316095245307,
      "mean_isotonic_r2_bidirectional": 0.663560349867655,
      "frac_inferred_increasing": 0.8,
      "frac_inferred_decreasing": 0.0,
      "mean_bootstrap_mono_prob": 0.3131333333333333,
      "mean_significant_violations": 0.43333333333333335,
      "mean_prob_range": 0.5133333333333333
    },
    {
      "variation_id": "Global economy_3231",
      "category": "Global economy",
      "identified_property": "recession severity",
      "valence": "negative",
      "n_comparisons": 30,
      "n_monotonic": 8,
      "monotonicity_rate": 0.26666666666666666,
      "n_monotonic_decreasing": 0,
      "monotonicity_rate_decreasing": 0.0,
      "set_inferred_direction": 1,
      "n_monotonic_inferred_direction": 8,
      "monotonicity_rate_inferred_direction": 0.26666666666666666,
      "n_erratic_flips": 0,
      "erratic_flip_rate": 0.0,
      "mean_kendall_tau": 0.6739895314217124,
      "mean_spearman_rho": 0.8099254496489418,
      "jt_significant_rate": 1.0,
      "mean_logistic_slope": 11.483935239497306,
      "logistic_significant_rate": 0.7,
      "mean_isotonic_r2": 0.9027137887666831,
      "mean_kendall_tau_abs": 0.6629534001920037,
      "mean_spearman_rho_abs": 0.7963305616975369,
      "mean_logistic_slope_abs": 11.483935239497306,
      "mean_isotonic_r2_bidirectional": 0.9027137887666831,
      "frac_inferred_increasing": 1.0,
      "frac_inferred_decreasing": 0.0,
      "mean_bootstrap_mono_prob": 0.2855833333333333,
      "mean_significant_violations": 0.13333333333333333,
      "mean_prob_range": 0.8116666666666668
    },
    {
      "variation_id": "Global economy_3676",
      "category": "Global economy",
      "identified_property": "severity of impact on purchasing power",
      "valence": "negative",
      "n_comparisons": 30,
      "n_monotonic": 9,
      "monotonicity_rate": 0.3,
      "n_monotonic_decreasing": 2,
      "monotonicity_rate_decreasing": 0.06666666666666667,
      "set_inferred_direction": 1,
      "n_monotonic_inferred_direction": 9,
      "monotonicity_rate_inferred_direction": 0.3,
      "n_erratic_flips": 3,
      "erratic_flip_rate": 0.1,
      "mean_kendall_tau": 0.5923499939415949,
      "mean_spearman_rho": 0.7154082609973949,
      "jt_significant_rate": 0.8666666666666667,
      "mean_logistic_slope": 4.570724761461132,
      "logistic_significant_rate": 0.7333333333333333,
      "mean_isotonic_r2": 0.8609928336588073,
      "mean_kendall_tau_abs": 0.553859076843138,
      "mean_spearman_rho_abs": 0.651729881755665,
      "mean_logistic_slope_abs": 4.570724761461132,
      "mean_isotonic_r2_bidirectional": 0.8609928336588073,
      "frac_inferred_increasing": 0.9333333333333333,
      "frac_inferred_decreasing": 0.0,
      "mean_bootstrap_mono_prob": 0.32735000000000003,
      "mean_significant_violations": 0.5,
      "mean_prob_range": 0.725
    },
    {
      "variation_id": "Global economy_7453",
      "category": "Global economy",
      "identified_property": "implementation effectiveness and enforcement quality",
      "valence": "positive",
      "n_comparisons": 30,
      "n_monotonic": 22,
      "monotonicity_rate": 0.7333333333333333,
      "n_monotonic_decreasing": 1,
      "monotonicity_rate_decreasing": 0.03333333333333333,
      "set_inferred_direction": 1,
      "n_monotonic_inferred_direction": 22,
      "monotonicity_rate_inferred_direction": 0.7333333333333333,
      "n_erratic_flips": 0,
      "erratic_flip_rate": 0.0,
      "mean_kendall_tau": 0.7972395927933964,
      "mean_spearman_rho": 0.888476558270874,
      "jt_significant_rate": 0.9333333333333333,
      "mean_logistic_slope": 11.07474316281922,
      "logistic_significant_rate": 0.5333333333333333,
      "mean_isotonic_r2": 0.955737404937923,
      "mean_kendall_tau_abs": 0.7601989119447425,
      "mean_spearman_rho_abs": 0.8415787321143339,
      "mean_logistic_slope_abs": 11.07474316281922,
      "mean_isotonic_r2_bidirectional": 0.955737404937923,
      "frac_inferred_increasing": 0.9666666666666667,
      "frac_inferred_decreasing": 0.0,
      "mean_bootstrap_mono_prob": 0.7403166666666667,
      "mean_significant_violations": 0.03333333333333333,
      "mean_prob_range": 0.8816666666666667
    },
    {
      "variation_id": "Global economy_8344",
      "category": "Global economy",
      "identified_property": "severity of economic and social disruption",
      "valence": "negative",
      "n_comparisons": 30,
      "n_monotonic": 12,
      "monotonicity_rate": 0.4,
      "n_monotonic_decreasing": 0,
      "monotonicity_rate_decreasing": 0.0,
      "set_inferred_direction": 1,
      "n_monotonic_inferred_direction": 12,
      "monotonicity_rate_inferred_direction": 0.4,
      "n_erratic_flips": 0,
      "erratic_flip_rate": 0.0,