{
  "model": "glm-45-hybrid",
  "category": "AI moral patienthood",
  "aggregate": {
    "n_variation_sets": 5,
    "n_total_comparisons": 150,
    "n_tiers": 7,
    "monotonicity_rate": 0.7733333333333333,
    "erratic_flip_rate": 0.0,
    "mean_kendall_tau": 0.7099841574619794,
    "mean_spearman_rho": 0.8180760355862751,
    "jt_significant_rate": 0.8933333333333333,
    "mean_logistic_slope": 16.094922099836335,
    "logistic_significant_rate": 0.44666666666666666,
    "mean_isotonic_r2": 0.9667259038871947,
    "mean_kendall_tau_abs": 0.6647797054551173,
    "mean_spearman_rho_abs": 0.7503066382885325,
    "mean_logistic_slope_abs": 16.094922099836335,
    "mean_isotonic_r2_bidirectional": 0.9667259038871947,
    "frac_inferred_increasing": 0.9133333333333333,
    "frac_inferred_decreasing": 0.0,
    "mean_bootstrap_mono_prob": 0.6978800000000001,
    "mean_prob_range": 0.8043333333333332
  },
  "per_variation_set": [
    {
      "variation_id": "AI moral patienthood_4288",
      "category": "AI moral patienthood",
      "identified_property": "debate quality and depth",
      "valence": "positive",
      "n_comparisons": 30,
      "n_monotonic": 22,
      "monotonicity_rate": 0.7333333333333333,
      "n_monotonic_decreasing": 1,
      "monotonicity_rate_decreasing": 0.03333333333333333,
      "set_inferred_direction": 1,
      "n_monotonic_inferred_direction": 22,
      "monotonicity_rate_inferred_direction": 0.7333333333333333,
      "n_erratic_flips": 0,
      "erratic_flip_rate": 0.0,
      "mean_kendall_tau": 0.7561810293814604,
      "mean_spearman_rho": 0.8630998978671316,
      "jt_significant_rate": 0.9666666666666667,
      "mean_logistic_slope": 17.534108649278593,
      "logistic_significant_rate": 0.4666666666666667,
      "mean_isotonic_r2": 0.9894255771115379,
      "mean_kendall_tau_abs": 0.7234334985204298,
      "mean_spearman_rho_abs": 0.8131478282536633,
      "mean_logistic_slope_abs": 17.534108649278593,
      "mean_isotonic_r2_bidirectional": 0.9894255771115379,
      "frac_inferred_increasing": 0.9666666666666667,
      "frac_inferred_decreasing": 0.0,
      "mean_bootstrap_mono_prob": 0.659,
      "mean_significant_violations": 0.1,
      "mean_prob_range": 0.9083333333333333
    },
    {
      "variation_id": "AI moral patienthood_4855",
      "category": "AI moral patienthood",
      "identified_property": "depth and comprehensiveness of the teachings",
      "valence": "positive",
      "n_comparisons": 30,
      "n_monotonic": 28,
      "monotonicity_rate": 0.9333333333333333,
      "n_monotonic_decreasing": 3,
      "monotonicity_rate_decreasing": 0.1,
      "set_inferred_direction": 1,
      "n_monotonic_inferred_direction": 28,
      "monotonicity_rate_inferred_direction": 0.9333333333333333,
      "n_erratic_flips": 0,
      "erratic_flip_rate": 0.0,
      "mean_kendall_tau": 0.7103543974269596,
      "mean_spearman_rho": 0.8124085003249695,
      "jt_significant_rate": 0.9,
      "mean_logistic_slope": 20.820634659810192,
      "logistic_significant_rate": 0.36666666666666664,
      "mean_isotonic_r2": 0.996716388523679,
      "mean_kendall_tau_abs": 0.6673123327389416,
      "mean_spearman_rho_abs": 0.7503066710716061,
      "mean_logistic_slope_abs": 20.820634659810192,
      "mean_isotonic_r2_bidirectional": 0.996716388523679,
      "frac_inferred_increasing": 0.9,
      "frac_inferred_decreasing": 0.0,
      "mean_bootstrap_mono_prob": 0.8666166666666666,
      "mean_significant_violations": 0.0,
      "mean_prob_range": 0.8133333333333334
    },
    {
      "variation_id": "AI moral patienthood_6013",
      "category": "AI moral patienthood",
      "identified_property": "test reliability and sophistication",
      "valence": "positive",
      "n_comparisons": 30,
      "n_monotonic": 25,
      "monotonicity_rate": 0.8333333333333334,
      "n_monotonic_decreasing": 2,
      "monotonicity_rate_decreasing": 0.06666666666666667,
      "set_inferred_direction": 1,
      "n_monotonic_inferred_direction": 25,
      "monotonicity_rate_inferred_direction": 0.8333333333333334,
      "n_erratic_flips": 0,
      "erratic_flip_rate": 0.0,
      "mean_kendall_tau": 0.6476647865080902,
      "mean_spearman_rho": 0.7523000908970772,
      "jt_significant_rate": 0.9333333333333333,
      "mean_logistic_slope": 17.917792447673882,
      "logistic_significant_rate": 0.4,
      "mean_isotonic_r2": 0.9774848137689606,
      "mean_kendall_tau_abs": 0.6228290654296667,
      "mean_spearman_rho_abs": 0.715652880146356,
      "mean_logistic_slope_abs": 17.917792447673882,
      "mean_isotonic_r2_bidirectional": 0.9774848137689606,
      "frac_inferred_increasing": 0.9333333333333333,
      "frac_inferred_decreasing": 0.0,
      "mean_bootstrap_mono_prob": 0.6760833333333333,
      "mean_significant_violations": 0.1,
      "mean_prob_range": 0.7550000000000001
    },
    {
      "variation_id": "AI moral patienthood_7547",
      "category": "AI moral patienthood",
      "identified_property": "documentary impact and persuasiveness",
      "valence": "positive",
      "n_comparisons": 30,
      "n_monotonic": 22,
      "monotonicity_rate": 0.7333333333333333,
      "n_monotonic_decreasing": 3,
      "monotonicity_rate_decreasing": 0.1,
      "set_inferred_direction": 1,
      "n_monotonic_inferred_direction": 22,
      "monotonicity_rate_inferred_direction": 0.7333333333333333,
      "n_erratic_flips": 0,
      "erratic_flip_rate": 0.0,
      "mean_kendall_tau": 0.7339609811013494,
      "mean_spearman_rho": 0.8469103899841826,
      "jt_significant_rate": 0.9,
      "mean_logistic_slope": 16.08504126848344,
      "logistic_significant_rate": 0.5,
      "mean_isotonic_r2": 0.9736428968387394,
      "mean_kendall_tau_abs": 0.6872215629086983,
      "mean_spearman_rho_abs": 0.779101397482765,
      "mean_logistic_slope_abs": 16.08504126848344,
      "mean_isotonic_r2_bidirectional": 0.9736428968387394,
      "frac_inferred_increasing": 0.9,
      "frac_inferred_decreasing": 0.0,
      "mean_bootstrap_mono_prob": 0.6806666666666668,
      "mean_significant_violations": 0.06666666666666667,
      "mean_prob_range": 0.8099999999999999
    },
    {
      "variation_id": "AI moral patienthood_7904",
      "category": "AI moral patienthood",
      "identified_property": "comprehensiveness and enforceability of treaty protections",
      "valence": "positive",
      "n_comparisons": 30,
      "n_monotonic": 19,
      "monotonicity_rate": 0.6333333333333333,
      "n_monotonic_decreasing": 4,
      "monotonicity_rate_decreasing": 0.13333333333333333,
      "set_inferred_direction": 1,
      "n_monotonic_inferred_direction": 19,
      "monotonicity_rate_inferred_direction": 0.6333333333333333,
      "n_erratic_flips": 0,
      "erratic_flip_rate": 0.0,
      "mean_kendall_tau": 0.6921646158767502,
      "mean_spearman_rho": 0.7976293424551906,
      "jt_significant_rate": 0.7666666666666667,
      "mean_logistic_slope": 8.117033473935594,
      "logistic_significant_rate": 0.5,
      "mean_isotonic_r2": 0.8963598431930563,
      "mean_kendall_tau_abs": 0.6231020676778505,
      "mean_spearman_rho_abs": 0.6933244144882716,
      "mean_logistic_slope_abs": 8.117033473935594,
      "mean_isotonic_r2_bidirectional": 0.8963598431930563,
      "frac_inferred_increasing": 0.8666666666666667,
      "frac_inferred_decreasing": 0.0,
      "mean_bootstrap_mono_prob": 0.6070333333333333,
      "mean_significant_violations": 0.16666666666666666,
      "mean_prob_range": 0.7349999999999999
    }
  ]
}