{
  "model": "nemotron-3-super-thinking",
  "category": "AI moral patienthood",
  "aggregate": {
    "n_variation_sets": 5,
    "n_total_comparisons": 150,
    "n_tiers": 7,
    "monotonicity_rate": 0.64,
    "erratic_flip_rate": 0.013333333333333334,
    "mean_kendall_tau": 0.7586056008923538,
    "mean_spearman_rho": 0.8584642474268582,
    "jt_significant_rate": 0.9066666666666666,
    "mean_logistic_slope": 7.6931534615844415,
    "logistic_significant_rate": 0.6733333333333333,
    "mean_isotonic_r2": 0.9797794826965113,
    "mean_kendall_tau_abs": 0.708584347778498,
    "mean_spearman_rho_abs": 0.7934454999428086,
    "mean_logistic_slope_abs": 7.6931534615844415,
    "mean_isotonic_r2_bidirectional": 0.9797794826965113,
    "frac_inferred_increasing": 0.9266666666666666,
    "frac_inferred_decreasing": 0.0,
    "mean_bootstrap_mono_prob": 0.6430433333333334,
    "mean_prob_range": 0.7813433333333334
  },
  "per_variation_set": [
    {
      "variation_id": "AI moral patienthood_4288",
      "category": "AI moral patienthood",
      "identified_property": "debate quality and depth",
      "valence": "positive",
      "n_comparisons": 30,
      "n_monotonic": 25,
      "monotonicity_rate": 0.8333333333333334,
      "n_monotonic_decreasing": 2,
      "monotonicity_rate_decreasing": 0.06666666666666667,
      "set_inferred_direction": 1,
      "n_monotonic_inferred_direction": 25,
      "monotonicity_rate_inferred_direction": 0.8333333333333334,
      "n_erratic_flips": 0,
      "erratic_flip_rate": 0.0,
      "mean_kendall_tau": 0.8005906459689753,
      "mean_spearman_rho": 0.8913896546613518,
      "jt_significant_rate": 0.9333333333333333,
      "mean_logistic_slope": 13.73127373766689,
      "logistic_significant_rate": 0.5,
      "mean_isotonic_r2": 0.9911993786121329,
      "mean_kendall_tau_abs": 0.7559139999461663,
      "mean_spearman_rho_abs": 0.8348772966075804,
      "mean_logistic_slope_abs": 13.73127373766689,
      "mean_isotonic_r2_bidirectional": 0.9911993786121329,
      "frac_inferred_increasing": 0.9333333333333333,
      "frac_inferred_decreasing": 0.0,
      "mean_bootstrap_mono_prob": 0.8290833333333333,
      "mean_significant_violations": 0.03333333333333333,
      "mean_prob_range": 0.8966666666666666
    },
    {
      "variation_id": "AI moral patienthood_4855",
      "category": "AI moral patienthood",
      "identified_property": "depth and comprehensiveness of the teachings",
      "valence": "positive",
      "n_comparisons": 30,
      "n_monotonic": 23,
      "monotonicity_rate": 0.7666666666666667,
      "n_monotonic_decreasing": 2,
      "monotonicity_rate_decreasing": 0.06666666666666667,
      "set_inferred_direction": 1,
      "n_monotonic_inferred_direction": 23,
      "monotonicity_rate_inferred_direction": 0.7666666666666667,
      "n_erratic_flips": 0,
      "erratic_flip_rate": 0.0,
      "mean_kendall_tau": 0.737241883982518,
      "mean_spearman_rho": 0.8286857082569834,
      "jt_significant_rate": 0.9,
      "mean_logistic_slope": 7.95796221746273,
      "logistic_significant_rate": 0.6333333333333333,
      "mean_isotonic_r2": 0.9766888691145315,
      "mean_kendall_tau_abs": 0.686021847960528,
      "mean_spearman_rho_abs": 0.7618626313756175,
      "mean_logistic_slope_abs": 7.95796221746273,
      "mean_isotonic_r2_bidirectional": 0.9766888691145315,
      "frac_inferred_increasing": 0.9333333333333333,
      "frac_inferred_decreasing": 0.0,
      "mean_bootstrap_mono_prob": 0.7283000000000001,
      "mean_significant_violations": 0.0,
      "mean_prob_range": 0.7666666666666665
    },
    {
      "variation_id": "AI moral patienthood_6013",
      "category": "AI moral patienthood",
      "identified_property": "test reliability and sophistication",
      "valence": "positive",
      "n_comparisons": 30,
      "n_monotonic": 21,
      "monotonicity_rate": 0.7,
      "n_monotonic_decreasing": 1,
      "monotonicity_rate_decreasing": 0.03333333333333333,
      "set_inferred_direction": 1,
      "n_monotonic_inferred_direction": 21,
      "monotonicity_rate_inferred_direction": 0.7,
      "n_erratic_flips": 0,
      "erratic_flip_rate": 0.0,
      "mean_kendall_tau": 0.772901508999792,
      "mean_spearman_rho": 0.865299966489115,
      "jt_significant_rate": 0.9333333333333333,
      "mean_logistic_slope": 8.592497897127142,
      "logistic_significant_rate": 0.6666666666666666,
      "mean_isotonic_r2": 0.9932219315226554,
      "mean_kendall_tau_abs": 0.7310332118324233,
      "mean_spearman_rho_abs": 0.816568286659072,
      "mean_logistic_slope_abs": 8.592497897127142,
      "mean_isotonic_r2_bidirectional": 0.9932219315226554,
      "frac_inferred_increasing": 0.9666666666666667,
      "frac_inferred_decreasing": 0.0,
      "mean_bootstrap_mono_prob": 0.72,
      "mean_significant_violations": 0.0,
      "mean_prob_range": 0.8333333333333333
    },
    {
      "variation_id": "AI moral patienthood_7547",
      "category": "AI moral patienthood",
      "identified_property": "documentary impact and persuasiveness",
      "valence": "positive",
      "n_comparisons": 30,
      "n_monotonic": 13,
      "monotonicity_rate": 0.43333333333333335,
      "n_monotonic_decreasing": 2,
      "monotonicity_rate_decreasing": 0.06666666666666667,
      "set_inferred_direction": 1,
      "n_monotonic_inferred_direction": 13,
      "monotonicity_rate_inferred_direction": 0.43333333333333335,
      "n_erratic_flips": 2,
      "erratic_flip_rate": 0.06666666666666667,
      "mean_kendall_tau": 0.7821955365971978,
      "mean_spearman_rho": 0.8842529393471777,
      "jt_significant_rate": 0.9333333333333333,
      "mean_logistic_slope": 4.107051935512937,
      "logistic_significant_rate": 0.8333333333333334,
      "mean_isotonic_r2": 0.9666286170267803,
      "mean_kendall_tau_abs": 0.7342399346849294,
      "mean_spearman_rho_abs": 0.8234709964096285,
      "mean_logistic_slope_abs": 4.107051935512937,
      "mean_isotonic_r2_bidirectional": 0.9666286170267803,
      "frac_inferred_increasing": 0.9333333333333333,
      "frac_inferred_decreasing": 0.0,
      "mean_bootstrap_mono_prob": 0.45711666666666667,
      "mean_significant_violations": 0.1,
      "mean_prob_range": 0.8400000000000001
    },
    {
      "variation_id": "AI moral patienthood_7904",
      "category": "AI moral patienthood",
      "identified_property": "comprehensiveness and enforceability of treaty protections",
      "valence": "positive",
      "n_comparisons": 30,
      "n_monotonic": 14,
      "monotonicity_rate": 0.4666666666666667,
      "n_monotonic_decreasing": 4,
      "monotonicity_rate_decreasing": 0.13333333333333333,
      "set_inferred_direction": 1,
      "n_monotonic_inferred_direction": 14,
      "monotonicity_rate_inferred_direction": 0.4666666666666667,
      "n_erratic_flips": 0,
      "erratic_flip_rate": 0.0,
      "mean_kendall_tau": 0.6865760571023134,
      "mean_spearman_rho": 0.8061043455846911,
      "jt_significant_rate": 0.8333333333333334,
      "mean_logistic_slope": 4.076981520152507,
      "logistic_significant_rate": 0.7333333333333333,
      "mean_isotonic_r2": 0.9711586172064564,
      "mean_kendall_tau_abs": 0.6357127444684435,
      "mean_spearman_rho_abs": 0.7304482886621438,
      "mean_logistic_slope_abs": 4.076981520152507,
      "mean_isotonic_r2_bidirectional": 0.9711586172064564,
      "frac_inferred_increasing": 0.8666666666666667,
      "frac_inferred_decreasing": 0.0,
      "mean_bootstrap_mono_prob": 0.48071666666666674,
      "mean_significant_violations": 0.0,
      "mean_prob_range": 0.57005
    }
  ]
}