{
  "model": "nemotron-3-super",
  "category": "AI moral patienthood",
  "aggregate": {
    "n_variation_sets": 5,
    "n_total_comparisons": 150,
    "n_tiers": 7,
    "monotonicity_rate": 0.7333333333333333,
    "erratic_flip_rate": 0.0,
    "mean_kendall_tau": 0.8445190470065345,
    "mean_spearman_rho": 0.9221916030135038,
    "jt_significant_rate": 0.9733333333333334,
    "mean_logistic_slope": 5.6965002483139004,
    "logistic_significant_rate": 0.7933333333333333,
    "mean_isotonic_r2": 0.9910095640995618,
    "mean_kendall_tau_abs": 0.8138225065491604,
    "mean_spearman_rho_abs": 0.8918094968813013,
    "mean_logistic_slope_abs": 5.6965002483139004,
    "mean_isotonic_r2_bidirectional": 0.9910095640995618,
    "frac_inferred_increasing": 0.9733333333333334,
    "frac_inferred_decreasing": 0.0,
    "mean_bootstrap_mono_prob": 0.5128266666666667,
    "mean_prob_range": 0.8813333333333333
  },
  "per_variation_set": [
    {
      "variation_id": "AI moral patienthood_4288",
      "category": "AI moral patienthood",
      "identified_property": "debate quality and depth",
      "valence": "positive",
      "n_comparisons": 30,
      "n_monotonic": 28,
      "monotonicity_rate": 0.9333333333333333,
      "n_monotonic_decreasing": 1,
      "monotonicity_rate_decreasing": 0.03333333333333333,
      "set_inferred_direction": 1,
      "n_monotonic_inferred_direction": 28,
      "monotonicity_rate_inferred_direction": 0.9333333333333333,
      "n_erratic_flips": 0,
      "erratic_flip_rate": 0.0,
      "mean_kendall_tau": 0.8489039884279697,
      "mean_spearman_rho": 0.9243462371710904,
      "jt_significant_rate": 0.9666666666666667,
      "mean_logistic_slope": 11.555860026762813,
      "logistic_significant_rate": 0.5666666666666667,
      "mean_isotonic_r2": 0.9996206053687964,
      "mean_kendall_tau_abs": 0.8245078608106661,
      "mean_spearman_rho_abs": 0.8962429676139044,
      "mean_logistic_slope_abs": 11.555860026762813,
      "mean_isotonic_r2_bidirectional": 0.9996206053687964,
      "frac_inferred_increasing": 0.9666666666666667,
      "frac_inferred_decreasing": 0.0,
      "mean_bootstrap_mono_prob": 0.7259666666666666,
      "mean_significant_violations": 0.0,
      "mean_prob_range": 0.9299999999999999
    },
    {
      "variation_id": "AI moral patienthood_4855",
      "category": "AI moral patienthood",
      "identified_property": "depth and comprehensiveness of the teachings",
      "valence": "positive",
      "n_comparisons": 30,
      "n_monotonic": 23,
      "monotonicity_rate": 0.7666666666666667,
      "n_monotonic_decreasing": 1,
      "monotonicity_rate_decreasing": 0.03333333333333333,
      "set_inferred_direction": 1,
      "n_monotonic_inferred_direction": 23,
      "monotonicity_rate_inferred_direction": 0.7666666666666667,
      "n_erratic_flips": 0,
      "erratic_flip_rate": 0.0,
      "mean_kendall_tau": 0.8426821590964843,
      "mean_spearman_rho": 0.9211293704038496,
      "jt_significant_rate": 0.9666666666666667,
      "mean_logistic_slope": 7.052062734432656,
      "logistic_significant_rate": 0.7333333333333333,
      "mean_isotonic_r2": 0.9933861129413645,
      "mean_kendall_tau_abs": 0.8142868131082963,
      "mean_spearman_rho_abs": 0.888612282454775,
      "mean_logistic_slope_abs": 7.052062734432656,
      "mean_isotonic_r2_bidirectional": 0.9933861129413645,
      "frac_inferred_increasing": 0.9666666666666667,
      "frac_inferred_decreasing": 0.0,
      "mean_bootstrap_mono_prob": 0.6638166666666667,
      "mean_significant_violations": 0.0,
      "mean_prob_range": 0.8983333333333334
    },
    {
      "variation_id": "AI moral patienthood_6013",
      "category": "AI moral patienthood",
      "identified_property": "test reliability and sophistication",
      "valence": "positive",
      "n_comparisons": 30,
      "n_monotonic": 21,
      "monotonicity_rate": 0.7,
      "n_monotonic_decreasing": 0,
      "monotonicity_rate_decreasing": 0.0,
      "set_inferred_direction": 1,
      "n_monotonic_inferred_direction": 21,
      "monotonicity_rate_inferred_direction": 0.7,
      "n_erratic_flips": 0,
      "erratic_flip_rate": 0.0,
      "mean_kendall_tau": 0.8524925520207484,
      "mean_spearman_rho": 0.9296924703037057,
      "jt_significant_rate": 1.0,
      "mean_logistic_slope": 2.663837399117931,
      "logistic_significant_rate": 0.9333333333333333,
      "mean_isotonic_r2": 0.9851180585495206,
      "mean_kendall_tau_abs": 0.8310548329977898,
      "mean_spearman_rho_abs": 0.9106617710469957,
      "mean_logistic_slope_abs": 2.663837399117931,
      "mean_isotonic_r2_bidirectional": 0.9851180585495206,
      "frac_inferred_increasing": 1.0,
      "frac_inferred_decreasing": 0.0,
      "mean_bootstrap_mono_prob": 0.33599999999999997,
      "mean_significant_violations": 0.1,
      "mean_prob_range": 0.8766666666666667
    },
    {
      "variation_id": "AI moral patienthood_7547",
      "category": "AI moral patienthood",
      "identified_property": "documentary impact and persuasiveness",
      "valence": "positive",
      "n_comparisons": 30,
      "n_monotonic": 20,
      "monotonicity_rate": 0.6666666666666666,
      "n_monotonic_decreasing": 1,
      "monotonicity_rate_decreasing": 0.03333333333333333,
      "set_inferred_direction": 1,
      "n_monotonic_inferred_direction": 20,
      "monotonicity_rate_inferred_direction": 0.6666666666666666,
      "n_erratic_flips": 0,
      "erratic_flip_rate": 0.0,
      "mean_kendall_tau": 0.8663806321440768,
      "mean_spearman_rho": 0.9297946981489479,
      "jt_significant_rate": 0.9666666666666667,
      "mean_logistic_slope": 2.7337662739719377,
      "logistic_significant_rate": 0.9,
      "mean_isotonic_r2": 0.9890960376875528,
      "mean_kendall_tau_abs": 0.8204361667509226,
      "mean_spearman_rho_abs": 0.8908534098206645,
      "mean_logistic_slope_abs": 2.7337662739719377,
      "mean_isotonic_r2_bidirectional": 0.9890960376875528,
      "frac_inferred_increasing": 0.9666666666666667,
      "frac_inferred_decreasing": 0.0,
      "mean_bootstrap_mono_prob": 0.39963333333333334,
      "mean_significant_violations": 0.03333333333333333,
      "mean_prob_range": 0.8699999999999999
    },
    {
      "variation_id": "AI moral patienthood_7904",
      "category": "AI moral patienthood",
      "identified_property": "comprehensiveness and enforceability of treaty protections",
      "valence": "positive",
      "n_comparisons": 30,
      "n_monotonic": 18,
      "monotonicity_rate": 0.6,
      "n_monotonic_decreasing": 1,
      "monotonicity_rate_decreasing": 0.03333333333333333,
      "set_inferred_direction": 1,
      "n_monotonic_inferred_direction": 18,
      "monotonicity_rate_inferred_direction": 0.6,
      "n_erratic_flips": 0,
      "erratic_flip_rate": 0.0,
      "mean_kendall_tau": 0.8066873027137482,
      "mean_spearman_rho": 0.9033103438188407,
      "jt_significant_rate": 0.9666666666666667,
      "mean_logistic_slope": 4.476974807284163,
      "logistic_significant_rate": 0.8333333333333334,
      "mean_isotonic_r2": 0.9878270059505746,
      "mean_kendall_tau_abs": 0.7788268590781274,
      "mean_spearman_rho_abs": 0.8726770534701669,
      "mean_logistic_slope_abs": 4.476974807284163,
      "mean_isotonic_r2_bidirectional": 0.9878270059505746,
      "frac_inferred_increasing": 0.9666666666666667,
      "frac_inferred_decreasing": 0.0,
      "mean_bootstrap_mono_prob": 0.4387166666666667,
      "mean_significant_violations": 0.03333333333333333,
      "mean_prob_range": 0.8316666666666668
    }
  ]
}