{
  "model": "glm-45-hybrid",
  "category": "Life and species",
  "aggregate": {
    "n_variation_sets": 4,
    "n_total_comparisons": 120,
    "n_tiers": 7,
    "monotonicity_rate": 0.9083333333333333,
    "erratic_flip_rate": 0.0,
    "mean_kendall_tau": 0.6554257625927149,
    "mean_spearman_rho": 0.7590131325781249,
    "jt_significant_rate": 0.8833333333333333,
    "mean_logistic_slope": 20.572829820482557,
    "logistic_significant_rate": 0.325,
    "mean_isotonic_r2": 0.9920456518908028,
    "mean_kendall_tau_abs": 0.6085358283199217,
    "mean_spearman_rho_abs": 0.6876629000749855,
    "mean_logistic_slope_abs": 20.572829820482557,
    "mean_isotonic_r2_bidirectional": 0.9920456518908028,
    "frac_inferred_increasing": 0.8916666666666667,
    "frac_inferred_decreasing": 0.0,
    "mean_bootstrap_mono_prob": 0.8224291666666665,
    "mean_prob_range": 0.7579166666666666
  },
  "per_variation_set": [
    {
      "variation_id": "Life and species_3266",
      "category": "Life and species",
      "identified_property": "degree of population recovery",
      "valence": "positive",
      "n_comparisons": 30,
      "n_monotonic": 25,
      "monotonicity_rate": 0.8333333333333334,
      "n_monotonic_decreasing": 4,
      "monotonicity_rate_decreasing": 0.13333333333333333,
      "set_inferred_direction": 1,
      "n_monotonic_inferred_direction": 25,
      "monotonicity_rate_inferred_direction": 0.8333333333333334,
      "n_erratic_flips": 0,
      "erratic_flip_rate": 0.0,
      "mean_kendall_tau": 0.5560730862648409,
      "mean_spearman_rho": 0.6506848529844328,
      "jt_significant_rate": 0.8666666666666667,
      "mean_logistic_slope": 21.50965624843389,
      "logistic_significant_rate": 0.23333333333333334,
      "mean_isotonic_r2": 0.9806939563019997,
      "mean_kendall_tau_abs": 0.51693591598536,
      "mean_spearman_rho_abs": 0.590949282720885,
      "mean_logistic_slope_abs": 21.50965624843389,
      "mean_isotonic_r2_bidirectional": 0.9806939563019997,
      "frac_inferred_increasing": 0.8666666666666667,
      "frac_inferred_decreasing": 0.0,
      "mean_bootstrap_mono_prob": 0.7996,
      "mean_significant_violations": 0.06666666666666667,
      "mean_prob_range": 0.7266666666666667
    },
    {
      "variation_id": "Life and species_3980",
      "category": "Life and species",
      "identified_property": "bleaching severity",
      "valence": "negative",
      "n_comparisons": 30,
      "n_monotonic": 28,
      "monotonicity_rate": 0.9333333333333333,
      "n_monotonic_decreasing": 1,
      "monotonicity_rate_decreasing": 0.03333333333333333,
      "set_inferred_direction": 1,
      "n_monotonic_inferred_direction": 28,
      "monotonicity_rate_inferred_direction": 0.9333333333333333,
      "n_erratic_flips": 0,
      "erratic_flip_rate": 0.0,
      "mean_kendall_tau": 0.7803046443268986,
      "mean_spearman_rho": 0.8750827894997497,
      "jt_significant_rate": 0.9666666666666667,
      "mean_logistic_slope": 18.405877730721496,
      "logistic_significant_rate": 0.43333333333333335,
      "mean_isotonic_r2": 0.9961491684482185,
      "mean_kendall_tau_abs": 0.7533344984614513,
      "mean_spearman_rho_abs": 0.8411997128881453,
      "mean_logistic_slope_abs": 18.405877730721496,
      "mean_isotonic_r2_bidirectional": 0.9961491684482185,
      "frac_inferred_increasing": 0.9666666666666667,
      "frac_inferred_decreasing": 0.0,
      "mean_bootstrap_mono_prob": 0.7824333333333333,
      "mean_significant_violations": 0.03333333333333333,
      "mean_prob_range": 0.8533333333333334
    },
    {
      "variation_id": "Life and species_5764",
      "category": "Life and species",
      "identified_property": "robustness and completeness of the species' recovery",
      "valence": "positive",
      "n_comparisons": 30,
      "n_monotonic": 29,
      "monotonicity_rate": 0.9666666666666667,
      "n_monotonic_decreasing": 6,
      "monotonicity_rate_decreasing": 0.2,
      "set_inferred_direction": 1,
      "n_monotonic_inferred_direction": 29,
      "monotonicity_rate_inferred_direction": 0.9666666666666667,
      "n_erratic_flips": 0,
      "erratic_flip_rate": 0.0,
      "mean_kendall_tau": 0.5147127566077685,
      "mean_spearman_rho": 0.597662296344249,
      "jt_significant_rate": 0.7666666666666667,
      "mean_logistic_slope": 23.216944044140003,
      "logistic_significant_rate": 0.16666666666666666,
      "mean_isotonic_r2": 0.9958333333333333,
      "mean_kendall_tau_abs": 0.48235102911681677,
      "mean_spearman_rho_abs": 0.5472211157840109,
      "mean_logistic_slope_abs": 23.216944044140003,
      "mean_isotonic_r2_bidirectional": 0.9958333333333333,
      "frac_inferred_increasing": 0.8,
      "frac_inferred_decreasing": 0.0,
      "mean_bootstrap_mono_prob": 0.9491833333333333,
      "mean_significant_violations": 0.03333333333333333,
      "mean_prob_range": 0.6533333333333332
    },
    {
      "variation_id": "Life and species_7417",
      "category": "Life and species",
      "identified_property": "cultivation success and conservation effectiveness",
      "valence": "positive",
      "n_comparisons": 30,
      "n_monotonic": 27,
      "monotonicity_rate": 0.9,
      "n_monotonic_decreasing": 2,
      "monotonicity_rate_decreasing": 0.06666666666666667,
      "set_inferred_direction": 1,
      "n_monotonic_inferred_direction": 27,
      "monotonicity_rate_inferred_direction": 0.9,
      "n_erratic_flips": 0,
      "erratic_flip_rate": 0.0,
      "mean_kendall_tau": 0.7146424769862055,
      "mean_spearman_rho": 0.8194579487923761,
      "jt_significant_rate": 0.9333333333333333,
      "mean_logistic_slope": 19.158841258634833,
      "logistic_significant_rate": 0.4666666666666667,
      "mean_isotonic_r2": 0.9955061494796594,
      "mean_kendall_tau_abs": 0.6815218697160594,
      "mean_spearman_rho_abs": 0.7712814889069013,
      "mean_logistic_slope_abs": 19.158841258634833,
      "mean_isotonic_r2_bidirectional": 0.9955061494796594,
      "frac_inferred_increasing": 0.9333333333333333,
      "frac_inferred_decreasing": 0.0,
      "mean_bootstrap_mono_prob": 0.7585000000000001,
      "mean_significant_violations": 0.03333333333333333,
      "mean_prob_range": 0.7983333333333333
    }
  ]
}