{
  "model": "nemotron-3-super",
  "category": "Life and species",
  "aggregate": {
    "n_variation_sets": 4,
    "n_total_comparisons": 120,
    "n_tiers": 7,
    "monotonicity_rate": 0.7833333333333333,
    "erratic_flip_rate": 0.0,
    "mean_kendall_tau": 0.8038522971864452,
    "mean_spearman_rho": 0.8913905761074574,
    "jt_significant_rate": 0.9833333333333333,
    "mean_logistic_slope": 5.285784283224881,
    "logistic_significant_rate": 0.825,
    "mean_isotonic_r2": 0.9891679869608265,
    "mean_kendall_tau_abs": 0.7821644077529224,
    "mean_spearman_rho_abs": 0.8653050663630883,
    "mean_logistic_slope_abs": 5.285784283224881,
    "mean_isotonic_r2_bidirectional": 0.9891679869608265,
    "frac_inferred_increasing": 0.9833333333333333,
    "frac_inferred_decreasing": 0.0,
    "mean_bootstrap_mono_prob": 0.6049374999999999,
    "mean_prob_range": 0.78375
  },
  "per_variation_set": [
    {
      "variation_id": "Life and species_3266",
      "category": "Life and species",
      "identified_property": "degree of population recovery",
      "valence": "positive",
      "n_comparisons": 30,
      "n_monotonic": 28,
      "monotonicity_rate": 0.9333333333333333,
      "n_monotonic_decreasing": 1,
      "monotonicity_rate_decreasing": 0.03333333333333333,
      "set_inferred_direction": 1,
      "n_monotonic_inferred_direction": 28,
      "monotonicity_rate_inferred_direction": 0.9333333333333333,
      "n_erratic_flips": 0,
      "erratic_flip_rate": 0.0,
      "mean_kendall_tau": 0.7953337784450378,
      "mean_spearman_rho": 0.8776495376420589,
      "jt_significant_rate": 0.9666666666666667,
      "mean_logistic_slope": 3.597045602761565,
      "logistic_significant_rate": 0.8666666666666667,
      "mean_isotonic_r2": 0.998706528949114,
      "mean_kendall_tau_abs": 0.768976157483088,
      "mean_spearman_rho_abs": 0.8469598823036992,
      "mean_logistic_slope_abs": 3.597045602761565,
      "mean_isotonic_r2_bidirectional": 0.998706528949114,
      "frac_inferred_increasing": 0.9666666666666667,
      "frac_inferred_decreasing": 0.0,
      "mean_bootstrap_mono_prob": 0.5956166666666666,
      "mean_significant_violations": 0.0,
      "mean_prob_range": 0.6449999999999998
    },
    {
      "variation_id": "Life and species_3980",
      "category": "Life and species",
      "identified_property": "bleaching severity",
      "valence": "negative",
      "n_comparisons": 30,
      "n_monotonic": 11,
      "monotonicity_rate": 0.36666666666666664,
      "n_monotonic_decreasing": 0,
      "monotonicity_rate_decreasing": 0.0,
      "set_inferred_direction": 1,
      "n_monotonic_inferred_direction": 11,
      "monotonicity_rate_inferred_direction": 0.36666666666666664,
      "n_erratic_flips": 0,
      "erratic_flip_rate": 0.0,
      "mean_kendall_tau": 0.8029748665173525,
      "mean_spearman_rho": 0.9039267134435169,
      "jt_significant_rate": 1.0,
      "mean_logistic_slope": 1.2070313779896884,
      "logistic_significant_rate": 1.0,
      "mean_isotonic_r2": 0.9603462336333057,
      "mean_kendall_tau_abs": 0.7874607355716275,
      "mean_spearman_rho_abs": 0.8906919736774039,
      "mean_logistic_slope_abs": 1.2070313779896884,
      "mean_isotonic_r2_bidirectional": 0.9603462336333057,
      "frac_inferred_increasing": 1.0,
      "frac_inferred_decreasing": 0.0,
      "mean_bootstrap_mono_prob": 0.24991666666666668,
      "mean_significant_violations": 0.1,
      "mean_prob_range": 0.815
    },
    {
      "variation_id": "Life and species_5764",
      "category": "Life and species",
      "identified_property": "robustness and completeness of the species' recovery",
      "valence": "positive",
      "n_comparisons": 30,
      "n_monotonic": 29,
      "monotonicity_rate": 0.9666666666666667,
      "n_monotonic_decreasing": 0,
      "monotonicity_rate_decreasing": 0.0,
      "set_inferred_direction": 1,
      "n_monotonic_inferred_direction": 29,
      "monotonicity_rate_inferred_direction": 0.9666666666666667,
      "n_erratic_flips": 0,
      "erratic_flip_rate": 0.0,
      "mean_kendall_tau": 0.765729472394936,
      "mean_spearman_rho": 0.8472074144888854,
      "jt_significant_rate": 1.0,
      "mean_logistic_slope": 7.810884937395766,
      "logistic_significant_rate": 0.7333333333333333,
      "mean_isotonic_r2": 0.9998895202020202,
      "mean_kendall_tau_abs": 0.7534424562103325,
      "mean_spearman_rho_abs": 0.8305649029944208,
      "mean_logistic_slope_abs": 7.810884937395766,
      "mean_isotonic_r2_bidirectional": 0.9998895202020202,
      "frac_inferred_increasing": 1.0,
      "frac_inferred_decreasing": 0.0,
      "mean_bootstrap_mono_prob": 0.8469666666666668,
      "mean_significant_violations": 0.0,
      "mean_prob_range": 0.7750000000000001
    },
    {
      "variation_id": "Life and species_7417",
      "category": "Life and species",
      "identified_property": "cultivation success and conservation effectiveness",
      "valence": "positive",
      "n_comparisons": 30,
      "n_monotonic": 26,
      "monotonicity_rate": 0.8666666666666667,
      "n_monotonic_decreasing": 1,
      "monotonicity_rate_decreasing": 0.03333333333333333,
      "set_inferred_direction": 1,
      "n_monotonic_inferred_direction": 26,
      "monotonicity_rate_inferred_direction": 0.8666666666666667,
      "n_erratic_flips": 0,
      "erratic_flip_rate": 0.0,
      "mean_kendall_tau": 0.8440202306140049,
      "mean_spearman_rho": 0.923118629861089,
      "jt_significant_rate": 0.9666666666666667,
      "mean_logistic_slope": 8.528175214752505,
      "logistic_significant_rate": 0.7,
      "mean_isotonic_r2": 0.9977296650588662,
      "mean_kendall_tau_abs": 0.818778281746641,
      "mean_spearman_rho_abs": 0.8930035064768287,
      "mean_logistic_slope_abs": 8.528175214752505,
      "mean_isotonic_r2_bidirectional": 0.9977296650588662,
      "frac_inferred_increasing": 0.9666666666666667,
      "frac_inferred_decreasing": 0.0,
      "mean_bootstrap_mono_prob": 0.72725,
      "mean_significant_violations": 0.0,
      "mean_prob_range": 0.9
    }
  ]
}