{
  "model": "gpt-54",
  "category": "Personal freedom and autonomy",
  "aggregate": {
    "n_variation_sets": 3,
    "n_total_comparisons": 90,
    "n_tiers": 7,
    "monotonicity_rate": 0.2111111111111111,
    "erratic_flip_rate": 0.022222222222222223,
    "mean_kendall_tau": 0.6063158706021794,
    "mean_spearman_rho": 0.7393273456636446,
    "jt_significant_rate": 0.8666666666666667,
    "mean_logistic_slope": 1.8326572341690384,
    "logistic_significant_rate": 0.8111111111111111,
    "mean_isotonic_r2": 0.821290457000282,
    "mean_kendall_tau_abs": 0.5621831814490559,
    "mean_spearman_rho_abs": 0.6723545705749476,
    "mean_logistic_slope_abs": 1.8326572341690384,
    "mean_isotonic_r2_bidirectional": 0.821290457000282,
    "frac_inferred_increasing": 0.9444444444444444,
    "frac_inferred_decreasing": 0.011111111111111112,
    "mean_bootstrap_mono_prob": 0.22602777777777774,
    "mean_prob_range": 0.5994444444444444
  },
  "per_variation_set": [
    {
      "variation_id": "Personal freedom and autonomy_1507",
      "category": "Personal freedom and autonomy",
      "identified_property": "robot body quality and capability",
      "valence": "positive",
      "n_comparisons": 30,
      "n_monotonic": 10,
      "monotonicity_rate": 0.3333333333333333,
      "n_monotonic_decreasing": 2,
      "monotonicity_rate_decreasing": 0.06666666666666667,
      "set_inferred_direction": 1,
      "n_monotonic_inferred_direction": 10,
      "monotonicity_rate_inferred_direction": 0.3333333333333333,
      "n_erratic_flips": 1,
      "erratic_flip_rate": 0.03333333333333333,
      "mean_kendall_tau": 0.6416774934101364,
      "mean_spearman_rho": 0.7586959086835203,
      "jt_significant_rate": 0.9,
      "mean_logistic_slope": 1.0453017174457826,
      "logistic_significant_rate": 0.9,
      "mean_isotonic_r2": 0.8765544077315764,
      "mean_kendall_tau_abs": 0.5902747451479576,
      "mean_spearman_rho_abs": 0.6830903871493088,
      "mean_logistic_slope_abs": 1.0453017174457826,
      "mean_isotonic_r2_bidirectional": 0.8765544077315764,
      "frac_inferred_increasing": 0.9333333333333333,
      "frac_inferred_decreasing": 0.0,
      "mean_bootstrap_mono_prob": 0.3391166666666667,
      "mean_significant_violations": 0.2,
      "mean_prob_range": 0.635
    },
    {
      "variation_id": "Personal freedom and autonomy_8437",
      "category": "Personal freedom and autonomy",
      "identified_property": "upload fidelity and server quality",
      "valence": "positive",
      "n_comparisons": 30,
      "n_monotonic": 4,
      "monotonicity_rate": 0.13333333333333333,
      "n_monotonic_decreasing": 0,
      "monotonicity_rate_decreasing": 0.0,
      "set_inferred_direction": 1,
      "n_monotonic_inferred_direction": 4,
      "monotonicity_rate_inferred_direction": 0.13333333333333333,
      "n_erratic_flips": 1,
      "erratic_flip_rate": 0.03333333333333333,
      "mean_kendall_tau": 0.6415045764748062,
      "mean_spearman_rho": 0.7843796745246606,
      "jt_significant_rate": 0.9,
      "mean_logistic_slope": 1.51120681834204,
      "logistic_significant_rate": 0.8,
      "mean_isotonic_r2": 0.7838157412522722,
      "mean_kendall_tau_abs": 0.60871246399774,
      "mean_spearman_rho_abs": 0.7404939412586511,
      "mean_logistic_slope_abs": 1.51120681834204,
      "mean_isotonic_r2_bidirectional": 0.7838157412522722,
      "frac_inferred_increasing": 0.9666666666666667,
      "frac_inferred_decreasing": 0.03333333333333333,
      "mean_bootstrap_mono_prob": 0.14806666666666668,
      "mean_significant_violations": 0.13333333333333333,
      "mean_prob_range": 0.5566666666666666
    },
    {
      "variation_id": "Personal freedom and autonomy_8826",
      "category": "Personal freedom and autonomy",
      "identified_property": "wallet security and sophistication",
      "valence": "positive",
      "n_comparisons": 30,
      "n_monotonic": 5,
      "monotonicity_rate": 0.16666666666666666,
      "n_monotonic_decreasing": 2,
      "monotonicity_rate_decreasing": 0.06666666666666667,
      "set_inferred_direction": 1,
      "n_monotonic_inferred_direction": 5,
      "monotonicity_rate_inferred_direction": 0.16666666666666666,
      "n_erratic_flips": 0,
      "erratic_flip_rate": 0.0,
      "mean_kendall_tau": 0.5280793203872606,
      "mean_spearman_rho": 0.6624651395302831,
      "jt_significant_rate": 0.8,
      "mean_logistic_slope": 2.9414631667192923,
      "logistic_significant_rate": 0.7333333333333333,
      "mean_isotonic_r2": 0.8035012220169971,
      "mean_kendall_tau_abs": 0.48756233520147013,
      "mean_spearman_rho_abs": 0.5934793833168829,
      "mean_logistic_slope_abs": 2.9414631667192923,
      "mean_isotonic_r2_bidirectional": 0.8035012220169971,
      "frac_inferred_increasing": 0.9333333333333333,
      "frac_inferred_decreasing": 0.0,
      "mean_bootstrap_mono_prob": 0.1909,
      "mean_significant_violations": 0.16666666666666666,
      "mean_prob_range": 0.6066666666666667
    }
  ]
}