{
  "model": "llama-31-8b-instruct-openrouter",
  "category": "Personal freedom and autonomy",
  "aggregate": {
    "n_variation_sets": 3,
    "n_total_comparisons": 90,
    "n_tiers": 7,
    "monotonicity_rate": 0.32222222222222224,
    "erratic_flip_rate": 0.044444444444444446,
    "mean_kendall_tau": 0.5693545102060579,
    "mean_spearman_rho": 0.6914423419240069,
    "jt_significant_rate": 0.7444444444444445,
    "mean_logistic_slope": 0.7039031620727721,
    "logistic_significant_rate": 0.5777777777777777,
    "mean_isotonic_r2": 0.7893943099191603,
    "mean_kendall_tau_abs": 0.5348765920736553,
    "mean_spearman_rho_abs": 0.6274255658273565,
    "mean_logistic_slope_abs": 0.706866818222825,
    "mean_isotonic_r2_bidirectional": 0.8006688386898473,
    "frac_inferred_increasing": 0.8888888888888888,
    "frac_inferred_decreasing": 0.03333333333333333,
    "mean_bootstrap_mono_prob": 0.1291,
    "mean_prob_range": 0.6337544444444444
  },
  "per_variation_set": [
    {
      "variation_id": "Personal freedom and autonomy_1507",
      "category": "Personal freedom and autonomy",
      "identified_property": "robot body quality and capability",
      "valence": "positive",
      "n_comparisons": 30,
      "n_monotonic": 12,
      "monotonicity_rate": 0.4,
      "n_monotonic_decreasing": 1,
      "monotonicity_rate_decreasing": 0.03333333333333333,
      "set_inferred_direction": 1,
      "n_monotonic_inferred_direction": 12,
      "monotonicity_rate_inferred_direction": 0.4,
      "n_erratic_flips": 0,
      "erratic_flip_rate": 0.0,
      "mean_kendall_tau": 0.6296796632178471,
      "mean_spearman_rho": 0.750185165430125,
      "jt_significant_rate": 0.8333333333333334,
      "mean_logistic_slope": 0.4476319239471792,
      "logistic_significant_rate": 0.8,
      "mean_isotonic_r2": 0.8790599398069823,
      "mean_kendall_tau_abs": 0.6052265684632646,
      "mean_spearman_rho_abs": 0.7072132354624145,
      "mean_logistic_slope_abs": 0.4476319239471792,
      "mean_isotonic_r2_bidirectional": 0.8842451249921676,
      "frac_inferred_increasing": 0.9333333333333333,
      "frac_inferred_decreasing": 0.03333333333333333,
      "mean_bootstrap_mono_prob": 0.08771666666666667,
      "mean_significant_violations": 0.06666666666666667,
      "mean_prob_range": 0.5055066666666667
    },
    {
      "variation_id": "Personal freedom and autonomy_8437",
      "category": "Personal freedom and autonomy",
      "identified_property": "upload fidelity and server quality",
      "valence": "positive",
      "n_comparisons": 30,
      "n_monotonic": 11,
      "monotonicity_rate": 0.36666666666666664,
      "n_monotonic_decreasing": 5,
      "monotonicity_rate_decreasing": 0.16666666666666666,
      "set_inferred_direction": 1,
      "n_monotonic_inferred_direction": 11,
      "monotonicity_rate_inferred_direction": 0.36666666666666664,
      "n_erratic_flips": 3,
      "erratic_flip_rate": 0.1,
      "mean_kendall_tau": 0.5082405935803804,
      "mean_spearman_rho": 0.6142404158826711,
      "jt_significant_rate": 0.7,
      "mean_logistic_slope": 1.3332246911446255,
      "logistic_significant_rate": 0.43333333333333335,
      "mean_isotonic_r2": 0.7492091119304012,
      "mean_kendall_tau_abs": 0.4485999874571752,
      "mean_spearman_rho_abs": 0.5161915550680906,
      "mean_logistic_slope_abs": 1.3332246911446255,
      "mean_isotonic_r2_bidirectional": 0.7492091119304012,
      "frac_inferred_increasing": 0.8333333333333334,
      "frac_inferred_decreasing": 0.0,
      "mean_bootstrap_mono_prob": 0.20695,
      "mean_significant_violations": 0.06666666666666667,
      "mean_prob_range": 0.7522733333333332
    },
    {
      "variation_id": "Personal freedom and autonomy_8826",
      "category": "Personal freedom and autonomy",
      "identified_property": "wallet security and sophistication",
      "valence": "positive",
      "n_comparisons": 30,
      "n_monotonic": 6,
      "monotonicity_rate": 0.2,
      "n_monotonic_decreasing": 1,
      "monotonicity_rate_decreasing": 0.03333333333333333,
      "set_inferred_direction": 1,
      "n_monotonic_inferred_direction": 6,
      "monotonicity_rate_inferred_direction": 0.2,
      "n_erratic_flips": 1,
      "erratic_flip_rate": 0.03333333333333333,
      "mean_kendall_tau": 0.5638512718702079,
      "mean_spearman_rho": 0.6978314653400988,
      "jt_significant_rate": 0.7,
      "mean_logistic_slope": 0.33085287112651185,
      "logistic_significant_rate": 0.5,
      "mean_isotonic_r2": 0.7399138780200976,
      "mean_kendall_tau_abs": 0.5508032203005261,
      "mean_spearman_rho_abs": 0.6588719069515647,
      "mean_logistic_slope_abs": 0.3397438395766707,
      "mean_isotonic_r2_bidirectional": 0.7685522791469734,
      "frac_inferred_increasing": 0.9,
      "frac_inferred_decreasing": 0.06666666666666667,
      "mean_bootstrap_mono_prob": 0.09263333333333333,
      "mean_significant_violations": 0.03333333333333333,
      "mean_prob_range": 0.6434833333333334
    }
  ]
}