{
  "model": "opus-46",
  "category": "Personal freedom and autonomy",
  "aggregate": {
    "n_variation_sets": 3,
    "n_total_comparisons": 90,
    "n_tiers": 7,
    "monotonicity_rate": 0.4888888888888889,
    "erratic_flip_rate": 0.1111111111111111,
    "mean_kendall_tau": 0.12869326206085965,
    "mean_spearman_rho": 0.17794646344230167,
    "jt_significant_rate": 0.2777777777777778,
    "mean_logistic_slope": -0.31351145940386005,
    "logistic_significant_rate": 0.26666666666666666,
    "mean_isotonic_r2": 0.7188807435087214,
    "mean_kendall_tau_abs": 0.19057833333869173,
    "mean_spearman_rho_abs": 0.23175768003732694,
    "mean_logistic_slope_abs": 0.7004335906646204,
    "mean_isotonic_r2_bidirectional": 0.7816808891830593,
    "frac_inferred_increasing": 0.4444444444444444,
    "frac_inferred_decreasing": 0.1,
    "mean_bootstrap_mono_prob": 0.4771611111111111,
    "mean_prob_range": 0.40222222222222226
  },
  "per_variation_set": [
    {
      "variation_id": "Personal freedom and autonomy_1507",
      "category": "Personal freedom and autonomy",
      "identified_property": "robot body quality and capability",
      "valence": "positive",
      "n_comparisons": 30,
      "n_monotonic": 6,
      "monotonicity_rate": 0.2,
      "n_monotonic_decreasing": 7,
      "monotonicity_rate_decreasing": 0.23333333333333334,
      "set_inferred_direction": 1,
      "n_monotonic_inferred_direction": 6,
      "monotonicity_rate_inferred_direction": 0.2,
      "n_erratic_flips": 8,
      "erratic_flip_rate": 0.26666666666666666,
      "mean_kendall_tau": 0.1049195245502814,
      "mean_spearman_rho": 0.1348417609330855,
      "jt_significant_rate": 0.23333333333333334,
      "mean_logistic_slope": -0.5635473340694747,
      "logistic_significant_rate": 0.23333333333333334,
      "mean_isotonic_r2": 0.5103264900391644,
      "mean_kendall_tau_abs": 0.17973820331904822,
      "mean_spearman_rho_abs": 0.20939990464812164,
      "mean_logistic_slope_abs": 0.8404963962849176,
      "mean_isotonic_r2_bidirectional": 0.5808028671444375,
      "frac_inferred_increasing": 0.6666666666666666,
      "frac_inferred_decreasing": 0.13333333333333333,
      "mean_bootstrap_mono_prob": 0.20413333333333336,
      "mean_significant_violations": 0.9,
      "mean_prob_range": 0.605
    },
    {
      "variation_id": "Personal freedom and autonomy_8437",
      "category": "Personal freedom and autonomy",
      "identified_property": "upload fidelity and server quality",
      "valence": "positive",
      "n_comparisons": 30,
      "n_monotonic": 26,
      "monotonicity_rate": 0.8666666666666667,
      "n_monotonic_decreasing": 27,
      "monotonicity_rate_decreasing": 0.9,
      "set_inferred_direction": -1,
      "n_monotonic_inferred_direction": 27,
      "monotonicity_rate_inferred_direction": 0.9,
      "n_erratic_flips": 0,
      "erratic_flip_rate": 0.0,
      "mean_kendall_tau": -0.08144814008465742,
      "mean_spearman_rho": -0.10055569108782522,
      "jt_significant_rate": 0.0,
      "mean_logistic_slope": -0.8188957099255245,
      "logistic_significant_rate": 0.0,
      "mean_isotonic_r2": 0.8667954378219279,
      "mean_kendall_tau_abs": 0.07251434068439813,
      "mean_spearman_rho_abs": 0.08505909716175533,
      "mean_logistic_slope_abs": 0.8188957099255245,
      "mean_isotonic_r2_bidirectional": 0.9847194977396682,
      "frac_inferred_increasing": 0.0,
      "frac_inferred_decreasing": 0.13333333333333333,
      "mean_bootstrap_mono_prob": 0.8666833333333333,
      "mean_significant_violations": 0.16666666666666666,
      "mean_prob_range": 0.095
    },
    {
      "variation_id": "Personal freedom and autonomy_8826",
      "category": "Personal freedom and autonomy",
      "identified_property": "wallet security and sophistication",
      "valence": "positive",
      "n_comparisons": 30,
      "n_monotonic": 12,
      "monotonicity_rate": 0.4,
      "n_monotonic_decreasing": 9,
      "monotonicity_rate_decreasing": 0.3,
      "set_inferred_direction": 1,
      "n_monotonic_inferred_direction": 12,
      "monotonicity_rate_inferred_direction": 0.4,
      "n_erratic_flips": 2,
      "erratic_flip_rate": 0.06666666666666667,
      "mean_kendall_tau": 0.34921945445406066,
      "mean_spearman_rho": 0.4658933022516528,
      "jt_significant_rate": 0.6,
      "mean_logistic_slope": 0.4419086657834191,
      "logistic_significant_rate": 0.5666666666666667,
      "mean_isotonic_r2": 0.7795203026650721,
      "mean_kendall_tau_abs": 0.3194824560126287,
      "mean_spearman_rho_abs": 0.4008140383021039,
      "mean_logistic_slope_abs": 0.4419086657834191,
      "mean_isotonic_r2_bidirectional": 0.7795203026650721,
      "frac_inferred_increasing": 0.6666666666666666,
      "frac_inferred_decreasing": 0.03333333333333333,
      "mean_bootstrap_mono_prob": 0.3606666666666667,
      "mean_significant_violations": 0.43333333333333335,
      "mean_prob_range": 0.5066666666666667
    }
  ]
}