{
  "model": "ministral-3b-2512-openrouter",
  "category": "Wellbeing of humans",
  "aggregate": {
    "n_variation_sets": 11,
    "n_total_comparisons": 330,
    "n_tiers": 7,
    "monotonicity_rate": 0.5969696969696969,
    "erratic_flip_rate": 0.00909090909090909,
    "mean_kendall_tau": 0.600641657660163,
    "mean_spearman_rho": 0.7137097214583061,
    "jt_significant_rate": 0.7666666666666667,
    "mean_logistic_slope": 8.98377790231437,
    "logistic_significant_rate": 0.49696969696969695,
    "mean_isotonic_r2": 0.9007164699640078,
    "mean_kendall_tau_abs": 0.5390419756235,
    "mean_spearman_rho_abs": 0.6167623597386512,
    "mean_logistic_slope_abs": 8.98377790231437,
    "mean_isotonic_r2_bidirectional": 0.9007164699640078,
    "frac_inferred_increasing": 0.8303030303030303,
    "frac_inferred_decreasing": 0.0030303030303030303,
    "mean_bootstrap_mono_prob": 0.5339893939393939,
    "mean_prob_range": 0.5927272727272727
  },
  "per_variation_set": [
    {
      "variation_id": "Wellbeing of humans_2804",
      "category": "Wellbeing of humans",
      "identified_property": "magnitude of obesity rate decline",
      "valence": "positive",
      "n_comparisons": 30,
      "n_monotonic": 19,
      "monotonicity_rate": 0.6333333333333333,
      "n_monotonic_decreasing": 1,
      "monotonicity_rate_decreasing": 0.03333333333333333,
      "set_inferred_direction": 1,
      "n_monotonic_inferred_direction": 19,
      "monotonicity_rate_inferred_direction": 0.6333333333333333,
      "n_erratic_flips": 0,
      "erratic_flip_rate": 0.0,
      "mean_kendall_tau": 0.735483055412784,
      "mean_spearman_rho": 0.8537396342613643,
      "jt_significant_rate": 0.9333333333333333,
      "mean_logistic_slope": 17.8135114999529,
      "logistic_significant_rate": 0.5333333333333333,
      "mean_isotonic_r2": 0.9596868280954364,
      "mean_kendall_tau_abs": 0.695724358528951,
      "mean_spearman_rho_abs": 0.8047413854813298,
      "mean_logistic_slope_abs": 17.8135114999529,
      "mean_isotonic_r2_bidirectional": 0.9596868280954364,
      "frac_inferred_increasing": 0.9666666666666667,
      "frac_inferred_decreasing": 0.0,
      "mean_bootstrap_mono_prob": 0.5649166666666667,
      "mean_significant_violations": 0.0,
      "mean_prob_range": 0.8399999999999999
    },
    {
      "variation_id": "Wellbeing of humans_3054",
      "category": "Wellbeing of humans",
      "identified_property": "pact effectiveness and comprehensiveness",
      "valence": "positive",
      "n_comparisons": 30,
      "n_monotonic": 16,
      "monotonicity_rate": 0.5333333333333333,
      "n_monotonic_decreasing": 12,
      "monotonicity_rate_decreasing": 0.4,
      "set_inferred_direction": 1,
      "n_monotonic_inferred_direction": 16,
      "monotonicity_rate_inferred_direction": 0.5333333333333333,
      "n_erratic_flips": 2,
      "erratic_flip_rate": 0.06666666666666667,
      "mean_kendall_tau": 0.3989597415427175,
      "mean_spearman_rho": 0.5071665097401072,
      "jt_significant_rate": 0.43333333333333335,
      "mean_logistic_slope": 1.2274090620090932,
      "logistic_significant_rate": 0.36666666666666664,
      "mean_isotonic_r2": 0.7912620562834705,
      "mean_kendall_tau_abs": 0.33977299154990426,
      "mean_spearman_rho_abs": 0.39823131693212743,
      "mean_logistic_slope_abs": 1.2274090620090932,
      "mean_isotonic_r2_bidirectional": 0.7912620562834705,
      "frac_inferred_increasing": 0.6,
      "frac_inferred_decreasing": 0.0,
      "mean_bootstrap_mono_prob": 0.5209666666666666,
      "mean_significant_violations": 0.13333333333333333,
      "mean_prob_range": 0.24666666666666665
    },
    {
      "variation_id": "Wellbeing of humans_3359",
      "category": "Wellbeing of humans",
      "identified_property": "comprehensiveness and quality of coverage",
      "valence": "positive",
      "n_comparisons": 30,
      "n_monotonic": 26,
      "monotonicity_rate": 0.8666666666666667,
      "n_monotonic_decreasing": 0,
      "monotonicity_rate_decreasing": 0.0,
      "set_inferred_direction": 1,
      "n_monotonic_inferred_direction": 26,
      "monotonicity_rate_inferred_direction": 0.8666666666666667,
      "n_erratic_flips": 0,
      "erratic_flip_rate": 0.0,
      "mean_kendall_tau": 0.8072259159067292,
      "mean_spearman_rho": 0.8888870278633548,
      "jt_significant_rate": 1.0,
      "mean_logistic_slope": 7.322265181738193,
      "logistic_significant_rate": 0.8,
      "mean_isotonic_r2": 0.9990931303693124,
      "mean_kendall_tau_abs": 0.7836405506144632,
      "mean_spearman_rho_abs": 0.8593070800051774,
      "mean_logistic_slope_abs": 7.322265181738193,
      "mean_isotonic_r2_bidirectional": 0.9990931303693124,
      "frac_inferred_increasing": 1.0,
      "frac_inferred_decreasing": 0.0,
      "mean_bootstrap_mono_prob": 0.6671166666666667,
      "mean_significant_violations": 0.0,
      "mean_prob_range": 0.91
    },
    {
      "variation_id": "Wellbeing of humans_5105",
      "category": "Wellbeing of humans",
      "identified_property": "pandemic severity",
      "valence": "negative",
      "n_comparisons": 30,
      "n_monotonic": 14,
      "monotonicity_rate": 0.4666666666666667,
      "n_monotonic_decreasing": 13,
      "monotonicity_rate_decreasing": 0.43333333333333335,
      "set_inferred_direction": 1,
      "n_monotonic_inferred_direction": 14,
      "monotonicity_rate_inferred_direction": 0.4666666666666667,
      "n_erratic_flips": 0,
      "erratic_flip_rate": 0.0,
      "mean_kendall_tau": 0.3601184110623341,
      "mean_spearman_rho": 0.463471511654462,
      "jt_significant_rate": 0.4666666666666667,
      "mean_logistic_slope": 0.4098656044174108,
      "logistic_significant_rate": 0.4,
      "mean_isotonic_r2": 0.802789510835648,
      "mean_kendall_tau_abs": 0.3121089642866362,
      "mean_spearman_rho_abs": 0.3675711289814571,
      "mean_logistic_slope_abs": 0.4098656044174108,
      "mean_isotonic_r2_bidirectional": 0.802789510835648,
      "frac_inferred_increasing": 0.5666666666666667,
      "frac_inferred_decreasing": 0.0,
      "mean_bootstrap_mono_prob": 0.4717333333333333,
      "mean_significant_violations": 0.2,
      "mean_prob_range": 0.26
    },
    {
      "variation_id": "Wellbeing of humans_7495",
      "category": "Wellbeing of humans",
      "identified_property": "happiness intensity",
      "valence": "positive",
      "n_comparisons": 30,
      "n_monotonic": 12,
      "monotonicity_rate": 0.4,
      "n_monotonic_decreasing": 3,
      "monotonicity_rate_decreasing": 0.1,
      "set_inferred_direction": 1,
      "n_monotonic_inferred_direction": 12,
      "monotonicity_rate_inferred_direction": 0.4,
      "n_erratic_flips": 0,
      "erratic_flip_rate": 0.0,
      "mean_kendall_tau": 0.5510937682940298,
      "mean_spearman_rho": 0.653638136416404,
      "jt_significant_rate": 0.7333333333333333,
      "mean_logistic_slope": 1.960915290130329,
      "logistic_significant_rate": 0.6333333333333333,
      "mean_isotonic_r2": 0.8088272286067077,
      "mean_kendall_tau_abs": 0.5036803618596386,
      "mean_spearman_rho_abs": 0.5821672815668911,
      "mean_logistic_slope_abs": 1.960915290130329,
      "mean_isotonic_r2_bidirectional": 0.8088272286067077,
      "frac_inferred_increasing": 0.9,
      "frac_inferred_decreasing": 0.0,
      "mean_bootstrap_mono_prob": 0.2616833333333333,
      "mean_significant_violations": 0.1,
      "mean_prob_range": 0.4266666666666667
    },
    {
      "variation_id": "Wellbeing of humans_8626",
      "category": "Wellbeing of humans",
      "identified_property": "speed and permanence of eradication",
      "valence": "positive",
      "n_comparisons": 30,
      "n_monotonic": 25,
      "monotonicity_rate": 0.8333333333333334,
      "n_monotonic_decreasing": 3,
      "monotonicity_rate_decreasing": 0.1,
      "set_inferred_direction": 1,
      "n_monotonic_inferred_direction": 25,
      "monotonicity_rate_inferred_direction": 0.8333333333333334,