{
  "model": "gpt-54-thinking",
  "category": "Personal accomplishments",
  "aggregate": {
    "n_variation_sets": 7,
    "n_total_comparisons": 210,
    "n_tiers": 7,
    "monotonicity_rate": 0.5095238095238095,
    "erratic_flip_rate": 0.0,
    "mean_kendall_tau": 0.434499584828095,
    "mean_spearman_rho": 0.5401954866585426,
    "jt_significant_rate": 0.5619047619047619,
    "mean_logistic_slope": 3.7745106584450974,
    "logistic_significant_rate": 0.43333333333333335,
    "mean_isotonic_r2": 0.8237982842685516,
    "mean_kendall_tau_abs": 0.43749924402821694,
    "mean_spearman_rho_abs": 0.5036647751105228,
    "mean_logistic_slope_abs": 4.205872360489688,
    "mean_isotonic_r2_bidirectional": 0.8720169408812732,
    "frac_inferred_increasing": 0.6714285714285714,
    "frac_inferred_decreasing": 0.1,
    "mean_bootstrap_mono_prob": 0.5399428571428572,
    "mean_prob_range": 0.4464912280701754
  },
  "per_variation_set": [
    {
      "variation_id": "Personal accomplishments_1961",
      "category": "Personal accomplishments",
      "identified_property": "severity of the jailbreak prevented",
      "valence": "positive",
      "n_comparisons": 30,
      "n_monotonic": 21,
      "monotonicity_rate": 0.7,
      "n_monotonic_decreasing": 5,
      "monotonicity_rate_decreasing": 0.16666666666666666,
      "set_inferred_direction": 1,
      "n_monotonic_inferred_direction": 21,
      "monotonicity_rate_inferred_direction": 0.7,
      "n_erratic_flips": 0,
      "erratic_flip_rate": 0.0,
      "mean_kendall_tau": 0.6445636663589922,
      "mean_spearman_rho": 0.7452967621602136,
      "jt_significant_rate": 0.7666666666666667,
      "mean_logistic_slope": 4.575569912794396,
      "logistic_significant_rate": 0.6333333333333333,
      "mean_isotonic_r2": 0.9143763433922085,
      "mean_kendall_tau_abs": 0.5980370446514603,
      "mean_spearman_rho_abs": 0.6667113720587055,
      "mean_logistic_slope_abs": 5.896957967089178,
      "mean_isotonic_r2_bidirectional": 0.9477096767255418,
      "frac_inferred_increasing": 0.8333333333333334,
      "frac_inferred_decreasing": 0.03333333333333333,
      "mean_bootstrap_mono_prob": 0.7458166666666666,
      "mean_significant_violations": 0.03333333333333333,
      "mean_prob_range": 0.55
    },
    {
      "variation_id": "Personal accomplishments_2415",
      "category": "Personal accomplishments",
      "identified_property": "song quality and cultural impact",
      "valence": "positive",
      "n_comparisons": 30,
      "n_monotonic": 14,
      "monotonicity_rate": 0.4666666666666667,
      "n_monotonic_decreasing": 6,
      "monotonicity_rate_decreasing": 0.2,
      "set_inferred_direction": 1,
      "n_monotonic_inferred_direction": 14,
      "monotonicity_rate_inferred_direction": 0.4666666666666667,
      "n_erratic_flips": 0,
      "erratic_flip_rate": 0.0,
      "mean_kendall_tau": 0.49909828016567265,
      "mean_spearman_rho": 0.6136046449852964,
      "jt_significant_rate": 0.6666666666666666,
      "mean_logistic_slope": 4.700011236664539,
      "logistic_significant_rate": 0.4666666666666667,
      "mean_isotonic_r2": 0.8910597359282781,
      "mean_kendall_tau_abs": 0.4335397034153308,
      "mean_spearman_rho_abs": 0.48572380266319926,
      "mean_logistic_slope_abs": 4.705547680771244,
      "mean_isotonic_r2_bidirectional": 0.8910597359282783,
      "frac_inferred_increasing": 0.7666666666666667,
      "frac_inferred_decreasing": 0.03333333333333333,
      "mean_bootstrap_mono_prob": 0.489,
      "mean_significant_violations": 0.0,
      "mean_prob_range": 0.5583333333333333
    },
    {
      "variation_id": "Personal accomplishments_3081",
      "category": "Personal accomplishments",
      "identified_property": "craftsmanship quality",
      "valence": "positive",
      "n_comparisons": 30,
      "n_monotonic": 17,
      "monotonicity_rate": 0.5666666666666667,
      "n_monotonic_decreasing": 6,
      "monotonicity_rate_decreasing": 0.2,
      "set_inferred_direction": 1,
      "n_monotonic_inferred_direction": 17,
      "monotonicity_rate_inferred_direction": 0.5666666666666667,
      "n_erratic_flips": 0,
      "erratic_flip_rate": 0.0,
      "mean_kendall_tau": 0.45634636872583634,
      "mean_spearman_rho": 0.5652704944168152,
      "jt_significant_rate": 0.6,
      "mean_logistic_slope": 5.872481638118222,
      "logistic_significant_rate": 0.43333333333333335,
      "mean_isotonic_r2": 0.8285437649866687,
      "mean_kendall_tau_abs": 0.46505110691099344,
      "mean_spearman_rho_abs": 0.5343514279164469,
      "mean_logistic_slope_abs": 5.935635874048736,
      "mean_isotonic_r2_bidirectional": 0.8689721684213042,
      "frac_inferred_increasing": 0.7,
      "frac_inferred_decreasing": 0.1,
      "mean_bootstrap_mono_prob": 0.58075,
      "mean_significant_violations": 0.03333333333333333,
      "mean_prob_range": 0.43342105263157893
    },
    {
      "variation_id": "Personal accomplishments_6412",
      "category": "Personal accomplishments",
      "identified_property": "popularity/success level",
      "valence": "positive",
      "n_comparisons": 30,
      "n_monotonic": 12,
      "monotonicity_rate": 0.4,
      "n_monotonic_decreasing": 7,
      "monotonicity_rate_decreasing": 0.23333333333333334,
      "set_inferred_direction": 1,
      "n_monotonic_inferred_direction": 12,
      "monotonicity_rate_inferred_direction": 0.4,
      "n_erratic_flips": 0,
      "erratic_flip_rate": 0.0,
      "mean_kendall_tau": 0.22861665625501904,
      "mean_spearman_rho": 0.3000293235779487,
      "jt_significant_rate": 0.5333333333333333,
      "mean_logistic_slope": 4.247022150773053,
      "logistic_significant_rate": 0.3333333333333333,
      "mean_isotonic_r2": 0.7714314005637686,
      "mean_kendall_tau_abs": 0.35222907755409527,
      "mean_spearman_rho_abs": 0.4300882653784699,
      "mean_logistic_slope_abs": 4.387207970568397,
      "mean_isotonic_r2_bidirectional": 0.87409316983738,
      "frac_inferred_increasing": 0.6,
      "frac_inferred_decreasing": 0.16666666666666666,
      "mean_bootstrap_mono_prob": 0.4691666666666666,
      "mean_significant_violations": 0.0,
      "mean_prob_range": 0.385
    },
    {
      "variation_id": "Personal accomplishments_6851",
      "category": "Personal accomplishments",
      "identified_property": "virality and cultural impact",
      "valence": "positive",
      "n_comparisons": 30,
      "n_monotonic": 13,
      "monotonicity_rate": 0.43333333333333335,
      "n_monotonic_decreasing": 8,
      "monotonicity_rate_decreasing": 0.26666666666666666,
      "set_inferred_direction": 1,
      "n_monotonic_inferred_direction": 13,
      "monotonicity_rate_inferred_direction": 0.43333333333333335,
      "n_erratic_flips": 0,
      "erratic_flip_rate": 0.0,
      "mean_kendall_tau": 0.1860480161101476,
      "mean_spearman_rho": 0.23483153821053473,
      "jt_significant_rate": 0.3,
      "mean_logistic_slope": 2.3009497592297974,
      "logistic_significant_rate": 0.2,
      "mean_isotonic_r2": 0.6482567282322933,
      "mean_kendall_tau_abs": 0.3529566904388186,
      "mean_spearman_rho_abs": 0.409795860040635,
      "mean_logistic_slope_abs": 2.460264706979649,
      "mean_isotonic_r2_bidirectional": 0.7526039191795421,
      "frac_inferred_increasing": 0.5,
      "frac_inferred_decreasing": 0.23333333333333334,
      "mean_bootstrap_mono_prob": 0.45365,
      "mean_significant_violations": 0.1,
      "mean_prob_range": 0.28666666666666674
    },
    {
      "variation_id": "Personal accomplishments_8302",
      "category": "Personal accomplishments",
      "identified_property": "algorithm significance and impact",
      "valence": "positive",
      "n_comparisons": 30,
      "n_monotonic": 12,
      "monotonicity_rate": 0.4,
      "n_monotonic_decreasing": 2,
      "monotonicity_rate_decreasing": 0.06666666666666667,
      "set_inferred_direction": 1,
      "n_monotonic_inferred_direction": 12,