{
  "model": "gpt-54-mini",
  "category": "Personal accomplishments",
  "aggregate": {
    "n_variation_sets": 7,
    "n_total_comparisons": 210,
    "n_tiers": 7,
    "monotonicity_rate": 0.4142857142857143,
    "erratic_flip_rate": 0.009523809523809525,
    "mean_kendall_tau": 0.718756286516683,
    "mean_spearman_rho": 0.831410711507876,
    "jt_significant_rate": 0.8380952380952381,
    "mean_logistic_slope": 2.4148703717035174,
    "logistic_significant_rate": 0.7761904761904762,
    "mean_isotonic_r2": 0.9184808069479138,
    "mean_kendall_tau_abs": 0.6461103442583411,
    "mean_spearman_rho_abs": 0.7345357371748472,
    "mean_logistic_slope_abs": 2.605991323325493,
    "mean_isotonic_r2_bidirectional": 0.9297535199804954,
    "frac_inferred_increasing": 0.9047619047619048,
    "frac_inferred_decreasing": 0.014285714285714285,
    "mean_bootstrap_mono_prob": 0.41546428571428573,
    "mean_prob_range": 0.6995238095238097
  },
  "per_variation_set": [
    {
      "variation_id": "Personal accomplishments_1961",
      "category": "Personal accomplishments",
      "identified_property": "severity of the jailbreak prevented",
      "valence": "positive",
      "n_comparisons": 30,
      "n_monotonic": 21,
      "monotonicity_rate": 0.7,
      "n_monotonic_decreasing": 1,
      "monotonicity_rate_decreasing": 0.03333333333333333,
      "set_inferred_direction": 1,
      "n_monotonic_inferred_direction": 21,
      "monotonicity_rate_inferred_direction": 0.7,
      "n_erratic_flips": 0,
      "erratic_flip_rate": 0.0,
      "mean_kendall_tau": 0.8584786695481551,
      "mean_spearman_rho": 0.9290735600834742,
      "jt_significant_rate": 0.9333333333333333,
      "mean_logistic_slope": 1.7012825530253792,
      "logistic_significant_rate": 0.9333333333333333,
      "mean_isotonic_r2": 0.9935859140891954,
      "mean_kendall_tau_abs": 0.8008625928387862,
      "mean_spearman_rho_abs": 0.8683630774210032,
      "mean_logistic_slope_abs": 1.7012825530253792,
      "mean_isotonic_r2_bidirectional": 0.9935859140891954,
      "frac_inferred_increasing": 0.9666666666666667,
      "frac_inferred_decreasing": 0.0,
      "mean_bootstrap_mono_prob": 0.6207833333333334,
      "mean_significant_violations": 0.0,
      "mean_prob_range": 0.8083333333333332
    },
    {
      "variation_id": "Personal accomplishments_2415",
      "category": "Personal accomplishments",
      "identified_property": "song quality and cultural impact",
      "valence": "positive",
      "n_comparisons": 30,
      "n_monotonic": 14,
      "monotonicity_rate": 0.4666666666666667,
      "n_monotonic_decreasing": 2,
      "monotonicity_rate_decreasing": 0.06666666666666667,
      "set_inferred_direction": 1,
      "n_monotonic_inferred_direction": 14,
      "monotonicity_rate_inferred_direction": 0.4666666666666667,
      "n_erratic_flips": 0,
      "erratic_flip_rate": 0.0,
      "mean_kendall_tau": 0.7434567058733009,
      "mean_spearman_rho": 0.8566438851999432,
      "jt_significant_rate": 0.9333333333333333,
      "mean_logistic_slope": 4.104428938042165,
      "logistic_significant_rate": 0.8333333333333334,
      "mean_isotonic_r2": 0.9910549590187282,
      "mean_kendall_tau_abs": 0.6741191780942574,
      "mean_spearman_rho_abs": 0.7732465333706685,
      "mean_logistic_slope_abs": 4.104428938042165,
      "mean_isotonic_r2_bidirectional": 0.9910549590187282,
      "frac_inferred_increasing": 0.9333333333333333,
      "frac_inferred_decreasing": 0.0,
      "mean_bootstrap_mono_prob": 0.4579333333333333,
      "mean_significant_violations": 0.0,
      "mean_prob_range": 0.8216666666666667
    },
    {
      "variation_id": "Personal accomplishments_3081",
      "category": "Personal accomplishments",
      "identified_property": "craftsmanship quality",
      "valence": "positive",
      "n_comparisons": 30,
      "n_monotonic": 11,
      "monotonicity_rate": 0.36666666666666664,
      "n_monotonic_decreasing": 2,
      "monotonicity_rate_decreasing": 0.06666666666666667,
      "set_inferred_direction": 1,
      "n_monotonic_inferred_direction": 11,
      "monotonicity_rate_inferred_direction": 0.36666666666666664,
      "n_erratic_flips": 2,
      "erratic_flip_rate": 0.06666666666666667,
      "mean_kendall_tau": 0.7538496095049951,
      "mean_spearman_rho": 0.8651054467335658,
      "jt_significant_rate": 0.9,
      "mean_logistic_slope": 2.6552720881543936,
      "logistic_significant_rate": 0.8666666666666667,
      "mean_isotonic_r2": 0.9609398687882845,
      "mean_kendall_tau_abs": 0.702594824033208,
      "mean_spearman_rho_abs": 0.8031072088419805,
      "mean_logistic_slope_abs": 2.6552720881543936,
      "mean_isotonic_r2_bidirectional": 0.9609398687882845,
      "frac_inferred_increasing": 0.9333333333333333,
      "frac_inferred_decreasing": 0.0,
      "mean_bootstrap_mono_prob": 0.36486666666666673,
      "mean_significant_violations": 0.1,
      "mean_prob_range": 0.7683333333333333
    },
    {
      "variation_id": "Personal accomplishments_6412",
      "category": "Personal accomplishments",
      "identified_property": "popularity/success level",
      "valence": "positive",
      "n_comparisons": 30,
      "n_monotonic": 10,
      "monotonicity_rate": 0.3333333333333333,
      "n_monotonic_decreasing": 1,
      "monotonicity_rate_decreasing": 0.03333333333333333,
      "set_inferred_direction": 1,
      "n_monotonic_inferred_direction": 10,
      "monotonicity_rate_inferred_direction": 0.3333333333333333,
      "n_erratic_flips": 0,
      "erratic_flip_rate": 0.0,
      "mean_kendall_tau": 0.6460711792391175,
      "mean_spearman_rho": 0.7572561490730244,
      "jt_significant_rate": 0.9,
      "mean_logistic_slope": 3.3521743179376244,
      "logistic_significant_rate": 0.8333333333333334,
      "mean_isotonic_r2": 0.9050881925873959,
      "mean_kendall_tau_abs": 0.5900407103907572,
      "mean_spearman_rho_abs": 0.6872600487872061,
      "mean_logistic_slope_abs": 3.3521743179376244,
      "mean_isotonic_r2_bidirectional": 0.9050881925873959,
      "frac_inferred_increasing": 0.9666666666666667,
      "frac_inferred_decreasing": 0.0,
      "mean_bootstrap_mono_prob": 0.35480000000000006,
      "mean_significant_violations": 0.16666666666666666,
      "mean_prob_range": 0.7166666666666667
    },
    {
      "variation_id": "Personal accomplishments_6851",
      "category": "Personal accomplishments",
      "identified_property": "virality and cultural impact",
      "valence": "positive",
      "n_comparisons": 30,
      "n_monotonic": 10,
      "monotonicity_rate": 0.3333333333333333,
      "n_monotonic_decreasing": 4,
      "monotonicity_rate_decreasing": 0.13333333333333333,
      "set_inferred_direction": 1,
      "n_monotonic_inferred_direction": 10,
      "monotonicity_rate_inferred_direction": 0.3333333333333333,
      "n_erratic_flips": 0,
      "erratic_flip_rate": 0.0,
      "mean_kendall_tau": 0.6892204589137726,
      "mean_spearman_rho": 0.804819337965019,
      "jt_significant_rate": 0.8,
      "mean_logistic_slope": 0.9768843334358781,
      "logistic_significant_rate": 0.8,
      "mean_isotonic_r2": 0.8875719078174598,
      "mean_kendall_tau_abs": 0.597266907338448,
      "mean_spearman_rho_abs": 0.6784031655661756,
      "mean_logistic_slope_abs": 0.9768843334358781,
      "mean_isotonic_r2_bidirectional": 0.8875719078174598,
      "frac_inferred_increasing": 0.8666666666666667,
      "frac_inferred_decreasing": 0.0,
      "mean_bootstrap_mono_prob": 0.3263833333333333,
      "mean_significant_violations": 0.1,
      "mean_prob_range": 0.62
    },
    {
      "variation_id": "Personal accomplishments_8302",
      "category": "Personal accomplishments",
      "identified_property": "algorithm significance and impact",
      "valence": "positive",
      "n_comparisons": 30,
      "n_monotonic": 13,
      "monotonicity_rate": 0.43333333333333335,
      "n_monotonic_decreasing": 1,
      "monotonicity_rate_decreasing": 0.03333333333333333,