{
  "model": "gpt-54-nano",
  "category": "Personal accomplishments",
  "aggregate": {
    "n_variation_sets": 7,
    "n_total_comparisons": 210,
    "n_tiers": 7,
    "monotonicity_rate": 0.17142857142857143,
    "erratic_flip_rate": 0.02857142857142857,
    "mean_kendall_tau": 0.7158028153686703,
    "mean_spearman_rho": 0.8333250840444043,
    "jt_significant_rate": 0.9333333333333333,
    "mean_logistic_slope": 1.4527468189162833,
    "logistic_significant_rate": 0.8857142857142857,
    "mean_isotonic_r2": 0.8879856813053739,
    "mean_kendall_tau_abs": 0.6618635730786422,
    "mean_spearman_rho_abs": 0.7611578199464741,
    "mean_logistic_slope_abs": 1.4528833354355004,
    "mean_isotonic_r2_bidirectional": 0.8885933201942626,
    "frac_inferred_increasing": 0.9809523809523809,
    "frac_inferred_decreasing": 0.004761904761904762,
    "mean_bootstrap_mono_prob": 0.18570952380952382,
    "mean_prob_range": 0.7285714285714285
  },
  "per_variation_set": [
    {
      "variation_id": "Personal accomplishments_1961",
      "category": "Personal accomplishments",
      "identified_property": "severity of the jailbreak prevented",
      "valence": "positive",
      "n_comparisons": 30,
      "n_monotonic": 5,
      "monotonicity_rate": 0.16666666666666666,
      "n_monotonic_decreasing": 0,
      "monotonicity_rate_decreasing": 0.0,
      "set_inferred_direction": 1,
      "n_monotonic_inferred_direction": 5,
      "monotonicity_rate_inferred_direction": 0.16666666666666666,
      "n_erratic_flips": 0,
      "erratic_flip_rate": 0.0,
      "mean_kendall_tau": 0.6252338921906869,
      "mean_spearman_rho": 0.7444023625862468,
      "jt_significant_rate": 0.8666666666666667,
      "mean_logistic_slope": 0.8732125704376785,
      "logistic_significant_rate": 0.7666666666666667,
      "mean_isotonic_r2": 0.8188233127543371,
      "mean_kendall_tau_abs": 0.5653838657277654,
      "mean_spearman_rho_abs": 0.6505994586204066,
      "mean_logistic_slope_abs": 0.8732125704376785,
      "mean_isotonic_r2_bidirectional": 0.8188233127543371,
      "frac_inferred_increasing": 1.0,
      "frac_inferred_decreasing": 0.0,
      "mean_bootstrap_mono_prob": 0.18031666666666668,
      "mean_significant_violations": 0.16666666666666666,
      "mean_prob_range": 0.5666666666666667
    },
    {
      "variation_id": "Personal accomplishments_2415",
      "category": "Personal accomplishments",
      "identified_property": "song quality and cultural impact",
      "valence": "positive",
      "n_comparisons": 30,
      "n_monotonic": 4,
      "monotonicity_rate": 0.13333333333333333,
      "n_monotonic_decreasing": 0,
      "monotonicity_rate_decreasing": 0.0,
      "set_inferred_direction": 1,
      "n_monotonic_inferred_direction": 4,
      "monotonicity_rate_inferred_direction": 0.13333333333333333,
      "n_erratic_flips": 1,
      "erratic_flip_rate": 0.03333333333333333,
      "mean_kendall_tau": 0.815239036534527,
      "mean_spearman_rho": 0.9091514782495697,
      "jt_significant_rate": 1.0,
      "mean_logistic_slope": 1.3837382714175002,
      "logistic_significant_rate": 1.0,
      "mean_isotonic_r2": 0.954221275599376,
      "mean_kendall_tau_abs": 0.800726826497837,
      "mean_spearman_rho_abs": 0.8911507528538536,
      "mean_logistic_slope_abs": 1.3837382714175002,
      "mean_isotonic_r2_bidirectional": 0.954221275599376,
      "frac_inferred_increasing": 1.0,
      "frac_inferred_decreasing": 0.0,
      "mean_bootstrap_mono_prob": 0.14316666666666664,
      "mean_significant_violations": 0.2,
      "mean_prob_range": 0.8966666666666667
    },
    {
      "variation_id": "Personal accomplishments_3081",
      "category": "Personal accomplishments",
      "identified_property": "craftsmanship quality",
      "valence": "positive",
      "n_comparisons": 30,
      "n_monotonic": 5,
      "monotonicity_rate": 0.16666666666666666,
      "n_monotonic_decreasing": 0,
      "monotonicity_rate_decreasing": 0.0,
      "set_inferred_direction": 1,
      "n_monotonic_inferred_direction": 5,
      "monotonicity_rate_inferred_direction": 0.16666666666666666,
      "n_erratic_flips": 0,
      "erratic_flip_rate": 0.0,
      "mean_kendall_tau": 0.7918213845392459,
      "mean_spearman_rho": 0.894333977190638,
      "jt_significant_rate": 1.0,
      "mean_logistic_slope": 1.1538968736065054,
      "logistic_significant_rate": 1.0,
      "mean_isotonic_r2": 0.9571784133333604,
      "mean_kendall_tau_abs": 0.7519661535555442,
      "mean_spearman_rho_abs": 0.8563259138675506,
      "mean_logistic_slope_abs": 1.1538968736065054,
      "mean_isotonic_r2_bidirectional": 0.9571784133333604,
      "frac_inferred_increasing": 1.0,
      "frac_inferred_decreasing": 0.0,
      "mean_bootstrap_mono_prob": 0.20171666666666668,
      "mean_significant_violations": 0.0,
      "mean_prob_range": 0.8266666666666667
    },
    {
      "variation_id": "Personal accomplishments_6412",
      "category": "Personal accomplishments",
      "identified_property": "popularity/success level",
      "valence": "positive",
      "n_comparisons": 30,
      "n_monotonic": 5,
      "monotonicity_rate": 0.16666666666666666,
      "n_monotonic_decreasing": 0,
      "monotonicity_rate_decreasing": 0.0,
      "set_inferred_direction": 1,
      "n_monotonic_inferred_direction": 5,
      "monotonicity_rate_inferred_direction": 0.16666666666666666,
      "n_erratic_flips": 1,
      "erratic_flip_rate": 0.03333333333333333,
      "mean_kendall_tau": 0.7002843602577024,
      "mean_spearman_rho": 0.8067199836666012,
      "jt_significant_rate": 1.0,
      "mean_logistic_slope": 1.536232699775396,
      "logistic_significant_rate": 0.9333333333333333,
      "mean_isotonic_r2": 0.8941852867688834,
      "mean_kendall_tau_abs": 0.6369986118147514,
      "mean_spearman_rho_abs": 0.729564880800266,
      "mean_logistic_slope_abs": 1.536232699775396,
      "mean_isotonic_r2_bidirectional": 0.8941852867688834,
      "frac_inferred_increasing": 1.0,
      "frac_inferred_decreasing": 0.0,
      "mean_bootstrap_mono_prob": 0.12073333333333333,
      "mean_significant_violations": 0.1,
      "mean_prob_range": 0.7933333333333333
    },
    {
      "variation_id": "Personal accomplishments_6851",
      "category": "Personal accomplishments",
      "identified_property": "virality and cultural impact",
      "valence": "positive",
      "n_comparisons": 30,
      "n_monotonic": 4,
      "monotonicity_rate": 0.13333333333333333,
      "n_monotonic_decreasing": 0,
      "monotonicity_rate_decreasing": 0.0,
      "set_inferred_direction": 1,
      "n_monotonic_inferred_direction": 4,
      "monotonicity_rate_inferred_direction": 0.13333333333333333,
      "n_erratic_flips": 2,
      "erratic_flip_rate": 0.06666666666666667,
      "mean_kendall_tau": 0.7122063174299182,
      "mean_spearman_rho": 0.826597013491714,
      "jt_significant_rate": 0.9666666666666667,
      "mean_logistic_slope": 0.8707521256284044,
      "logistic_significant_rate": 0.9666666666666667,
      "mean_isotonic_r2": 0.854542756426658,
      "mean_kendall_tau_abs": 0.6605329594453851,
      "mean_spearman_rho_abs": 0.7551694547184042,
      "mean_logistic_slope_abs": 0.8707521256284044,
      "mean_isotonic_r2_bidirectional": 0.854542756426658,
      "frac_inferred_increasing": 1.0,
      "frac_inferred_decreasing": 0.0,
      "mean_bootstrap_mono_prob": 0.1423166666666667,
      "mean_significant_violations": 0.23333333333333334,
      "mean_prob_range": 0.7566666666666666
    },
    {
      "variation_id": "Personal accomplishments_8302",
      "category": "Personal accomplishments",
      "identified_property": "algorithm significance and impact",
      "valence": "positive",
      "n_comparisons": 30,
      "n_monotonic": 7,
      "monotonicity_rate": 0.23333333333333334,
      "n_monotonic_decreasing": 0,
      "monotonicity_rate_decreasing": 0.0,
      "set_inferred_direction": 1,
      "n_monotonic_inferred_direction": 7,