{
  "model": "gpt-54",
  "category": "Personal accomplishments",
  "aggregate": {
    "n_variation_sets": 7,
    "n_total_comparisons": 210,
    "n_tiers": 7,
    "monotonicity_rate": 0.3380952380952381,
    "erratic_flip_rate": 0.014285714285714285,
    "mean_kendall_tau": 0.49302548811852487,
    "mean_spearman_rho": 0.6038822940585574,
    "jt_significant_rate": 0.6428571428571429,
    "mean_logistic_slope": 2.117761576927772,
    "logistic_significant_rate": 0.5523809523809524,
    "mean_isotonic_r2": 0.7430767513965316,
    "mean_kendall_tau_abs": 0.5060107002893692,
    "mean_spearman_rho_abs": 0.5899475784769643,
    "mean_logistic_slope_abs": 2.3996249178531115,
    "mean_isotonic_r2_bidirectional": 0.8199961032816255,
    "frac_inferred_increasing": 0.7619047619047619,
    "frac_inferred_decreasing": 0.14761904761904762,
    "mean_bootstrap_mono_prob": 0.3447857142857143,
    "mean_prob_range": 0.5444583681425786
  },
  "per_variation_set": [
    {
      "variation_id": "Personal accomplishments_1961",
      "category": "Personal accomplishments",
      "identified_property": "severity of the jailbreak prevented",
      "valence": "positive",
      "n_comparisons": 30,
      "n_monotonic": 22,
      "monotonicity_rate": 0.7333333333333333,
      "n_monotonic_decreasing": 1,
      "monotonicity_rate_decreasing": 0.03333333333333333,
      "set_inferred_direction": 1,
      "n_monotonic_inferred_direction": 22,
      "monotonicity_rate_inferred_direction": 0.7333333333333333,
      "n_erratic_flips": 0,
      "erratic_flip_rate": 0.0,
      "mean_kendall_tau": 0.7766249222264379,
      "mean_spearman_rho": 0.8664608807502499,
      "jt_significant_rate": 0.9666666666666667,
      "mean_logistic_slope": 5.871191999402767,
      "logistic_significant_rate": 0.8,
      "mean_isotonic_r2": 0.9951508687815361,
      "mean_kendall_tau_abs": 0.740597597585937,
      "mean_spearman_rho_abs": 0.8216639687869686,
      "mean_logistic_slope_abs": 5.871191999402767,
      "mean_isotonic_r2_bidirectional": 0.9951508687815361,
      "frac_inferred_increasing": 0.9666666666666667,
      "frac_inferred_decreasing": 0.0,
      "mean_bootstrap_mono_prob": 0.6958333333333333,
      "mean_significant_violations": 0.0,
      "mean_prob_range": 0.8416666666666667
    },
    {
      "variation_id": "Personal accomplishments_2415",
      "category": "Personal accomplishments",
      "identified_property": "song quality and cultural impact",
      "valence": "positive",
      "n_comparisons": 30,
      "n_monotonic": 6,
      "monotonicity_rate": 0.2,
      "n_monotonic_decreasing": 3,
      "monotonicity_rate_decreasing": 0.1,
      "set_inferred_direction": 1,
      "n_monotonic_inferred_direction": 6,
      "monotonicity_rate_inferred_direction": 0.2,
      "n_erratic_flips": 1,
      "erratic_flip_rate": 0.03333333333333333,
      "mean_kendall_tau": 0.48932559984683005,
      "mean_spearman_rho": 0.6196745157915459,
      "jt_significant_rate": 0.6333333333333333,
      "mean_logistic_slope": 0.7078536591225373,
      "logistic_significant_rate": 0.6,
      "mean_isotonic_r2": 0.6952101185709317,
      "mean_kendall_tau_abs": 0.5123259457358625,
      "mean_spearman_rho_abs": 0.6016459858723192,
      "mean_logistic_slope_abs": 0.7642389485143932,
      "mean_isotonic_r2_bidirectional": 0.7560898975704783,
      "frac_inferred_increasing": 0.8,
      "frac_inferred_decreasing": 0.1,
      "mean_bootstrap_mono_prob": 0.20156666666666664,
      "mean_significant_violations": 0.2,
      "mean_prob_range": 0.55
    },
    {
      "variation_id": "Personal accomplishments_3081",
      "category": "Personal accomplishments",
      "identified_property": "craftsmanship quality",
      "valence": "positive",
      "n_comparisons": 30,
      "n_monotonic": 8,
      "monotonicity_rate": 0.26666666666666666,
      "n_monotonic_decreasing": 1,
      "monotonicity_rate_decreasing": 0.03333333333333333,
      "set_inferred_direction": 1,
      "n_monotonic_inferred_direction": 8,
      "monotonicity_rate_inferred_direction": 0.26666666666666666,
      "n_erratic_flips": 0,
      "erratic_flip_rate": 0.0,
      "mean_kendall_tau": 0.5498118658303099,
      "mean_spearman_rho": 0.6707854019031714,
      "jt_significant_rate": 0.8,
      "mean_logistic_slope": 2.864695626060768,
      "logistic_significant_rate": 0.6333333333333333,
      "mean_isotonic_r2": 0.83604250085455,
      "mean_kendall_tau_abs": 0.508871798262687,
      "mean_spearman_rho_abs": 0.6093383179825369,
      "mean_logistic_slope_abs": 2.871150048857606,
      "mean_isotonic_r2_bidirectional": 0.8427351437236635,
      "frac_inferred_increasing": 0.9333333333333333,
      "frac_inferred_decreasing": 0.03333333333333333,
      "mean_bootstrap_mono_prob": 0.27890000000000004,
      "mean_significant_violations": 0.06666666666666667,
      "mean_prob_range": 0.5333333333333333
    },
    {
      "variation_id": "Personal accomplishments_6412",
      "category": "Personal accomplishments",
      "identified_property": "popularity/success level",
      "valence": "positive",
      "n_comparisons": 30,
      "n_monotonic": 6,
      "monotonicity_rate": 0.2,
      "n_monotonic_decreasing": 1,
      "monotonicity_rate_decreasing": 0.03333333333333333,
      "set_inferred_direction": 1,
      "n_monotonic_inferred_direction": 6,
      "monotonicity_rate_inferred_direction": 0.2,
      "n_erratic_flips": 1,
      "erratic_flip_rate": 0.03333333333333333,
      "mean_kendall_tau": 0.42262734005070124,
      "mean_spearman_rho": 0.5082938444547097,
      "jt_significant_rate": 0.6666666666666666,
      "mean_logistic_slope": 1.3617693486228384,
      "logistic_significant_rate": 0.5666666666666667,
      "mean_isotonic_r2": 0.7154860876071282,
      "mean_kendall_tau_abs": 0.4375503535579791,
      "mean_spearman_rho_abs": 0.5127132757713252,
      "mean_logistic_slope_abs": 1.4478998647912706,
      "mean_isotonic_r2_bidirectional": 0.78701926747968,
      "frac_inferred_increasing": 0.8,
      "frac_inferred_decreasing": 0.16666666666666666,
      "mean_bootstrap_mono_prob": 0.22035000000000002,
      "mean_significant_violations": 0.1,
      "mean_prob_range": 0.4933333333333333
    },
    {
      "variation_id": "Personal accomplishments_6851",
      "category": "Personal accomplishments",
      "identified_property": "virality and cultural impact",
      "valence": "positive",
      "n_comparisons": 30,
      "n_monotonic": 9,
      "monotonicity_rate": 0.3,
      "n_monotonic_decreasing": 6,
      "monotonicity_rate_decreasing": 0.2,
      "set_inferred_direction": 1,
      "n_monotonic_inferred_direction": 9,
      "monotonicity_rate_inferred_direction": 0.3,
      "n_erratic_flips": 1,
      "erratic_flip_rate": 0.03333333333333333,
      "mean_kendall_tau": 0.16172993498029045,
      "mean_spearman_rho": 0.19277684692678249,
      "jt_significant_rate": 0.3333333333333333,
      "mean_logistic_slope": 0.19935373362088715,
      "logistic_significant_rate": 0.3,
      "mean_isotonic_r2": 0.5716041330378041,
      "mean_kendall_tau_abs": 0.36365686575488093,
      "mean_spearman_rho_abs": 0.44883911515815383,
      "mean_logistic_slope_abs": 0.4343995856564794,
      "mean_isotonic_r2_bidirectional": 0.7587313656336048,
      "frac_inferred_increasing": 0.43333333333333335,
      "frac_inferred_decreasing": 0.36666666666666664,
      "mean_bootstrap_mono_prob": 0.3121333333333334,
      "mean_significant_violations": 0.3333333333333333,
      "mean_prob_range": 0.36787524366471736
    },
    {
      "variation_id": "Personal accomplishments_8302",
      "category": "Personal accomplishments",
      "identified_property": "algorithm significance and impact",
      "valence": "positive",
      "n_comparisons": 30,
      "n_monotonic": 13,
      "monotonicity_rate": 0.43333333333333335,
      "n_monotonic_decreasing": 1,
      "monotonicity_rate_decreasing": 0.03333333333333333,
      "set_inferred_direction": 1,