{
  "model": "ministral-3b-2512-openrouter",
  "category": "Personal accomplishments",
  "aggregate": {
    "n_variation_sets": 7,
    "n_total_comparisons": 210,
    "n_tiers": 7,
    "monotonicity_rate": 0.5333333333333333,
    "erratic_flip_rate": 0.009523809523809525,
    "mean_kendall_tau": 0.6839417728783505,
    "mean_spearman_rho": 0.8040858359218094,
    "jt_significant_rate": 0.8761904761904762,
    "mean_logistic_slope": 10.334778449849152,
    "logistic_significant_rate": 0.580952380952381,
    "mean_isotonic_r2": 0.9386885115901386,
    "mean_kendall_tau_abs": 0.6259106480201656,
    "mean_spearman_rho_abs": 0.7177954509814436,
    "mean_logistic_slope_abs": 10.33545553667898,
    "mean_isotonic_r2_bidirectional": 0.9396211374142261,
    "frac_inferred_increasing": 0.9047619047619048,
    "frac_inferred_decreasing": 0.004761904761904762,
    "mean_bootstrap_mono_prob": 0.5036809523809523,
    "mean_prob_range": 0.7788095238095237
  },
  "per_variation_set": [
    {
      "variation_id": "Personal accomplishments_1961",
      "category": "Personal accomplishments",
      "identified_property": "severity of the jailbreak prevented",
      "valence": "positive",
      "n_comparisons": 30,
      "n_monotonic": 7,
      "monotonicity_rate": 0.23333333333333334,
      "n_monotonic_decreasing": 5,
      "monotonicity_rate_decreasing": 0.16666666666666666,
      "set_inferred_direction": 1,
      "n_monotonic_inferred_direction": 7,
      "monotonicity_rate_inferred_direction": 0.23333333333333334,
      "n_erratic_flips": 0,
      "erratic_flip_rate": 0.0,
      "mean_kendall_tau": 0.42262236128836206,
      "mean_spearman_rho": 0.5416267290125404,
      "jt_significant_rate": 0.7,
      "mean_logistic_slope": 1.3126465032569816,
      "logistic_significant_rate": 0.6666666666666666,
      "mean_isotonic_r2": 0.8603694936738673,
      "mean_kendall_tau_abs": 0.39072082012143344,
      "mean_spearman_rho_abs": 0.4578171618678609,
      "mean_logistic_slope_abs": 1.317386111065757,
      "mean_isotonic_r2_bidirectional": 0.8668978744424796,
      "frac_inferred_increasing": 0.8,
      "frac_inferred_decreasing": 0.03333333333333333,
      "mean_bootstrap_mono_prob": 0.27403333333333335,
      "mean_significant_violations": 0.13333333333333333,
      "mean_prob_range": 0.56
    },
    {
      "variation_id": "Personal accomplishments_2415",
      "category": "Personal accomplishments",
      "identified_property": "song quality and cultural impact",
      "valence": "positive",
      "n_comparisons": 30,
      "n_monotonic": 17,
      "monotonicity_rate": 0.5666666666666667,
      "n_monotonic_decreasing": 1,
      "monotonicity_rate_decreasing": 0.03333333333333333,
      "set_inferred_direction": 1,
      "n_monotonic_inferred_direction": 17,
      "monotonicity_rate_inferred_direction": 0.5666666666666667,
      "n_erratic_flips": 0,
      "erratic_flip_rate": 0.0,
      "mean_kendall_tau": 0.7821400938831267,
      "mean_spearman_rho": 0.8805121872300651,
      "jt_significant_rate": 0.9666666666666667,
      "mean_logistic_slope": 10.68951526214096,
      "logistic_significant_rate": 0.7,
      "mean_isotonic_r2": 0.9849185547897641,
      "mean_kendall_tau_abs": 0.7444676296936239,
      "mean_spearman_rho_abs": 0.8348533524900252,
      "mean_logistic_slope_abs": 10.68951526214096,
      "mean_isotonic_r2_bidirectional": 0.9849185547897641,
      "frac_inferred_increasing": 0.9666666666666667,
      "frac_inferred_decreasing": 0.0,
      "mean_bootstrap_mono_prob": 0.5032166666666666,
      "mean_significant_violations": 0.03333333333333333,
      "mean_prob_range": 0.9266666666666666
    },
    {
      "variation_id": "Personal accomplishments_3081",
      "category": "Personal accomplishments",
      "identified_property": "craftsmanship quality",
      "valence": "positive",
      "n_comparisons": 30,
      "n_monotonic": 19,
      "monotonicity_rate": 0.6333333333333333,
      "n_monotonic_decreasing": 0,
      "monotonicity_rate_decreasing": 0.0,
      "set_inferred_direction": 1,
      "n_monotonic_inferred_direction": 19,
      "monotonicity_rate_inferred_direction": 0.6333333333333333,
      "n_erratic_flips": 0,
      "erratic_flip_rate": 0.0,
      "mean_kendall_tau": 0.7531029029100266,
      "mean_spearman_rho": 0.8695924078597695,
      "jt_significant_rate": 1.0,
      "mean_logistic_slope": 18.834724554576006,
      "logistic_significant_rate": 0.5333333333333333,
      "mean_isotonic_r2": 0.9894401601121285,
      "mean_kendall_tau_abs": 0.7438661628086634,
      "mean_spearman_rho_abs": 0.8629730414376937,
      "mean_logistic_slope_abs": 18.834724554576006,
      "mean_isotonic_r2_bidirectional": 0.9894401601121285,
      "frac_inferred_increasing": 1.0,
      "frac_inferred_decreasing": 0.0,
      "mean_bootstrap_mono_prob": 0.5706000000000001,
      "mean_significant_violations": 0.06666666666666667,
      "mean_prob_range": 0.9299999999999999
    },
    {
      "variation_id": "Personal accomplishments_6412",
      "category": "Personal accomplishments",
      "identified_property": "popularity/success level",
      "valence": "positive",
      "n_comparisons": 30,
      "n_monotonic": 17,
      "monotonicity_rate": 0.5666666666666667,
      "n_monotonic_decreasing": 1,
      "monotonicity_rate_decreasing": 0.03333333333333333,
      "set_inferred_direction": 1,
      "n_monotonic_inferred_direction": 17,
      "monotonicity_rate_inferred_direction": 0.5666666666666667,
      "n_erratic_flips": 0,
      "erratic_flip_rate": 0.0,
      "mean_kendall_tau": 0.7559378609817133,
      "mean_spearman_rho": 0.8580918620472326,
      "jt_significant_rate": 0.9666666666666667,
      "mean_logistic_slope": 11.304280832975136,
      "logistic_significant_rate": 0.6333333333333333,
      "mean_isotonic_r2": 0.9740419311797857,
      "mean_kendall_tau_abs": 0.7182662304257694,
      "mean_spearman_rho_abs": 0.8067767005643681,
      "mean_logistic_slope_abs": 11.304280832975136,
      "mean_isotonic_r2_bidirectional": 0.9740419311797857,
      "frac_inferred_increasing": 0.9666666666666667,
      "frac_inferred_decreasing": 0.0,
      "mean_bootstrap_mono_prob": 0.48983333333333334,
      "mean_significant_violations": 0.13333333333333333,
      "mean_prob_range": 0.8716666666666666
    },
    {
      "variation_id": "Personal accomplishments_6851",
      "category": "Personal accomplishments",
      "identified_property": "virality and cultural impact",
      "valence": "positive",
      "n_comparisons": 30,
      "n_monotonic": 20,
      "monotonicity_rate": 0.6666666666666666,
      "n_monotonic_decreasing": 1,
      "monotonicity_rate_decreasing": 0.03333333333333333,
      "set_inferred_direction": 1,
      "n_monotonic_inferred_direction": 20,
      "monotonicity_rate_inferred_direction": 0.6666666666666666,
      "n_erratic_flips": 0,
      "erratic_flip_rate": 0.0,
      "mean_kendall_tau": 0.7644762645779027,
      "mean_spearman_rho": 0.858019169913823,
      "jt_significant_rate": 0.9333333333333333,
      "mean_logistic_slope": 9.725194087250525,
      "logistic_significant_rate": 0.6333333333333333,
      "mean_isotonic_r2": 0.9640887915300139,
      "mean_kendall_tau_abs": 0.7178561725062248,
      "mean_spearman_rho_abs": 0.7995563673834089,
      "mean_logistic_slope_abs": 9.725194087250525,
      "mean_isotonic_r2_bidirectional": 0.9640887915300139,
      "frac_inferred_increasing": 0.9666666666666667,
      "frac_inferred_decreasing": 0.0,
      "mean_bootstrap_mono_prob": 0.6471,
      "mean_significant_violations": 0.03333333333333333,
      "mean_prob_range": 0.8616666666666667
    },
    {
      "variation_id": "Personal accomplishments_8302",
      "category": "Personal accomplishments",
      "identified_property": "algorithm significance and impact",
      "valence": "positive",
      "n_comparisons": 30,
      "n_monotonic": 19,
      "monotonicity_rate": 0.6333333333333333,