{
  "model": "nemotron-3-super-thinking",
  "category": "Personal accomplishments",
  "aggregate": {
    "n_variation_sets": 7,
    "n_total_comparisons": 210,
    "n_tiers": 7,
    "monotonicity_rate": 0.580952380952381,
    "erratic_flip_rate": 0.0,
    "mean_kendall_tau": 0.6337753925192202,
    "mean_spearman_rho": 0.7459951780228689,
    "jt_significant_rate": 0.7142857142857143,
    "mean_logistic_slope": 8.593704491753064,
    "logistic_significant_rate": 0.4714285714285714,
    "mean_isotonic_r2": 0.9150798894538243,
    "mean_kendall_tau_abs": 0.5616433474396241,
    "mean_spearman_rho_abs": 0.6385798786932504,
    "mean_logistic_slope_abs": 8.598169386404383,
    "mean_isotonic_r2_bidirectional": 0.9251409774202918,
    "frac_inferred_increasing": 0.8238095238095238,
    "frac_inferred_decreasing": 0.02857142857142857,
    "mean_bootstrap_mono_prob": 0.5739904761904762,
    "mean_prob_range": 0.5766761904761905
  },
  "per_variation_set": [
    {
      "variation_id": "Personal accomplishments_1961",
      "category": "Personal accomplishments",
      "identified_property": "severity of the jailbreak prevented",
      "valence": "positive",
      "n_comparisons": 30,
      "n_monotonic": 23,
      "monotonicity_rate": 0.7666666666666667,
      "n_monotonic_decreasing": 5,
      "monotonicity_rate_decreasing": 0.16666666666666666,
      "set_inferred_direction": 1,
      "n_monotonic_inferred_direction": 23,
      "monotonicity_rate_inferred_direction": 0.7666666666666667,
      "n_erratic_flips": 0,
      "erratic_flip_rate": 0.0,
      "mean_kendall_tau": 0.5845560545971717,
      "mean_spearman_rho": 0.6892601105295395,
      "jt_significant_rate": 0.5666666666666667,
      "mean_logistic_slope": 11.440052188871283,
      "logistic_significant_rate": 0.3,
      "mean_isotonic_r2": 0.9704915771401696,
      "mean_kendall_tau_abs": 0.5350807970941307,
      "mean_spearman_rho_abs": 0.6067571096413086,
      "mean_logistic_slope_abs": 11.440052188871283,
      "mean_isotonic_r2_bidirectional": 0.9704915771401696,
      "frac_inferred_increasing": 0.8333333333333334,
      "frac_inferred_decreasing": 0.0,
      "mean_bootstrap_mono_prob": 0.8047833333333333,
      "mean_significant_violations": 0.0,
      "mean_prob_range": 0.3433833333333334
    },
    {
      "variation_id": "Personal accomplishments_2415",
      "category": "Personal accomplishments",
      "identified_property": "song quality and cultural impact",
      "valence": "positive",
      "n_comparisons": 30,
      "n_monotonic": 20,
      "monotonicity_rate": 0.6666666666666666,
      "n_monotonic_decreasing": 2,
      "monotonicity_rate_decreasing": 0.06666666666666667,
      "set_inferred_direction": 1,
      "n_monotonic_inferred_direction": 20,
      "monotonicity_rate_inferred_direction": 0.6666666666666666,
      "n_erratic_flips": 0,
      "erratic_flip_rate": 0.0,
      "mean_kendall_tau": 0.8203265965597324,
      "mean_spearman_rho": 0.8938390062062329,
      "jt_significant_rate": 0.9333333333333333,
      "mean_logistic_slope": 7.733885163240762,
      "logistic_significant_rate": 0.7,
      "mean_isotonic_r2": 0.9762398477521038,
      "mean_kendall_tau_abs": 0.7291716612715714,
      "mean_spearman_rho_abs": 0.8010581392244769,
      "mean_logistic_slope_abs": 7.733885163240762,
      "mean_isotonic_r2_bidirectional": 0.9762398477521038,
      "frac_inferred_increasing": 0.9333333333333333,
      "frac_inferred_decreasing": 0.0,
      "mean_bootstrap_mono_prob": 0.6095166666666667,
      "mean_significant_violations": 0.0,
      "mean_prob_range": 0.8114933333333334
    },
    {
      "variation_id": "Personal accomplishments_3081",
      "category": "Personal accomplishments",
      "identified_property": "craftsmanship quality",
      "valence": "positive",
      "n_comparisons": 30,
      "n_monotonic": 13,
      "monotonicity_rate": 0.43333333333333335,
      "n_monotonic_decreasing": 4,
      "monotonicity_rate_decreasing": 0.13333333333333333,
      "set_inferred_direction": 1,
      "n_monotonic_inferred_direction": 13,
      "monotonicity_rate_inferred_direction": 0.43333333333333335,
      "n_erratic_flips": 0,
      "erratic_flip_rate": 0.0,
      "mean_kendall_tau": 0.6396206390483871,
      "mean_spearman_rho": 0.7615078697302899,
      "jt_significant_rate": 0.7666666666666667,
      "mean_logistic_slope": 4.8858269451851735,
      "logistic_significant_rate": 0.6666666666666666,
      "mean_isotonic_r2": 0.9421478564627705,
      "mean_kendall_tau_abs": 0.5602705571523796,
      "mean_spearman_rho_abs": 0.6469601713949894,
      "mean_logistic_slope_abs": 4.8858269451851735,
      "mean_isotonic_r2_bidirectional": 0.9421478564627705,
      "frac_inferred_increasing": 0.8666666666666667,
      "frac_inferred_decreasing": 0.0,
      "mean_bootstrap_mono_prob": 0.43175,
      "mean_significant_violations": 0.0,
      "mean_prob_range": 0.6418533333333333
    },
    {
      "variation_id": "Personal accomplishments_6412",
      "category": "Personal accomplishments",
      "identified_property": "popularity/success level",
      "valence": "positive",
      "n_comparisons": 30,
      "n_monotonic": 11,
      "monotonicity_rate": 0.36666666666666664,
      "n_monotonic_decreasing": 3,
      "monotonicity_rate_decreasing": 0.1,
      "set_inferred_direction": 1,
      "n_monotonic_inferred_direction": 11,
      "monotonicity_rate_inferred_direction": 0.36666666666666664,
      "n_erratic_flips": 0,
      "erratic_flip_rate": 0.0,
      "mean_kendall_tau": 0.5506097496496081,
      "mean_spearman_rho": 0.6660709395061961,
      "jt_significant_rate": 0.7666666666666667,
      "mean_logistic_slope": 7.694879548335056,
      "logistic_significant_rate": 0.4666666666666667,
      "mean_isotonic_r2": 0.882707560867741,
      "mean_kendall_tau_abs": 0.5066219077349043,
      "mean_spearman_rho_abs": 0.596110718916593,
      "mean_logistic_slope_abs": 7.698780585151983,
      "mean_isotonic_r2_bidirectional": 0.8897067727124998,
      "frac_inferred_increasing": 0.8666666666666667,
      "frac_inferred_decreasing": 0.03333333333333333,
      "mean_bootstrap_mono_prob": 0.3894666666666666,
      "mean_significant_violations": 0.03333333333333333,
      "mean_prob_range": 0.6114033333333333
    },
    {
      "variation_id": "Personal accomplishments_6851",
      "category": "Personal accomplishments",
      "identified_property": "virality and cultural impact",
      "valence": "positive",
      "n_comparisons": 30,
      "n_monotonic": 17,
      "monotonicity_rate": 0.5666666666666667,
      "n_monotonic_decreasing": 5,
      "monotonicity_rate_decreasing": 0.16666666666666666,
      "set_inferred_direction": 1,
      "n_monotonic_inferred_direction": 17,
      "monotonicity_rate_inferred_direction": 0.5666666666666667,
      "n_erratic_flips": 0,
      "erratic_flip_rate": 0.0,
      "mean_kendall_tau": 0.6447470083516746,
      "mean_spearman_rho": 0.7601473122153586,
      "jt_significant_rate": 0.7666666666666667,
      "mean_logistic_slope": 2.4618534289380296,
      "logistic_significant_rate": 0.6,
      "mean_isotonic_r2": 0.9153378902328888,
      "mean_kendall_tau_abs": 0.5619673668530655,
      "mean_spearman_rho_abs": 0.6390590798451142,
      "mean_logistic_slope_abs": 2.4622410460492743,
      "mean_isotonic_r2_bidirectional": 0.9158559406180493,
      "frac_inferred_increasing": 0.8,
      "frac_inferred_decreasing": 0.03333333333333333,
      "mean_bootstrap_mono_prob": 0.5361833333333333,
      "mean_significant_violations": 0.0,
      "mean_prob_range": 0.49210666666666675
    },
    {
      "variation_id": "Personal accomplishments_8302",
      "category": "Personal accomplishments",
      "identified_property": "algorithm significance and impact",
      "valence": "positive",
      "n_comparisons": 30,
      "n_monotonic": 25,
      "monotonicity_rate": 0.8333333333333334,
      "n_monotonic_decreasing": 1,