{
  "model": "opus-46",
  "category": "Personal accomplishments",
  "aggregate": {
    "n_variation_sets": 7,
    "n_total_comparisons": 210,
    "n_tiers": 7,
    "monotonicity_rate": 0.6428571428571429,
    "erratic_flip_rate": 0.023809523809523808,
    "mean_kendall_tau": 0.4689511501418702,
    "mean_spearman_rho": 0.5751569341163005,
    "jt_significant_rate": 0.6190476190476191,
    "mean_logistic_slope": 7.747231122905062,
    "logistic_significant_rate": 0.36666666666666664,
    "mean_isotonic_r2": 0.8638082230559935,
    "mean_kendall_tau_abs": 0.4466431282942186,
    "mean_spearman_rho_abs": 0.5129216887088975,
    "mean_logistic_slope_abs": 7.81075880694643,
    "mean_isotonic_r2_bidirectional": 0.8982363601484993,
    "frac_inferred_increasing": 0.6571428571428571,
    "frac_inferred_decreasing": 0.07142857142857142,
    "mean_bootstrap_mono_prob": 0.6062119047619047,
    "mean_prob_range": 0.5550420168067227
  },
  "per_variation_set": [
    {
      "variation_id": "Personal accomplishments_1961",
      "category": "Personal accomplishments",
      "identified_property": "severity of the jailbreak prevented",
      "valence": "positive",
      "n_comparisons": 30,
      "n_monotonic": 20,
      "monotonicity_rate": 0.6666666666666666,
      "n_monotonic_decreasing": 5,
      "monotonicity_rate_decreasing": 0.16666666666666666,
      "set_inferred_direction": 1,
      "n_monotonic_inferred_direction": 20,
      "monotonicity_rate_inferred_direction": 0.6666666666666666,
      "n_erratic_flips": 0,
      "erratic_flip_rate": 0.0,
      "mean_kendall_tau": 0.6580567013492439,
      "mean_spearman_rho": 0.772261507976904,
      "jt_significant_rate": 0.8,
      "mean_logistic_slope": 10.017418297749318,
      "logistic_significant_rate": 0.5,
      "mean_isotonic_r2": 0.9429302895639889,
      "mean_kendall_tau_abs": 0.5875815751033162,
      "mean_spearman_rho_abs": 0.665098506969353,
      "mean_logistic_slope_abs": 10.017418297749318,
      "mean_isotonic_r2_bidirectional": 0.9429302895639889,
      "frac_inferred_increasing": 0.8333333333333334,
      "frac_inferred_decreasing": 0.0,
      "mean_bootstrap_mono_prob": 0.6068333333333332,
      "mean_significant_violations": 0.2,
      "mean_prob_range": 0.6686274509803921
    },
    {
      "variation_id": "Personal accomplishments_2415",
      "category": "Personal accomplishments",
      "identified_property": "song quality and cultural impact",
      "valence": "positive",
      "n_comparisons": 30,
      "n_monotonic": 21,
      "monotonicity_rate": 0.7,
      "n_monotonic_decreasing": 4,
      "monotonicity_rate_decreasing": 0.13333333333333333,
      "set_inferred_direction": 1,
      "n_monotonic_inferred_direction": 21,
      "monotonicity_rate_inferred_direction": 0.7,
      "n_erratic_flips": 0,
      "erratic_flip_rate": 0.0,
      "mean_kendall_tau": 0.6559900717029474,
      "mean_spearman_rho": 0.7663013433755251,
      "jt_significant_rate": 0.8333333333333334,
      "mean_logistic_slope": 10.24783584085612,
      "logistic_significant_rate": 0.5,
      "mean_isotonic_r2": 0.9370702474896097,
      "mean_kendall_tau_abs": 0.6000458870312163,
      "mean_spearman_rho_abs": 0.6794524471132897,
      "mean_logistic_slope_abs": 10.24783584085612,
      "mean_isotonic_r2_bidirectional": 0.9370702474896097,
      "frac_inferred_increasing": 0.8666666666666667,
      "frac_inferred_decreasing": 0.0,
      "mean_bootstrap_mono_prob": 0.6085666666666667,
      "mean_significant_violations": 0.2,
      "mean_prob_range": 0.6799999999999999
    },
    {
      "variation_id": "Personal accomplishments_3081",
      "category": "Personal accomplishments",
      "identified_property": "craftsmanship quality",
      "valence": "positive",
      "n_comparisons": 30,
      "n_monotonic": 19,
      "monotonicity_rate": 0.6333333333333333,
      "n_monotonic_decreasing": 10,
      "monotonicity_rate_decreasing": 0.3333333333333333,
      "set_inferred_direction": 1,
      "n_monotonic_inferred_direction": 19,
      "monotonicity_rate_inferred_direction": 0.6333333333333333,
      "n_erratic_flips": 0,
      "erratic_flip_rate": 0.0,
      "mean_kendall_tau": 0.3197130259641,
      "mean_spearman_rho": 0.38595083402431835,
      "jt_significant_rate": 0.5,
      "mean_logistic_slope": 7.363417988960225,
      "logistic_significant_rate": 0.23333333333333334,
      "mean_isotonic_r2": 0.8159133861209263,
      "mean_kendall_tau_abs": 0.32597379688809835,
      "mean_spearman_rho_abs": 0.379401978348482,
      "mean_logistic_slope_abs": 7.44040185595286,
      "mean_isotonic_r2_bidirectional": 0.8658394346860478,
      "frac_inferred_increasing": 0.5666666666666667,
      "frac_inferred_decreasing": 0.1,
      "mean_bootstrap_mono_prob": 0.6484166666666666,
      "mean_significant_violations": 0.3333333333333333,
      "mean_prob_range": 0.4716666666666667
    },
    {
      "variation_id": "Personal accomplishments_6412",
      "category": "Personal accomplishments",
      "identified_property": "popularity/success level",
      "valence": "positive",
      "n_comparisons": 30,
      "n_monotonic": 21,
      "monotonicity_rate": 0.7,
      "n_monotonic_decreasing": 10,
      "monotonicity_rate_decreasing": 0.3333333333333333,
      "set_inferred_direction": 1,
      "n_monotonic_inferred_direction": 21,
      "monotonicity_rate_inferred_direction": 0.7,
      "n_erratic_flips": 0,
      "erratic_flip_rate": 0.0,
      "mean_kendall_tau": 0.32840782787523615,
      "mean_spearman_rho": 0.4063855843764624,
      "jt_significant_rate": 0.6,
      "mean_logistic_slope": 8.14355167685863,
      "logistic_significant_rate": 0.3333333333333333,
      "mean_isotonic_r2": 0.8518064819968484,
      "mean_kendall_tau_abs": 0.3892540992341372,
      "mean_spearman_rho_abs": 0.4482106532607541,
      "mean_logistic_slope_abs": 8.317677278248544,
      "mean_isotonic_r2_bidirectional": 0.9268609482277852,
      "frac_inferred_increasing": 0.6,
      "frac_inferred_decreasing": 0.1,
      "mean_bootstrap_mono_prob": 0.6515166666666666,
      "mean_significant_violations": 0.26666666666666666,
      "mean_prob_range": 0.5533333333333333
    },
    {
      "variation_id": "Personal accomplishments_6851",
      "category": "Personal accomplishments",
      "identified_property": "virality and cultural impact",
      "valence": "positive",
      "n_comparisons": 30,
      "n_monotonic": 17,
      "monotonicity_rate": 0.5666666666666667,
      "n_monotonic_decreasing": 12,
      "monotonicity_rate_decreasing": 0.4,
      "set_inferred_direction": 1,
      "n_monotonic_inferred_direction": 17,
      "monotonicity_rate_inferred_direction": 0.5666666666666667,
      "n_erratic_flips": 1,
      "erratic_flip_rate": 0.03333333333333333,
      "mean_kendall_tau": 0.3220036870378397,
      "mean_spearman_rho": 0.41108276307955843,
      "jt_significant_rate": 0.43333333333333335,
      "mean_logistic_slope": 1.2274728423810795,
      "logistic_significant_rate": 0.4,
      "mean_isotonic_r2": 0.8104839660660509,
      "mean_kendall_tau_abs": 0.33756858174546217,
      "mean_spearman_rho_abs": 0.3998171133056465,
      "mean_logistic_slope_abs": 1.3100220222279448,
      "mean_isotonic_r2_bidirectional": 0.8571423953575941,
      "frac_inferred_increasing": 0.43333333333333335,
      "frac_inferred_decreasing": 0.16666666666666666,
      "mean_bootstrap_mono_prob": 0.5028166666666667,
      "mean_significant_violations": 0.3,
      "mean_prob_range": 0.4333333333333333
    },
    {
      "variation_id": "Personal accomplishments_8302",
      "category": "Personal accomplishments",
      "identified_property": "algorithm significance and impact",
      "valence": "positive",
      "n_comparisons": 30,
      "n_monotonic": 19,
      "monotonicity_rate": 0.6333333333333333,
      "n_monotonic_decreasing": 3,
      "monotonicity_rate_decreasing": 0.1,
      "set_inferred_direction": 1,