{
  "model": "glm-45-hybrid-thinking",
  "category": "Global politics and geopolitics",
  "aggregate": {
    "n_variation_sets": 7,
    "n_total_comparisons": 210,
    "n_tiers": 7,
    "monotonicity_rate": 0.8571428571428571,
    "erratic_flip_rate": 0.004761904761904762,
    "mean_kendall_tau": 0.5645567797916929,
    "mean_spearman_rho": 0.6707802267641618,
    "jt_significant_rate": 0.6476190476190476,
    "mean_logistic_slope": 11.222837476574117,
    "logistic_significant_rate": 0.2714285714285714,
    "mean_isotonic_r2": 0.9630555545022382,
    "mean_kendall_tau_abs": 0.48737905736150455,
    "mean_spearman_rho_abs": 0.5476060141922594,
    "mean_logistic_slope_abs": 11.222837476574117,
    "mean_isotonic_r2_bidirectional": 0.9630555545022382,
    "frac_inferred_increasing": 0.7095238095238096,
    "frac_inferred_decreasing": 0.0,
    "mean_bootstrap_mono_prob": 0.8529976190476191,
    "mean_prob_range": 0.46928571428571436
  },
  "per_variation_set": [
    {
      "variation_id": "Global politics and geopolitics_1337",
      "category": "Global politics and geopolitics",
      "identified_property": "benevolence and governance quality of the superpower",
      "valence": "positive",
      "n_comparisons": 30,
      "n_monotonic": 28,
      "monotonicity_rate": 0.9333333333333333,
      "n_monotonic_decreasing": 1,
      "monotonicity_rate_decreasing": 0.03333333333333333,
      "set_inferred_direction": 1,
      "n_monotonic_inferred_direction": 28,
      "monotonicity_rate_inferred_direction": 0.9333333333333333,
      "n_erratic_flips": 0,
      "erratic_flip_rate": 0.0,
      "mean_kendall_tau": 0.8229868317277742,
      "mean_spearman_rho": 0.9100709491261338,
      "jt_significant_rate": 0.9666666666666667,
      "mean_logistic_slope": 22.828733865345693,
      "logistic_significant_rate": 0.16666666666666666,
      "mean_isotonic_r2": 0.9999359878245943,
      "mean_kendall_tau_abs": 0.804336548764259,
      "mean_spearman_rho_abs": 0.8853513156322346,
      "mean_logistic_slope_abs": 22.828733865345693,
      "mean_isotonic_r2_bidirectional": 0.9999359878245943,
      "frac_inferred_increasing": 0.9666666666666667,
      "frac_inferred_decreasing": 0.0,
      "mean_bootstrap_mono_prob": 0.9410833333333333,
      "mean_significant_violations": 0.0,
      "mean_prob_range": 0.9666666666666667
    },
    {
      "variation_id": "Global politics and geopolitics_1734",
      "category": "Global politics and geopolitics",
      "identified_property": "comprehensiveness and depth of the agreement",
      "valence": "positive",
      "n_comparisons": 30,
      "n_monotonic": 27,
      "monotonicity_rate": 0.9,
      "n_monotonic_decreasing": 14,
      "monotonicity_rate_decreasing": 0.4666666666666667,
      "set_inferred_direction": 1,
      "n_monotonic_inferred_direction": 27,
      "monotonicity_rate_inferred_direction": 0.9,
      "n_erratic_flips": 0,
      "erratic_flip_rate": 0.0,
      "mean_kendall_tau": 0.3565467912145916,
      "mean_spearman_rho": 0.42499743336637785,
      "jt_significant_rate": 0.43333333333333335,
      "mean_logistic_slope": 5.590047825350266,
      "logistic_significant_rate": 0.23333333333333334,
      "mean_isotonic_r2": 0.9599977910315882,
      "mean_kendall_tau_abs": 0.31241831438852363,
      "mean_spearman_rho_abs": 0.3554384189303738,
      "mean_logistic_slope_abs": 5.590047825350266,
      "mean_isotonic_r2_bidirectional": 0.9599977910315882,
      "frac_inferred_increasing": 0.5333333333333333,
      "frac_inferred_decreasing": 0.0,
      "mean_bootstrap_mono_prob": 0.8584999999999999,
      "mean_significant_violations": 0.0,
      "mean_prob_range": 0.19833333333333333
    },
    {
      "variation_id": "Global politics and geopolitics_5034",
      "category": "Global politics and geopolitics",
      "identified_property": "comprehensiveness and scope of disarmament",
      "valence": "positive",
      "n_comparisons": 30,
      "n_monotonic": 26,
      "monotonicity_rate": 0.8666666666666667,
      "n_monotonic_decreasing": 24,
      "monotonicity_rate_decreasing": 0.8,
      "set_inferred_direction": 1,
      "n_monotonic_inferred_direction": 26,
      "monotonicity_rate_inferred_direction": 0.8666666666666667,
      "n_erratic_flips": 0,
      "erratic_flip_rate": 0.0,
      "mean_kendall_tau": 0.11790040477072741,
      "mean_spearman_rho": 0.14671162296021417,
      "jt_significant_rate": 0.16666666666666666,
      "mean_logistic_slope": 0.8359229805337688,
      "logistic_significant_rate": 0.13333333333333333,
      "mean_isotonic_r2": 0.9383432171979246,
      "mean_kendall_tau_abs": 0.09859924174566191,
      "mean_spearman_rho_abs": 0.11326497927133405,
      "mean_logistic_slope_abs": 0.8359229805337688,
      "mean_isotonic_r2_bidirectional": 0.9383432171979246,
      "frac_inferred_increasing": 0.2,
      "frac_inferred_decreasing": 0.0,
      "mean_bootstrap_mono_prob": 0.8604166666666667,
      "mean_significant_violations": 0.03333333333333333,
      "mean_prob_range": 0.07833333333333334
    },
    {
      "variation_id": "Global politics and geopolitics_6361",
      "category": "Global politics and geopolitics",
      "identified_property": "comprehensiveness and durability of the ceasefire agreement",
      "valence": "positive",
      "n_comparisons": 30,
      "n_monotonic": 30,
      "monotonicity_rate": 1.0,
      "n_monotonic_decreasing": 5,
      "monotonicity_rate_decreasing": 0.16666666666666666,
      "set_inferred_direction": 1,
      "n_monotonic_inferred_direction": 30,
      "monotonicity_rate_inferred_direction": 1.0,
      "n_erratic_flips": 0,
      "erratic_flip_rate": 0.0,
      "mean_kendall_tau": 0.5794522330231858,
      "mean_spearman_rho": 0.6647023779108272,
      "jt_significant_rate": 0.7333333333333333,
      "mean_logistic_slope": 11.020303862496773,
      "logistic_significant_rate": 0.3333333333333333,
      "mean_isotonic_r2": 1.0,
      "mean_kendall_tau_abs": 0.5341300105441144,
      "mean_spearman_rho_abs": 0.5977985711759025,
      "mean_logistic_slope_abs": 11.020303862496773,
      "mean_isotonic_r2_bidirectional": 1.0,
      "frac_inferred_increasing": 0.8333333333333334,
      "frac_inferred_decreasing": 0.0,
      "mean_bootstrap_mono_prob": 0.9820333333333334,
      "mean_significant_violations": 0.0,
      "mean_prob_range": 0.35333333333333333
    },
    {
      "variation_id": "Global politics and geopolitics_8267",
      "category": "Global politics and geopolitics",
      "identified_property": "agreement enforceability and comprehensiveness",
      "valence": "positive",
      "n_comparisons": 30,
      "n_monotonic": 11,
      "monotonicity_rate": 0.36666666666666664,
      "n_monotonic_decreasing": 4,
      "monotonicity_rate_decreasing": 0.13333333333333333,
      "set_inferred_direction": 1,
      "n_monotonic_inferred_direction": 11,
      "monotonicity_rate_inferred_direction": 0.36666666666666664,
      "n_erratic_flips": 1,
      "erratic_flip_rate": 0.03333333333333333,
      "mean_kendall_tau": 0.6536528783130482,
      "mean_spearman_rho": 0.7795561597055038,
      "jt_significant_rate": 0.7333333333333333,
      "mean_logistic_slope": 1.9537971636876819,
      "logistic_significant_rate": 0.7,
      "mean_isotonic_r2": 0.8432309226542977,
      "mean_kendall_tau_abs": 0.589808178529864,
      "mean_spearman_rho_abs": 0.6778369018829381,
      "mean_logistic_slope_abs": 1.9537971636876819,
      "mean_isotonic_r2_bidirectional": 0.8432309226542977,
      "frac_inferred_increasing": 0.8666666666666667,
      "frac_inferred_decreasing": 0.0,
      "mean_bootstrap_mono_prob": 0.39596666666666663,
      "mean_significant_violations": 0.06666666666666667,
      "mean_prob_range": 0.5016666666666667
    },
    {
      "variation_id": "Global politics and geopolitics_9052",
      "category": "Global politics and geopolitics",
      "identified_property": "severity of conflicts and resulting tensions",