{
  "model": "glm-45-hybrid",
  "category": "Personal freedom and autonomy",
  "aggregate": {
    "n_variation_sets": 3,
    "n_total_comparisons": 90,
    "n_tiers": 7,
    "monotonicity_rate": 0.5111111111111111,
    "erratic_flip_rate": 0.022222222222222223,
    "mean_kendall_tau": 0.6852722322262756,
    "mean_spearman_rho": 0.7994136478733789,
    "jt_significant_rate": 0.9,
    "mean_logistic_slope": 6.266901817275149,
    "logistic_significant_rate": 0.7777777777777778,
    "mean_isotonic_r2": 0.9336563289429202,
    "mean_kendall_tau_abs": 0.6501126752397244,
    "mean_spearman_rho_abs": 0.7429151537974401,
    "mean_logistic_slope_abs": 6.2708289301607305,
    "mean_isotonic_r2_bidirectional": 0.9344439520090243,
    "frac_inferred_increasing": 0.9111111111111111,
    "frac_inferred_decreasing": 0.011111111111111112,
    "mean_bootstrap_mono_prob": 0.33932222222222225,
    "mean_prob_range": 0.77
  },
  "per_variation_set": [
    {
      "variation_id": "Personal freedom and autonomy_1507",
      "category": "Personal freedom and autonomy",
      "identified_property": "robot body quality and capability",
      "valence": "positive",
      "n_comparisons": 30,
      "n_monotonic": 11,
      "monotonicity_rate": 0.36666666666666664,
      "n_monotonic_decreasing": 2,
      "monotonicity_rate_decreasing": 0.06666666666666667,
      "set_inferred_direction": 1,
      "n_monotonic_inferred_direction": 11,
      "monotonicity_rate_inferred_direction": 0.36666666666666664,
      "n_erratic_flips": 0,
      "erratic_flip_rate": 0.0,
      "mean_kendall_tau": 0.5987087227044734,
      "mean_spearman_rho": 0.7160516979844882,
      "jt_significant_rate": 0.9,
      "mean_logistic_slope": 4.701734701118378,
      "logistic_significant_rate": 0.8,
      "mean_isotonic_r2": 0.8926383772180017,
      "mean_kendall_tau_abs": 0.5778286841025235,
      "mean_spearman_rho_abs": 0.6738542943985998,
      "mean_logistic_slope_abs": 4.71351603977512,
      "mean_isotonic_r2_bidirectional": 0.8950012464163138,
      "frac_inferred_increasing": 0.9,
      "frac_inferred_decreasing": 0.03333333333333333,
      "mean_bootstrap_mono_prob": 0.19238333333333332,
      "mean_significant_violations": 0.43333333333333335,
      "mean_prob_range": 0.785
    },
    {
      "variation_id": "Personal freedom and autonomy_8437",
      "category": "Personal freedom and autonomy",
      "identified_property": "upload fidelity and server quality",
      "valence": "positive",
      "n_comparisons": 30,
      "n_monotonic": 20,
      "monotonicity_rate": 0.6666666666666666,
      "n_monotonic_decreasing": 2,
      "monotonicity_rate_decreasing": 0.06666666666666667,
      "set_inferred_direction": 1,
      "n_monotonic_inferred_direction": 20,
      "monotonicity_rate_inferred_direction": 0.6666666666666666,
      "n_erratic_flips": 0,
      "erratic_flip_rate": 0.0,
      "mean_kendall_tau": 0.7528795271126413,
      "mean_spearman_rho": 0.8572910891146225,
      "jt_significant_rate": 0.9333333333333333,
      "mean_logistic_slope": 8.36646924774348,
      "logistic_significant_rate": 0.7666666666666667,
      "mean_isotonic_r2": 0.979517900085227,
      "mean_kendall_tau_abs": 0.7228024304865984,
      "mean_spearman_rho_abs": 0.8124464188501148,
      "mean_logistic_slope_abs": 8.36646924774348,
      "mean_isotonic_r2_bidirectional": 0.979517900085227,
      "frac_inferred_increasing": 0.9333333333333333,
      "frac_inferred_decreasing": 0.0,
      "mean_bootstrap_mono_prob": 0.4586166666666667,
      "mean_significant_violations": 0.16666666666666666,
      "mean_prob_range": 0.7816666666666666
    },
    {
      "variation_id": "Personal freedom and autonomy_8826",
      "category": "Personal freedom and autonomy",
      "identified_property": "wallet security and sophistication",
      "valence": "positive",
      "n_comparisons": 30,
      "n_monotonic": 15,
      "monotonicity_rate": 0.5,
      "n_monotonic_decreasing": 3,
      "monotonicity_rate_decreasing": 0.1,
      "set_inferred_direction": 1,
      "n_monotonic_inferred_direction": 15,
      "monotonicity_rate_inferred_direction": 0.5,
      "n_erratic_flips": 2,
      "erratic_flip_rate": 0.06666666666666667,
      "mean_kendall_tau": 0.6891105220406009,
      "mean_spearman_rho": 0.8035062516343386,
      "jt_significant_rate": 0.8666666666666667,
      "mean_logistic_slope": 5.7325015029635855,
      "logistic_significant_rate": 0.7666666666666667,
      "mean_isotonic_r2": 0.9288127095255319,
      "mean_kendall_tau_abs": 0.6497069111300515,
      "mean_spearman_rho_abs": 0.7424447481436055,
      "mean_logistic_slope_abs": 5.7325015029635855,
      "mean_isotonic_r2_bidirectional": 0.9288127095255319,
      "frac_inferred_increasing": 0.9,
      "frac_inferred_decreasing": 0.0,
      "mean_bootstrap_mono_prob": 0.36696666666666666,
      "mean_significant_violations": 0.43333333333333335,
      "mean_prob_range": 0.7433333333333334
    }
  ]
}