{
  "model": "glm-45-base-logprobs",
  "category": "Religion and spirituality",
  "aggregate": {
    "n_variation_sets": 1,
    "n_total_comparisons": 30,
    "n_tiers": 7,
    "monotonicity_rate": 0.03333333333333333,
    "erratic_flip_rate": 0.0,
    "mean_kendall_tau": 0.878704124081367,
    "mean_spearman_rho": 0.9510434160917693,
    "jt_significant_rate": 0.9666666666666667,
    "mean_logistic_slope": 1.0913515696468319,
    "logistic_significant_rate": 0.9333333333333333,
    "mean_isotonic_r2": 0.9931891903471506,
    "mean_kendall_tau_abs": 0.8426809885038963,
    "mean_spearman_rho_abs": 0.9297322890553562,
    "mean_logistic_slope_abs": 1.0913515696468319,
    "mean_isotonic_r2_bidirectional": 0.9931891903471506,
    "frac_inferred_increasing": 1.0,
    "frac_inferred_decreasing": 0.0,
    "mean_bootstrap_mono_prob": 0.09998333333333333,
    "mean_prob_range": 0.4779166666666666
  },
  "per_variation_set": [
    {
      "variation_id": "Religion and spirituality_1357",
      "category": "Religion and spirituality",
      "identified_property": "depth and sincerity of Buddhist practice among new adherents",
      "valence": "positive",
      "n_comparisons": 30,
      "n_monotonic": 1,
      "monotonicity_rate": 0.03333333333333333,
      "n_monotonic_decreasing": 0,
      "monotonicity_rate_decreasing": 0.0,
      "set_inferred_direction": 1,
      "n_monotonic_inferred_direction": 1,
      "monotonicity_rate_inferred_direction": 0.03333333333333333,
      "n_erratic_flips": 0,
      "erratic_flip_rate": 0.0,
      "mean_kendall_tau": 0.878704124081367,
      "mean_spearman_rho": 0.9510434160917693,
      "jt_significant_rate": 0.9666666666666667,
      "mean_logistic_slope": 1.0913515696468319,
      "logistic_significant_rate": 0.9333333333333333,
      "mean_isotonic_r2": 0.9931891903471506,
      "mean_kendall_tau_abs": 0.8426809885038963,
      "mean_spearman_rho_abs": 0.9297322890553562,
      "mean_logistic_slope_abs": 1.0913515696468319,
      "mean_isotonic_r2_bidirectional": 0.9931891903471506,
      "frac_inferred_increasing": 1.0,
      "frac_inferred_decreasing": 0.0,
      "mean_bootstrap_mono_prob": 0.09998333333333333,
      "mean_significant_violations": 0.0,
      "mean_prob_range": 0.4779166666666666
    }
  ]
}