{
  "model": "glm-45-base-logprobs",
  "category": "United States economy",
  "aggregate": {
    "n_variation_sets": 9,
    "n_total_comparisons": 270,
    "n_tiers": 7,
    "monotonicity_rate": 0.14444444444444443,
    "erratic_flip_rate": 0.0,
    "mean_kendall_tau": 0.8539447086929283,
    "mean_spearman_rho": 0.9162754596315654,
    "jt_significant_rate": 0.7555555555555555,
    "mean_logistic_slope": 0.728613235921633,
    "logistic_significant_rate": 0.6370370370370371,
    "mean_isotonic_r2": 0.9172496270200782,
    "mean_kendall_tau_abs": 0.7034121580051913,
    "mean_spearman_rho_abs": 0.8110997522900705,
    "mean_logistic_slope_abs": 0.7306062552666612,
    "mean_isotonic_r2_bidirectional": 0.9262024176724738,
    "frac_inferred_increasing": 0.9740740740740741,
    "frac_inferred_decreasing": 0.025925925925925925,
    "mean_bootstrap_mono_prob": 0.10830185185185186,
    "mean_prob_range": 0.4147940740740741
  },
  "per_variation_set": [
    {
      "variation_id": "United States economy_2156",
      "category": "United States economy",
      "identified_property": "effectiveness and quality of infrastructure spending",
      "valence": "positive",
      "n_comparisons": 30,
      "n_monotonic": 1,
      "monotonicity_rate": 0.03333333333333333,
      "n_monotonic_decreasing": 0,
      "monotonicity_rate_decreasing": 0.0,
      "set_inferred_direction": 1,
      "n_monotonic_inferred_direction": 1,
      "monotonicity_rate_inferred_direction": 0.03333333333333333,
      "n_erratic_flips": 0,
      "erratic_flip_rate": 0.0,
      "mean_kendall_tau": 0.7253576653691276,
      "mean_spearman_rho": 0.8397548099837324,
      "jt_significant_rate": 1.0,
      "mean_logistic_slope": 0.5678745339968878,
      "logistic_significant_rate": 0.9666666666666667,
      "mean_isotonic_r2": 0.9862657992800742,
      "mean_kendall_tau_abs": 0.6614150192772809,
      "mean_spearman_rho_abs": 0.7886016048051124,
      "mean_logistic_slope_abs": 0.5678745339968878,
      "mean_isotonic_r2_bidirectional": 0.9862657992800742,
      "frac_inferred_increasing": 1.0,
      "frac_inferred_decreasing": 0.0,
      "mean_bootstrap_mono_prob": 0.07806666666666667,
      "mean_significant_violations": 0.0,
      "mean_prob_range": 0.6110833333333332
    },
    {
      "variation_id": "United States economy_2237",
      "category": "United States economy",
      "identified_property": "severity of layoffs and unemployment impact",
      "valence": "negative",
      "n_comparisons": 30,
      "n_monotonic": 1,
      "monotonicity_rate": 0.03333333333333333,
      "n_monotonic_decreasing": 0,
      "monotonicity_rate_decreasing": 0.0,
      "set_inferred_direction": 1,
      "n_monotonic_inferred_direction": 1,
      "monotonicity_rate_inferred_direction": 0.03333333333333333,
      "n_erratic_flips": 0,
      "erratic_flip_rate": 0.0,
      "mean_kendall_tau": 0.6994901838926142,
      "mean_spearman_rho": 0.8044913599678711,
      "jt_significant_rate": 0.4666666666666667,
      "mean_logistic_slope": 0.2720819921164875,
      "logistic_significant_rate": 0.36666666666666664,
      "mean_isotonic_r2": 0.8969723059777598,
      "mean_kendall_tau_abs": 0.6181465308612155,
      "mean_spearman_rho_abs": 0.7247683884303495,
      "mean_logistic_slope_abs": 0.27519720239154566,
      "mean_isotonic_r2_bidirectional": 0.9164619133364814,
      "frac_inferred_increasing": 0.9666666666666667,
      "frac_inferred_decreasing": 0.03333333333333333,
      "mean_bootstrap_mono_prob": 0.11211666666666668,
      "mean_significant_violations": 0.0,
      "mean_prob_range": 0.2680666666666667
    },
    {
      "variation_id": "United States economy_2241",
      "category": "United States economy",
      "identified_property": "severity of the economic downturn's broader impact",
      "valence": "negative",
      "n_comparisons": 30,
      "n_monotonic": 3,
      "monotonicity_rate": 0.1,
      "n_monotonic_decreasing": 0,
      "monotonicity_rate_decreasing": 0.0,
      "set_inferred_direction": 1,
      "n_monotonic_inferred_direction": 3,
      "monotonicity_rate_inferred_direction": 0.1,
      "n_erratic_flips": 0,
      "erratic_flip_rate": 0.0,
      "mean_kendall_tau": 0.8753396326853059,
      "mean_spearman_rho": 0.9346139939261219,
      "jt_significant_rate": 0.7333333333333333,
      "mean_logistic_slope": 1.0379079543181358,
      "logistic_significant_rate": 0.5666666666666667,
      "mean_isotonic_r2": 0.924151863628212,
      "mean_kendall_tau_abs": 0.7818931457750843,
      "mean_spearman_rho_abs": 0.8682557719691715,
      "mean_logistic_slope_abs": 1.0379079543181358,
      "mean_isotonic_r2_bidirectional": 0.924151863628212,
      "frac_inferred_increasing": 1.0,
      "frac_inferred_decreasing": 0.0,
      "mean_bootstrap_mono_prob": 0.10220000000000001,
      "mean_significant_violations": 0.0,
      "mean_prob_range": 0.33294
    },
    {
      "variation_id": "United States economy_3163",
      "category": "United States economy",
      "identified_property": "effectiveness at combating inflation with minimal economic disruption",
      "valence": "positive",
      "n_comparisons": 30,
      "n_monotonic": 1,
      "monotonicity_rate": 0.03333333333333333,
      "n_monotonic_decreasing": 0,
      "monotonicity_rate_decreasing": 0.0,
      "set_inferred_direction": 1,
      "n_monotonic_inferred_direction": 1,
      "monotonicity_rate_inferred_direction": 0.03333333333333333,
      "n_erratic_flips": 0,
      "erratic_flip_rate": 0.0,
      "mean_kendall_tau": 0.8416249061295369,
      "mean_spearman_rho": 0.9322643311226924,
      "jt_significant_rate": 1.0,
      "mean_logistic_slope": 0.5552895646649187,
      "logistic_significant_rate": 0.9666666666666667,
      "mean_isotonic_r2": 0.9776543393513981,
      "mean_kendall_tau_abs": 0.796825396825397,
      "mean_spearman_rho_abs": 0.9047619047619051,
      "mean_logistic_slope_abs": 0.5552895646649187,
      "mean_isotonic_r2_bidirectional": 0.9776543393513981,
      "frac_inferred_increasing": 1.0,
      "frac_inferred_decreasing": 0.0,
      "mean_bootstrap_mono_prob": 0.09618333333333333,
      "mean_significant_violations": 0.0,
      "mean_prob_range": 0.5528933333333333
    },
    {
      "variation_id": "United States economy_3510",
      "category": "United States economy",
      "identified_property": "magnitude and quality of foreign investment attracted",
      "valence": "positive",
      "n_comparisons": 30,
      "n_monotonic": 11,
      "monotonicity_rate": 0.36666666666666664,
      "n_monotonic_decreasing": 0,
      "monotonicity_rate_decreasing": 0.0,
      "set_inferred_direction": 1,
      "n_monotonic_inferred_direction": 11,
      "monotonicity_rate_inferred_direction": 0.36666666666666664,
      "n_erratic_flips": 0,
      "erratic_flip_rate": 0.0,
      "mean_kendall_tau": 0.9670955183512464,
      "mean_spearman_rho": 0.9806182382172699,
      "jt_significant_rate": 1.0,
      "mean_logistic_slope": 0.47047596122496976,
      "logistic_significant_rate": 0.9333333333333333,
      "mean_isotonic_r2": 0.9916897871510583,
      "mean_kendall_tau_abs": 0.8498925626072471,
      "mean_spearman_rho_abs": 0.9146331801716249,
      "mean_logistic_slope_abs": 0.47047596122496976,
      "mean_isotonic_r2_bidirectional": 0.9916897871510583,
      "frac_inferred_increasing": 1.0,
      "frac_inferred_decreasing": 0.0,
      "mean_bootstrap_mono_prob": 0.10526666666666666,
      "mean_significant_violations": 0.0,
      "mean_prob_range": 0.49220333333333327
    },
    {
      "variation_id": "United States economy_4120",
      "category": "United States economy",
      "identified_property": "magnitude of dollar strengthening and resulting competitiveness loss",
      "valence": "negative",
      "n_comparisons": 30,
      "n_monotonic": 0,
      "monotonicity_rate": 0.0,
      "n_monotonic_decreasing": 0,
      "monotonicity_rate_decreasing": 0.0,
      "set_inferred_direction": 1,