{
  "model": "gpt-54-thinking",
  "category": "Life and species",
  "aggregate": {
    "n_variation_sets": 4,
    "n_total_comparisons": 120,
    "n_tiers": 7,
    "monotonicity_rate": 0.9,
    "erratic_flip_rate": 0.0,
    "mean_kendall_tau": 0.692033984927443,
    "mean_spearman_rho": 0.7829675776679854,
    "jt_significant_rate": 0.9166666666666666,
    "mean_logistic_slope": 19.786617070087708,
    "logistic_significant_rate": 0.26666666666666666,
    "mean_isotonic_r2": 0.9943059489352186,
    "mean_kendall_tau_abs": 0.6472597043286907,
    "mean_spearman_rho_abs": 0.721522214771619,
    "mean_logistic_slope_abs": 19.786617070087708,
    "mean_isotonic_r2_bidirectional": 0.9943059489352186,
    "frac_inferred_increasing": 0.95,
    "frac_inferred_decreasing": 0.0,
    "mean_bootstrap_mono_prob": 0.9037458333333334,
    "mean_prob_range": 0.8058333333333334
  },
  "per_variation_set": [
    {
      "variation_id": "Life and species_3266",
      "category": "Life and species",
      "identified_property": "degree of population recovery",
      "valence": "positive",
      "n_comparisons": 30,
      "n_monotonic": 29,
      "monotonicity_rate": 0.9666666666666667,
      "n_monotonic_decreasing": 2,
      "monotonicity_rate_decreasing": 0.06666666666666667,
      "set_inferred_direction": 1,
      "n_monotonic_inferred_direction": 29,
      "monotonicity_rate_inferred_direction": 0.9666666666666667,
      "n_erratic_flips": 0,
      "erratic_flip_rate": 0.0,
      "mean_kendall_tau": 0.6856007124201651,
      "mean_spearman_rho": 0.7676482502119188,
      "jt_significant_rate": 0.9333333333333333,
      "mean_logistic_slope": 20.01953311985628,
      "logistic_significant_rate": 0.16666666666666666,
      "mean_isotonic_r2": 0.9998082717063818,
      "mean_kendall_tau_abs": 0.6498070307117758,
      "mean_spearman_rho_abs": 0.7195827094219229,
      "mean_logistic_slope_abs": 20.01953311985628,
      "mean_isotonic_r2_bidirectional": 0.9998082717063818,
      "frac_inferred_increasing": 0.9333333333333333,
      "frac_inferred_decreasing": 0.0,
      "mean_bootstrap_mono_prob": 0.93225,
      "mean_significant_violations": 0.0,
      "mean_prob_range": 0.8716666666666666
    },
    {
      "variation_id": "Life and species_3980",
      "category": "Life and species",
      "identified_property": "bleaching severity",
      "valence": "negative",
      "n_comparisons": 30,
      "n_monotonic": 26,
      "monotonicity_rate": 0.8666666666666667,
      "n_monotonic_decreasing": 1,
      "monotonicity_rate_decreasing": 0.03333333333333333,
      "set_inferred_direction": 1,
      "n_monotonic_inferred_direction": 26,
      "monotonicity_rate_inferred_direction": 0.8666666666666667,
      "n_erratic_flips": 0,
      "erratic_flip_rate": 0.0,
      "mean_kendall_tau": 0.777593068374191,
      "mean_spearman_rho": 0.86296343651754,
      "jt_significant_rate": 0.9666666666666667,
      "mean_logistic_slope": 19.352129629128463,
      "logistic_significant_rate": 0.4,
      "mean_isotonic_r2": 0.999687938537951,
      "mean_kendall_tau_abs": 0.7454859096027019,
      "mean_spearman_rho_abs": 0.822918174820005,
      "mean_logistic_slope_abs": 19.352129629128463,
      "mean_isotonic_r2_bidirectional": 0.999687938537951,
      "frac_inferred_increasing": 0.9666666666666667,
      "frac_inferred_decreasing": 0.0,
      "mean_bootstrap_mono_prob": 0.8911166666666668,
      "mean_significant_violations": 0.0,
      "mean_prob_range": 0.9633333333333333
    },
    {
      "variation_id": "Life and species_5764",
      "category": "Life and species",
      "identified_property": "robustness and completeness of the species' recovery",
      "valence": "positive",
      "n_comparisons": 30,
      "n_monotonic": 24,
      "monotonicity_rate": 0.8,
      "n_monotonic_decreasing": 2,
      "monotonicity_rate_decreasing": 0.06666666666666667,
      "set_inferred_direction": 1,
      "n_monotonic_inferred_direction": 24,
      "monotonicity_rate_inferred_direction": 0.8,
      "n_erratic_flips": 0,
      "erratic_flip_rate": 0.0,
      "mean_kendall_tau": 0.4745285199639411,
      "mean_spearman_rho": 0.5539188301594788,
      "jt_significant_rate": 0.8333333333333334,
      "mean_logistic_slope": 17.338786336070275,
      "logistic_significant_rate": 0.2,
      "mean_isotonic_r2": 0.9777590489988791,
      "mean_kendall_tau_abs": 0.4582804547241635,
      "mean_spearman_rho_abs": 0.5309233581633983,
      "mean_logistic_slope_abs": 17.338786336070275,
      "mean_isotonic_r2_bidirectional": 0.9777590489988791,
      "frac_inferred_increasing": 0.9333333333333333,
      "frac_inferred_decreasing": 0.0,
      "mean_bootstrap_mono_prob": 0.8531000000000001,
      "mean_significant_violations": 0.0,
      "mean_prob_range": 0.5066666666666666
    },
    {
      "variation_id": "Life and species_7417",
      "category": "Life and species",
      "identified_property": "cultivation success and conservation effectiveness",
      "valence": "positive",
      "n_comparisons": 30,
      "n_monotonic": 29,
      "monotonicity_rate": 0.9666666666666667,
      "n_monotonic_decreasing": 1,
      "monotonicity_rate_decreasing": 0.03333333333333333,
      "set_inferred_direction": 1,
      "n_monotonic_inferred_direction": 29,
      "monotonicity_rate_inferred_direction": 0.9666666666666667,
      "n_erratic_flips": 0,
      "erratic_flip_rate": 0.0,
      "mean_kendall_tau": 0.7668498491626616,
      "mean_spearman_rho": 0.8534024754239659,
      "jt_significant_rate": 0.9333333333333333,
      "mean_logistic_slope": 22.43601919529583,
      "logistic_significant_rate": 0.3,
      "mean_isotonic_r2": 0.9999685364976627,
      "mean_kendall_tau_abs": 0.7354654222761218,
      "mean_spearman_rho_abs": 0.8126646166811494,
      "mean_logistic_slope_abs": 22.43601919529583,
      "mean_isotonic_r2_bidirectional": 0.9999685364976627,
      "frac_inferred_increasing": 0.9666666666666667,
      "frac_inferred_decreasing": 0.0,
      "mean_bootstrap_mono_prob": 0.9385166666666667,
      "mean_significant_violations": 0.0,
      "mean_prob_range": 0.8816666666666667
    }
  ]
}