{
  "model": "gpt-54-mini-thinking",
  "category": "Life and species",
  "aggregate": {
    "n_variation_sets": 4,
    "n_total_comparisons": 120,
    "n_tiers": 7,
    "monotonicity_rate": 0.9333333333333333,
    "erratic_flip_rate": 0.0,
    "mean_kendall_tau": 0.7079459105226809,
    "mean_spearman_rho": 0.7936447765452928,
    "jt_significant_rate": 0.9166666666666666,
    "mean_logistic_slope": 14.246465600991867,
    "logistic_significant_rate": 0.4083333333333333,
    "mean_isotonic_r2": 0.9985890585041441,
    "mean_kendall_tau_abs": 0.6554608038887302,
    "mean_spearman_rho_abs": 0.7270011583032617,
    "mean_logistic_slope_abs": 14.246465600991867,
    "mean_isotonic_r2_bidirectional": 0.9985890585041441,
    "frac_inferred_increasing": 0.9166666666666666,
    "frac_inferred_decreasing": 0.0,
    "mean_bootstrap_mono_prob": 0.9212166666666666,
    "mean_prob_range": 0.7728508771929825
  },
  "per_variation_set": [
    {
      "variation_id": "Life and species_3266",
      "category": "Life and species",
      "identified_property": "degree of population recovery",
      "valence": "positive",
      "n_comparisons": 30,
      "n_monotonic": 28,
      "monotonicity_rate": 0.9333333333333333,
      "n_monotonic_decreasing": 1,
      "monotonicity_rate_decreasing": 0.03333333333333333,
      "set_inferred_direction": 1,
      "n_monotonic_inferred_direction": 28,
      "monotonicity_rate_inferred_direction": 0.9333333333333333,
      "n_erratic_flips": 0,
      "erratic_flip_rate": 0.0,
      "mean_kendall_tau": 0.7273512681785285,
      "mean_spearman_rho": 0.7983102368052388,
      "jt_significant_rate": 0.9666666666666667,
      "mean_logistic_slope": 13.80268830691012,
      "logistic_significant_rate": 0.5,
      "mean_isotonic_r2": 0.9997332845054204,
      "mean_kendall_tau_abs": 0.6732621710661597,
      "mean_spearman_rho_abs": 0.7492602145492655,
      "mean_logistic_slope_abs": 13.80268830691012,
      "mean_isotonic_r2_bidirectional": 0.9997332845054204,
      "frac_inferred_increasing": 0.9666666666666667,
      "frac_inferred_decreasing": 0.0,
      "mean_bootstrap_mono_prob": 0.92555,
      "mean_significant_violations": 0.0,
      "mean_prob_range": 0.8714035087719297
    },
    {
      "variation_id": "Life and species_3980",
      "category": "Life and species",
      "identified_property": "bleaching severity",
      "valence": "negative",
      "n_comparisons": 30,
      "n_monotonic": 29,
      "monotonicity_rate": 0.9666666666666667,
      "n_monotonic_decreasing": 1,
      "monotonicity_rate_decreasing": 0.03333333333333333,
      "set_inferred_direction": 1,
      "n_monotonic_inferred_direction": 29,
      "monotonicity_rate_inferred_direction": 0.9666666666666667,
      "n_erratic_flips": 0,
      "erratic_flip_rate": 0.0,
      "mean_kendall_tau": 0.7646691763251022,
      "mean_spearman_rho": 0.8465143239327225,
      "jt_significant_rate": 0.9666666666666667,
      "mean_logistic_slope": 14.643751225371775,
      "logistic_significant_rate": 0.4666666666666667,
      "mean_isotonic_r2": 0.9999411220455883,
      "mean_kendall_tau_abs": 0.7402879616034738,
      "mean_spearman_rho_abs": 0.8137243415661904,
      "mean_logistic_slope_abs": 14.643751225371775,
      "mean_isotonic_r2_bidirectional": 0.9999411220455883,
      "frac_inferred_increasing": 0.9666666666666667,
      "frac_inferred_decreasing": 0.0,
      "mean_bootstrap_mono_prob": 0.9623166666666667,
      "mean_significant_violations": 0.0,
      "mean_prob_range": 0.9249999999999999
    },
    {
      "variation_id": "Life and species_5764",
      "category": "Life and species",
      "identified_property": "robustness and completeness of the species' recovery",
      "valence": "positive",
      "n_comparisons": 30,
      "n_monotonic": 28,
      "monotonicity_rate": 0.9333333333333333,
      "n_monotonic_decreasing": 7,
      "monotonicity_rate_decreasing": 0.23333333333333334,
      "set_inferred_direction": 1,
      "n_monotonic_inferred_direction": 28,
      "monotonicity_rate_inferred_direction": 0.9333333333333333,
      "n_erratic_flips": 0,
      "erratic_flip_rate": 0.0,
      "mean_kendall_tau": 0.48803833316035994,
      "mean_spearman_rho": 0.568115679322379,
      "jt_significant_rate": 0.7666666666666667,
      "mean_logistic_slope": 13.468778251336989,
      "logistic_significant_rate": 0.2,
      "mean_isotonic_r2": 0.9960605220416228,
      "mean_kendall_tau_abs": 0.45016767870730373,
      "mean_spearman_rho_abs": 0.5113486301266301,
      "mean_logistic_slope_abs": 13.468778251336989,
      "mean_isotonic_r2_bidirectional": 0.9960605220416228,
      "frac_inferred_increasing": 0.7666666666666667,
      "frac_inferred_decreasing": 0.0,
      "mean_bootstrap_mono_prob": 0.9352,
      "mean_significant_violations": 0.0,
      "mean_prob_range": 0.3783333333333333
    },
    {
      "variation_id": "Life and species_7417",
      "category": "Life and species",
      "identified_property": "cultivation success and conservation effectiveness",
      "valence": "positive",
      "n_comparisons": 30,
      "n_monotonic": 27,
      "monotonicity_rate": 0.9,
      "n_monotonic_decreasing": 1,
      "monotonicity_rate_decreasing": 0.03333333333333333,
      "set_inferred_direction": 1,
      "n_monotonic_inferred_direction": 27,
      "monotonicity_rate_inferred_direction": 0.9,
      "n_erratic_flips": 0,
      "erratic_flip_rate": 0.0,
      "mean_kendall_tau": 0.7888161233316638,
      "mean_spearman_rho": 0.8722512947388654,
      "jt_significant_rate": 0.9666666666666667,
      "mean_logistic_slope": 15.07064462034859,
      "logistic_significant_rate": 0.4666666666666667,
      "mean_isotonic_r2": 0.9986213054239449,
      "mean_kendall_tau_abs": 0.7581254041779834,
      "mean_spearman_rho_abs": 0.8336714469709612,
      "mean_logistic_slope_abs": 15.07064462034859,
      "mean_isotonic_r2_bidirectional": 0.9986213054239449,
      "frac_inferred_increasing": 0.9666666666666667,
      "frac_inferred_decreasing": 0.0,
      "mean_bootstrap_mono_prob": 0.8618,
      "mean_significant_violations": 0.0,
      "mean_prob_range": 0.9166666666666666
    }
  ]
}