{
  "model": "llama-31-8b-instruct-openrouter",
  "category": "Life and species",
  "aggregate": {
    "n_variation_sets": 4,
    "n_total_comparisons": 120,
    "n_tiers": 7,
    "monotonicity_rate": 0.8083333333333333,
    "erratic_flip_rate": 0.0,
    "mean_kendall_tau": 0.7239145508289355,
    "mean_spearman_rho": 0.8279695834809476,
    "jt_significant_rate": 0.9166666666666666,
    "mean_logistic_slope": 1.436944154115895,
    "logistic_significant_rate": 0.8083333333333333,
    "mean_isotonic_r2": 0.9577599653671669,
    "mean_kendall_tau_abs": 0.6918276930039906,
    "mean_spearman_rho_abs": 0.782309916423354,
    "mean_logistic_slope_abs": 1.436944154115895,
    "mean_isotonic_r2_bidirectional": 0.9577599653671669,
    "frac_inferred_increasing": 0.9583333333333334,
    "frac_inferred_decreasing": 0.0,
    "mean_bootstrap_mono_prob": 0.3184125,
    "mean_prob_range": 0.5160216666666667
  },
  "per_variation_set": [
    {
      "variation_id": "Life and species_3266",
      "category": "Life and species",
      "identified_property": "degree of population recovery",
      "valence": "positive",
      "n_comparisons": 30,
      "n_monotonic": 27,
      "monotonicity_rate": 0.9,
      "n_monotonic_decreasing": 1,
      "monotonicity_rate_decreasing": 0.03333333333333333,
      "set_inferred_direction": 1,
      "n_monotonic_inferred_direction": 27,
      "monotonicity_rate_inferred_direction": 0.9,
      "n_erratic_flips": 0,
      "erratic_flip_rate": 0.0,
      "mean_kendall_tau": 0.6865899609663326,
      "mean_spearman_rho": 0.7872000434098246,
      "jt_significant_rate": 0.9333333333333333,
      "mean_logistic_slope": 2.657667898840627,
      "logistic_significant_rate": 0.8333333333333334,
      "mean_isotonic_r2": 0.9583565421632642,
      "mean_kendall_tau_abs": 0.6660009836253535,
      "mean_spearman_rho_abs": 0.7558212255215989,
      "mean_logistic_slope_abs": 2.657667898840627,
      "mean_isotonic_r2_bidirectional": 0.9583565421632642,
      "frac_inferred_increasing": 0.9666666666666667,
      "frac_inferred_decreasing": 0.0,
      "mean_bootstrap_mono_prob": 0.49089999999999995,
      "mean_significant_violations": 0.03333333333333333,
      "mean_prob_range": 0.47611000000000003
    },
    {
      "variation_id": "Life and species_3980",
      "category": "Life and species",
      "identified_property": "bleaching severity",
      "valence": "negative",
      "n_comparisons": 30,
      "n_monotonic": 19,
      "monotonicity_rate": 0.6333333333333333,
      "n_monotonic_decreasing": 2,
      "monotonicity_rate_decreasing": 0.06666666666666667,
      "set_inferred_direction": 1,
      "n_monotonic_inferred_direction": 19,
      "monotonicity_rate_inferred_direction": 0.6333333333333333,
      "n_erratic_flips": 0,
      "erratic_flip_rate": 0.0,
      "mean_kendall_tau": 0.7366412583559057,
      "mean_spearman_rho": 0.833279443255263,
      "jt_significant_rate": 0.8666666666666667,
      "mean_logistic_slope": 0.471858282926254,
      "logistic_significant_rate": 0.6666666666666666,
      "mean_isotonic_r2": 0.9511416687051498,
      "mean_kendall_tau_abs": 0.6802298311214887,
      "mean_spearman_rho_abs": 0.7565960216600746,
      "mean_logistic_slope_abs": 0.471858282926254,
      "mean_isotonic_r2_bidirectional": 0.9511416687051498,
      "frac_inferred_increasing": 0.9333333333333333,
      "frac_inferred_decreasing": 0.0,
      "mean_bootstrap_mono_prob": 0.13986666666666667,
      "mean_significant_violations": 0.06666666666666667,
      "mean_prob_range": 0.6526199999999999
    },
    {
      "variation_id": "Life and species_5764",
      "category": "Life and species",
      "identified_property": "robustness and completeness of the species' recovery",
      "valence": "positive",
      "n_comparisons": 30,
      "n_monotonic": 25,
      "monotonicity_rate": 0.8333333333333334,
      "n_monotonic_decreasing": 1,
      "monotonicity_rate_decreasing": 0.03333333333333333,
      "set_inferred_direction": 1,
      "n_monotonic_inferred_direction": 25,
      "monotonicity_rate_inferred_direction": 0.8333333333333334,
      "n_erratic_flips": 0,
      "erratic_flip_rate": 0.0,
      "mean_kendall_tau": 0.7033336139305051,
      "mean_spearman_rho": 0.8160469390985383,
      "jt_significant_rate": 0.9,
      "mean_logistic_slope": 1.744077365474232,
      "logistic_significant_rate": 0.8666666666666667,
      "mean_isotonic_r2": 0.9560728610097536,
      "mean_kendall_tau_abs": 0.6831352355227166,
      "mean_spearman_rho_abs": 0.7853359168804818,
      "mean_logistic_slope_abs": 1.744077365474232,
      "mean_isotonic_r2_bidirectional": 0.9560728610097536,
      "frac_inferred_increasing": 0.9666666666666667,
      "frac_inferred_decreasing": 0.0,
      "mean_bootstrap_mono_prob": 0.40338333333333326,
      "mean_significant_violations": 0.0,
      "mean_prob_range": 0.4408
    },
    {
      "variation_id": "Life and species_7417",
      "category": "Life and species",
      "identified_property": "cultivation success and conservation effectiveness",
      "valence": "positive",
      "n_comparisons": 30,
      "n_monotonic": 26,
      "monotonicity_rate": 0.8666666666666667,
      "n_monotonic_decreasing": 1,
      "monotonicity_rate_decreasing": 0.03333333333333333,
      "set_inferred_direction": 1,
      "n_monotonic_inferred_direction": 26,
      "monotonicity_rate_inferred_direction": 0.8666666666666667,
      "n_erratic_flips": 0,
      "erratic_flip_rate": 0.0,
      "mean_kendall_tau": 0.763622026642734,
      "mean_spearman_rho": 0.8665134737359247,
      "jt_significant_rate": 0.9666666666666667,
      "mean_logistic_slope": 0.874173069222467,
      "logistic_significant_rate": 0.8666666666666667,
      "mean_isotonic_r2": 0.9654687895904996,
      "mean_kendall_tau_abs": 0.7379447217464032,
      "mean_spearman_rho_abs": 0.8314865016312604,
      "mean_logistic_slope_abs": 0.874173069222467,
      "mean_isotonic_r2_bidirectional": 0.9654687895904996,
      "frac_inferred_increasing": 0.9666666666666667,
      "frac_inferred_decreasing": 0.0,
      "mean_bootstrap_mono_prob": 0.2395,
      "mean_significant_violations": 0.03333333333333333,
      "mean_prob_range": 0.4945566666666667
    }
  ]
}