{
  "model": "glm-45-hybrid-thinking",
  "category": "United States economy",
  "aggregate": {
    "n_variation_sets": 9,
    "n_total_comparisons": 270,
    "n_tiers": 7,
    "monotonicity_rate": 0.7111111111111111,
    "erratic_flip_rate": 0.007407407407407408,
    "mean_kendall_tau": 0.7062387564244605,
    "mean_spearman_rho": 0.8088045569952975,
    "jt_significant_rate": 0.8592592592592593,
    "mean_logistic_slope": 9.14084957521117,
    "logistic_significant_rate": 0.5740740740740741,
    "mean_isotonic_r2": 0.9708450805410774,
    "mean_kendall_tau_abs": 0.6435870798165665,
    "mean_spearman_rho_abs": 0.7207203704404597,
    "mean_logistic_slope_abs": 9.14084957521117,
    "mean_isotonic_r2_bidirectional": 0.9708450805410774,
    "frac_inferred_increasing": 0.8925925925925926,
    "frac_inferred_decreasing": 0.0,
    "mean_bootstrap_mono_prob": 0.7246962962962963,
    "mean_prob_range": 0.6935185185185184
  },
  "per_variation_set": [
    {
      "variation_id": "United States economy_2156",
      "category": "United States economy",
      "identified_property": "effectiveness and quality of infrastructure spending",
      "valence": "positive",
      "n_comparisons": 30,
      "n_monotonic": 28,
      "monotonicity_rate": 0.9333333333333333,
      "n_monotonic_decreasing": 2,
      "monotonicity_rate_decreasing": 0.06666666666666667,
      "set_inferred_direction": 1,
      "n_monotonic_inferred_direction": 28,
      "monotonicity_rate_inferred_direction": 0.9333333333333333,
      "n_erratic_flips": 0,
      "erratic_flip_rate": 0.0,
      "mean_kendall_tau": 0.7253478525130304,
      "mean_spearman_rho": 0.8149720126413271,
      "jt_significant_rate": 0.9333333333333333,
      "mean_logistic_slope": 17.220798069089497,
      "logistic_significant_rate": 0.3,
      "mean_isotonic_r2": 0.9983171976097588,
      "mean_kendall_tau_abs": 0.6816807724646005,
      "mean_spearman_rho_abs": 0.7558066305781891,
      "mean_logistic_slope_abs": 17.220798069089497,
      "mean_isotonic_r2_bidirectional": 0.9983171976097588,
      "frac_inferred_increasing": 0.9333333333333333,
      "frac_inferred_decreasing": 0.0,
      "mean_bootstrap_mono_prob": 0.9157666666666667,
      "mean_significant_violations": 0.0,
      "mean_prob_range": 0.865
    },
    {
      "variation_id": "United States economy_2237",
      "category": "United States economy",
      "identified_property": "severity of layoffs and unemployment impact",
      "valence": "negative",
      "n_comparisons": 30,
      "n_monotonic": 25,
      "monotonicity_rate": 0.8333333333333334,
      "n_monotonic_decreasing": 5,
      "monotonicity_rate_decreasing": 0.16666666666666666,
      "set_inferred_direction": 1,
      "n_monotonic_inferred_direction": 25,
      "monotonicity_rate_inferred_direction": 0.8333333333333334,
      "n_erratic_flips": 0,
      "erratic_flip_rate": 0.0,
      "mean_kendall_tau": 0.605484615906943,
      "mean_spearman_rho": 0.7002718190268105,
      "jt_significant_rate": 0.8,
      "mean_logistic_slope": 14.028613031210448,
      "logistic_significant_rate": 0.36666666666666664,
      "mean_isotonic_r2": 0.998815828090334,
      "mean_kendall_tau_abs": 0.5484429509459304,
      "mean_spearman_rho_abs": 0.6138764578782054,
      "mean_logistic_slope_abs": 14.028613031210448,
      "mean_isotonic_r2_bidirectional": 0.998815828090334,
      "frac_inferred_increasing": 0.8333333333333334,
      "frac_inferred_decreasing": 0.0,
      "mean_bootstrap_mono_prob": 0.8591333333333334,
      "mean_significant_violations": 0.0,
      "mean_prob_range": 0.5866666666666666
    },
    {
      "variation_id": "United States economy_2241",
      "category": "United States economy",
      "identified_property": "severity of the economic downturn's broader impact",
      "valence": "negative",
      "n_comparisons": 30,
      "n_monotonic": 23,
      "monotonicity_rate": 0.7666666666666667,
      "n_monotonic_decreasing": 3,
      "monotonicity_rate_decreasing": 0.1,
      "set_inferred_direction": 1,
      "n_monotonic_inferred_direction": 23,
      "monotonicity_rate_inferred_direction": 0.7666666666666667,
      "n_erratic_flips": 0,
      "erratic_flip_rate": 0.0,
      "mean_kendall_tau": 0.717073608993996,
      "mean_spearman_rho": 0.8123805340175445,
      "jt_significant_rate": 0.9,
      "mean_logistic_slope": 4.8450341754103325,
      "logistic_significant_rate": 0.7666666666666667,
      "mean_isotonic_r2": 0.9772620115743114,
      "mean_kendall_tau_abs": 0.6626756819250794,
      "mean_spearman_rho_abs": 0.7421586160127139,
      "mean_logistic_slope_abs": 4.8450341754103325,
      "mean_isotonic_r2_bidirectional": 0.9772620115743114,
      "frac_inferred_increasing": 0.9,
      "frac_inferred_decreasing": 0.0,
      "mean_bootstrap_mono_prob": 0.7552500000000001,
      "mean_significant_violations": 0.0,
      "mean_prob_range": 0.6783333333333332
    },
    {
      "variation_id": "United States economy_3163",
      "category": "United States economy",
      "identified_property": "effectiveness at combating inflation with minimal economic disruption",
      "valence": "positive",
      "n_comparisons": 30,
      "n_monotonic": 17,
      "monotonicity_rate": 0.5666666666666667,
      "n_monotonic_decreasing": 1,
      "monotonicity_rate_decreasing": 0.03333333333333333,
      "set_inferred_direction": 1,
      "n_monotonic_inferred_direction": 17,
      "monotonicity_rate_inferred_direction": 0.5666666666666667,
      "n_erratic_flips": 0,
      "erratic_flip_rate": 0.0,
      "mean_kendall_tau": 0.8180335042728146,
      "mean_spearman_rho": 0.9095422802571899,
      "jt_significant_rate": 0.9666666666666667,
      "mean_logistic_slope": 5.295875225234699,
      "logistic_significant_rate": 0.8333333333333334,
      "mean_isotonic_r2": 0.9921271650307291,
      "mean_kendall_tau_abs": 0.7864387500553357,
      "mean_spearman_rho_abs": 0.8707980734175714,
      "mean_logistic_slope_abs": 5.295875225234699,
      "mean_isotonic_r2_bidirectional": 0.9921271650307291,
      "frac_inferred_increasing": 0.9666666666666667,
      "frac_inferred_decreasing": 0.0,
      "mean_bootstrap_mono_prob": 0.5927666666666667,
      "mean_significant_violations": 0.0,
      "mean_prob_range": 0.8849999999999999
    },
    {
      "variation_id": "United States economy_3510",
      "category": "United States economy",
      "identified_property": "magnitude and quality of foreign investment attracted",
      "valence": "positive",
      "n_comparisons": 30,
      "n_monotonic": 17,
      "monotonicity_rate": 0.5666666666666667,
      "n_monotonic_decreasing": 1,
      "monotonicity_rate_decreasing": 0.03333333333333333,
      "set_inferred_direction": 1,
      "n_monotonic_inferred_direction": 17,
      "monotonicity_rate_inferred_direction": 0.5666666666666667,
      "n_erratic_flips": 0,
      "erratic_flip_rate": 0.0,
      "mean_kendall_tau": 0.7959159793701496,
      "mean_spearman_rho": 0.8852806049788368,
      "jt_significant_rate": 0.9333333333333333,
      "mean_logistic_slope": 4.8812383962064665,
      "logistic_significant_rate": 0.8,
      "mean_isotonic_r2": 0.9599908712603017,
      "mean_kendall_tau_abs": 0.7486653695741627,
      "mean_spearman_rho_abs": 0.8258429593244987,
      "mean_logistic_slope_abs": 4.8812383962064665,
      "mean_isotonic_r2_bidirectional": 0.9599908712603017,
      "frac_inferred_increasing": 0.9666666666666667,
      "frac_inferred_decreasing": 0.0,
      "mean_bootstrap_mono_prob": 0.6191499999999999,
      "mean_significant_violations": 0.03333333333333333,
      "mean_prob_range": 0.77
    },
    {
      "variation_id": "United States economy_4120",
      "category": "United States economy",
      "identified_property": "magnitude of dollar strengthening and resulting competitiveness loss",
      "valence": "negative",
      "n_comparisons": 30,
      "n_monotonic": 10,
      "monotonicity_rate": 0.3333333333333333,