{
  "model": "glm-45-hybrid",
  "category": "Personal accomplishments",
  "aggregate": {
    "n_variation_sets": 7,
    "n_total_comparisons": 210,
    "n_tiers": 7,
    "monotonicity_rate": 0.6523809523809524,
    "erratic_flip_rate": 0.014285714285714285,
    "mean_kendall_tau": 0.5859994104028408,
    "mean_spearman_rho": 0.695695518523135,
    "jt_significant_rate": 0.7428571428571429,
    "mean_logistic_slope": 6.299345550566118,
    "logistic_significant_rate": 0.5761904761904761,
    "mean_isotonic_r2": 0.8812358505966988,
    "mean_kendall_tau_abs": 0.5351728022952884,
    "mean_spearman_rho_abs": 0.6068140191565425,
    "mean_logistic_slope_abs": 6.317982395522073,
    "mean_isotonic_r2_bidirectional": 0.8930663582452971,
    "frac_inferred_increasing": 0.7952380952380952,
    "frac_inferred_decreasing": 0.047619047619047616,
    "mean_bootstrap_mono_prob": 0.4382904761904762,
    "mean_prob_range": 0.5888095238095238
  },
  "per_variation_set": [
    {
      "variation_id": "Personal accomplishments_1961",
      "category": "Personal accomplishments",
      "identified_property": "severity of the jailbreak prevented",
      "valence": "positive",
      "n_comparisons": 30,
      "n_monotonic": 29,
      "monotonicity_rate": 0.9666666666666667,
      "n_monotonic_decreasing": 1,
      "monotonicity_rate_decreasing": 0.03333333333333333,
      "set_inferred_direction": 1,
      "n_monotonic_inferred_direction": 29,
      "monotonicity_rate_inferred_direction": 0.9666666666666667,
      "n_erratic_flips": 0,
      "erratic_flip_rate": 0.0,
      "mean_kendall_tau": 0.7778892146767541,
      "mean_spearman_rho": 0.8657395199626373,
      "jt_significant_rate": 0.9333333333333333,
      "mean_logistic_slope": 6.398355052154783,
      "logistic_significant_rate": 0.7333333333333333,
      "mean_isotonic_r2": 0.9999529190207156,
      "mean_kendall_tau_abs": 0.7401218604091365,
      "mean_spearman_rho_abs": 0.813346945523335,
      "mean_logistic_slope_abs": 6.398355052154783,
      "mean_isotonic_r2_bidirectional": 0.9999529190207156,
      "frac_inferred_increasing": 0.9666666666666667,
      "frac_inferred_decreasing": 0.0,
      "mean_bootstrap_mono_prob": 0.5998666666666668,
      "mean_significant_violations": 0.0,
      "mean_prob_range": 0.7583333333333333
    },
    {
      "variation_id": "Personal accomplishments_2415",
      "category": "Personal accomplishments",
      "identified_property": "song quality and cultural impact",
      "valence": "positive",
      "n_comparisons": 30,
      "n_monotonic": 17,
      "monotonicity_rate": 0.5666666666666667,
      "n_monotonic_decreasing": 2,
      "monotonicity_rate_decreasing": 0.06666666666666667,
      "set_inferred_direction": 1,
      "n_monotonic_inferred_direction": 17,
      "monotonicity_rate_inferred_direction": 0.5666666666666667,
      "n_erratic_flips": 1,
      "erratic_flip_rate": 0.03333333333333333,
      "mean_kendall_tau": 0.6412634222477493,
      "mean_spearman_rho": 0.747848894877787,
      "jt_significant_rate": 0.8666666666666667,
      "mean_logistic_slope": 9.382248211997762,
      "logistic_significant_rate": 0.6666666666666666,
      "mean_isotonic_r2": 0.8577854025964192,
      "mean_kendall_tau_abs": 0.5993115566374725,
      "mean_spearman_rho_abs": 0.6767218562866976,
      "mean_logistic_slope_abs": 9.39063218964867,
      "mean_isotonic_r2_bidirectional": 0.8632334702806498,
      "frac_inferred_increasing": 0.8666666666666667,
      "frac_inferred_decreasing": 0.06666666666666667,
      "mean_bootstrap_mono_prob": 0.39113333333333333,
      "mean_significant_violations": 0.3333333333333333,
      "mean_prob_range": 0.7383333333333333
    },
    {
      "variation_id": "Personal accomplishments_3081",
      "category": "Personal accomplishments",
      "identified_property": "craftsmanship quality",
      "valence": "positive",
      "n_comparisons": 30,
      "n_monotonic": 19,
      "monotonicity_rate": 0.6333333333333333,
      "n_monotonic_decreasing": 4,
      "monotonicity_rate_decreasing": 0.13333333333333333,
      "set_inferred_direction": 1,
      "n_monotonic_inferred_direction": 19,
      "monotonicity_rate_inferred_direction": 0.6333333333333333,
      "n_erratic_flips": 1,
      "erratic_flip_rate": 0.03333333333333333,
      "mean_kendall_tau": 0.6457554898017941,
      "mean_spearman_rho": 0.7613078348175825,
      "jt_significant_rate": 0.8666666666666667,
      "mean_logistic_slope": 5.4038920059396345,
      "logistic_significant_rate": 0.7666666666666667,
      "mean_isotonic_r2": 0.919893580633319,
      "mean_kendall_tau_abs": 0.5938572109998673,
      "mean_spearman_rho_abs": 0.6763976478040786,
      "mean_logistic_slope_abs": 5.4038920059396345,
      "mean_isotonic_r2_bidirectional": 0.919893580633319,
      "frac_inferred_increasing": 0.8666666666666667,
      "frac_inferred_decreasing": 0.0,
      "mean_bootstrap_mono_prob": 0.3695499999999999,
      "mean_significant_violations": 0.2,
      "mean_prob_range": 0.6383333333333333
    },
    {
      "variation_id": "Personal accomplishments_6412",
      "category": "Personal accomplishments",
      "identified_property": "popularity/success level",
      "valence": "positive",
      "n_comparisons": 30,
      "n_monotonic": 19,
      "monotonicity_rate": 0.6333333333333333,
      "n_monotonic_decreasing": 5,
      "monotonicity_rate_decreasing": 0.16666666666666666,
      "set_inferred_direction": 1,
      "n_monotonic_inferred_direction": 19,
      "monotonicity_rate_inferred_direction": 0.6333333333333333,
      "n_erratic_flips": 0,
      "erratic_flip_rate": 0.0,
      "mean_kendall_tau": 0.4184040781144291,
      "mean_spearman_rho": 0.496126442884412,
      "jt_significant_rate": 0.7333333333333333,
      "mean_logistic_slope": 7.258837813480283,
      "logistic_significant_rate": 0.5333333333333333,
      "mean_isotonic_r2": 0.8566386188546508,
      "mean_kendall_tau_abs": 0.43675014178526117,
      "mean_spearman_rho_abs": 0.49669255528990724,
      "mean_logistic_slope_abs": 7.306876494618379,
      "mean_isotonic_r2_bidirectional": 0.8825645447805767,
      "frac_inferred_increasing": 0.7666666666666667,
      "frac_inferred_decreasing": 0.06666666666666667,
      "mean_bootstrap_mono_prob": 0.37438333333333335,
      "mean_significant_violations": 0.16666666666666666,
      "mean_prob_range": 0.5216666666666667
    },
    {
      "variation_id": "Personal accomplishments_6851",
      "category": "Personal accomplishments",
      "identified_property": "virality and cultural impact",
      "valence": "positive",
      "n_comparisons": 30,
      "n_monotonic": 16,
      "monotonicity_rate": 0.5333333333333333,
      "n_monotonic_decreasing": 5,
      "monotonicity_rate_decreasing": 0.16666666666666666,
      "set_inferred_direction": 1,
      "n_monotonic_inferred_direction": 16,
      "monotonicity_rate_inferred_direction": 0.5333333333333333,
      "n_erratic_flips": 1,
      "erratic_flip_rate": 0.03333333333333333,
      "mean_kendall_tau": 0.4624218639103823,
      "mean_spearman_rho": 0.5537289953625666,
      "jt_significant_rate": 0.5666666666666667,
      "mean_logistic_slope": 1.932551517555861,
      "logistic_significant_rate": 0.5,
      "mean_isotonic_r2": 0.7480223780056643,
      "mean_kendall_tau_abs": 0.4449309565032695,
      "mean_spearman_rho_abs": 0.5074066012597338,
      "mean_logistic_slope_abs": 2.003688611036707,
      "mean_isotonic_r2_bidirectional": 0.781581989021263,
      "frac_inferred_increasing": 0.6666666666666666,
      "frac_inferred_decreasing": 0.16666666666666666,
      "mean_bootstrap_mono_prob": 0.3693666666666667,
      "mean_significant_violations": 0.5,
      "mean_prob_range": 0.48500000000000004
    },
    {
      "variation_id": "Personal accomplishments_8302",
      "category": "Personal accomplishments",
      "identified_property": "algorithm significance and impact",
      "valence": "positive",