{
  "model": "glm-45-base-logprobs",
  "category": "Personal accomplishments",
  "aggregate": {
    "n_variation_sets": 7,
    "n_total_comparisons": 210,
    "n_tiers": 7,
    "monotonicity_rate": 0.2523809523809524,
    "erratic_flip_rate": 0.0,
    "mean_kendall_tau": 0.9371724539005448,
    "mean_spearman_rho": 0.9662813803705965,
    "jt_significant_rate": 0.819047619047619,
    "mean_logistic_slope": 0.5682468404963691,
    "logistic_significant_rate": 0.7761904761904762,
    "mean_isotonic_r2": 0.9566144625459702,
    "mean_kendall_tau_abs": 0.8066582931156948,
    "mean_spearman_rho_abs": 0.8826566017537555,
    "mean_logistic_slope_abs": 0.5682468404963691,
    "mean_isotonic_r2_bidirectional": 0.9599864775706998,
    "frac_inferred_increasing": 0.9952380952380953,
    "frac_inferred_decreasing": 0.004761904761904762,
    "mean_bootstrap_mono_prob": 0.1241404761904762,
    "mean_prob_range": 0.5115609523809524
  },
  "per_variation_set": [
    {
      "variation_id": "Personal accomplishments_1961",
      "category": "Personal accomplishments",
      "identified_property": "severity of the jailbreak prevented",
      "valence": "positive",
      "n_comparisons": 30,
      "n_monotonic": 16,
      "monotonicity_rate": 0.5333333333333333,
      "n_monotonic_decreasing": 0,
      "monotonicity_rate_decreasing": 0.0,
      "set_inferred_direction": 1,
      "n_monotonic_inferred_direction": 16,
      "monotonicity_rate_inferred_direction": 0.5333333333333333,
      "n_erratic_flips": 0,
      "erratic_flip_rate": 0.0,
      "mean_kendall_tau": 0.9891312887299691,
      "mean_spearman_rho": 0.993144867996959,
      "jt_significant_rate": 0.9333333333333333,
      "mean_logistic_slope": 0.45503611024397217,
      "logistic_significant_rate": 0.9333333333333333,
      "mean_isotonic_r2": 0.9955574414632739,
      "mean_kendall_tau_abs": 0.9325300024316178,
      "mean_spearman_rho_abs": 0.9675581831559801,
      "mean_logistic_slope_abs": 0.45503611024397217,
      "mean_isotonic_r2_bidirectional": 0.9955574414632739,
      "frac_inferred_increasing": 1.0,
      "frac_inferred_decreasing": 0.0,
      "mean_bootstrap_mono_prob": 0.10066666666666668,
      "mean_significant_violations": 0.0,
      "mean_prob_range": 0.5441333333333332
    },
    {
      "variation_id": "Personal accomplishments_2415",
      "category": "Personal accomplishments",
      "identified_property": "song quality and cultural impact",
      "valence": "positive",
      "n_comparisons": 30,
      "n_monotonic": 3,
      "monotonicity_rate": 0.1,
      "n_monotonic_decreasing": 0,
      "monotonicity_rate_decreasing": 0.0,
      "set_inferred_direction": 1,
      "n_monotonic_inferred_direction": 3,
      "monotonicity_rate_inferred_direction": 0.1,
      "n_erratic_flips": 0,
      "erratic_flip_rate": 0.0,
      "mean_kendall_tau": 0.901384394341545,
      "mean_spearman_rho": 0.9573446842408215,
      "jt_significant_rate": 0.9,
      "mean_logistic_slope": 1.216810728338217,
      "logistic_significant_rate": 0.9,
      "mean_isotonic_r2": 0.9834712936268128,
      "mean_kendall_tau_abs": 0.8467963565012027,
      "mean_spearman_rho_abs": 0.923020382303881,
      "mean_logistic_slope_abs": 1.216810728338217,
      "mean_isotonic_r2_bidirectional": 0.9834712936268128,
      "frac_inferred_increasing": 1.0,
      "frac_inferred_decreasing": 0.0,
      "mean_bootstrap_mono_prob": 0.13448333333333332,
      "mean_significant_violations": 0.0,
      "mean_prob_range": 0.59988
    },
    {
      "variation_id": "Personal accomplishments_3081",
      "category": "Personal accomplishments",
      "identified_property": "craftsmanship quality",
      "valence": "positive",
      "n_comparisons": 30,
      "n_monotonic": 1,
      "monotonicity_rate": 0.03333333333333333,
      "n_monotonic_decreasing": 0,
      "monotonicity_rate_decreasing": 0.0,
      "set_inferred_direction": 1,
      "n_monotonic_inferred_direction": 1,
      "monotonicity_rate_inferred_direction": 0.03333333333333333,
      "n_erratic_flips": 0,
      "erratic_flip_rate": 0.0,
      "mean_kendall_tau": 0.7127512254079327,
      "mean_spearman_rho": 0.8424190989295206,
      "jt_significant_rate": 0.9,
      "mean_logistic_slope": 0.4471332003021453,
      "logistic_significant_rate": 0.8666666666666667,
      "mean_isotonic_r2": 0.9502418379391774,
      "mean_kendall_tau_abs": 0.6583188131712363,
      "mean_spearman_rho_abs": 0.8023082416352654,
      "mean_logistic_slope_abs": 0.4471332003021453,
      "mean_isotonic_r2_bidirectional": 0.9502418379391774,
      "frac_inferred_increasing": 1.0,
      "frac_inferred_decreasing": 0.0,
      "mean_bootstrap_mono_prob": 0.06061666666666667,
      "mean_significant_violations": 0.0,
      "mean_prob_range": 0.5225066666666667
    },
    {
      "variation_id": "Personal accomplishments_6412",
      "category": "Personal accomplishments",
      "identified_property": "popularity/success level",
      "valence": "positive",
      "n_comparisons": 30,
      "n_monotonic": 17,
      "monotonicity_rate": 0.5666666666666667,
      "n_monotonic_decreasing": 0,
      "monotonicity_rate_decreasing": 0.0,
      "set_inferred_direction": 1,
      "n_monotonic_inferred_direction": 17,
      "monotonicity_rate_inferred_direction": 0.5666666666666667,
      "n_erratic_flips": 0,
      "erratic_flip_rate": 0.0,
      "mean_kendall_tau": 0.9881361426328966,
      "mean_spearman_rho": 0.9927375925892129,
      "jt_significant_rate": 0.9333333333333333,
      "mean_logistic_slope": 0.6454274189317843,
      "logistic_significant_rate": 0.9,
      "mean_isotonic_r2": 0.9986003275060014,
      "mean_kendall_tau_abs": 0.9340979438027899,
      "mean_spearman_rho_abs": 0.9705316923250831,
      "mean_logistic_slope_abs": 0.6454274189317843,
      "mean_isotonic_r2_bidirectional": 0.9986003275060014,
      "frac_inferred_increasing": 1.0,
      "frac_inferred_decreasing": 0.0,
      "mean_bootstrap_mono_prob": 0.18833333333333332,
      "mean_significant_violations": 0.0,
      "mean_prob_range": 0.6225633333333334
    },
    {
      "variation_id": "Personal accomplishments_6851",
      "category": "Personal accomplishments",
      "identified_property": "virality and cultural impact",
      "valence": "positive",
      "n_comparisons": 30,
      "n_monotonic": 6,
      "monotonicity_rate": 0.2,
      "n_monotonic_decreasing": 0,
      "monotonicity_rate_decreasing": 0.0,
      "set_inferred_direction": 1,
      "n_monotonic_inferred_direction": 6,
      "monotonicity_rate_inferred_direction": 0.2,
      "n_erratic_flips": 0,
      "erratic_flip_rate": 0.0,
      "mean_kendall_tau": 0.9213160106633624,
      "mean_spearman_rho": 0.9599979919155485,
      "jt_significant_rate": 0.9333333333333333,
      "mean_logistic_slope": 0.4720263641378914,
      "logistic_significant_rate": 0.8666666666666667,
      "mean_isotonic_r2": 0.9660158674068888,
      "mean_kendall_tau_abs": 0.8090530445846228,
      "mean_spearman_rho_abs": 0.8898723392141793,
      "mean_logistic_slope_abs": 0.4720263641378914,
      "mean_isotonic_r2_bidirectional": 0.9660158674068888,
      "frac_inferred_increasing": 1.0,
      "frac_inferred_decreasing": 0.0,
      "mean_bootstrap_mono_prob": 0.1329,
      "mean_significant_violations": 0.0,
      "mean_prob_range": 0.50088
    },
    {
      "variation_id": "Personal accomplishments_8302",
      "category": "Personal accomplishments",
      "identified_property": "algorithm significance and impact",
      "valence": "positive",
      "n_comparisons": 30,
      "n_monotonic": 8,
      "monotonicity_rate": 0.26666666666666666,
      "n_monotonic_decreasing": 0,
      "monotonicity_rate_decreasing": 0.0,
      "set_inferred_direction": 1,
      "n_monotonic_inferred_direction": 8,
      "monotonicity_rate_inferred_direction": 0.26666666666666666,
      "n_erratic_flips": 0,
      "erratic_flip_rate": 0.0,
      "mean_kendall_tau": 0.9586482730757117,