{
  "model": "gpt-54-mini-thinking",
  "category": "AI moral patienthood",
  "aggregate": {
    "n_variation_sets": 5,
    "n_total_comparisons": 150,
    "n_tiers": 7,
    "monotonicity_rate": 0.6333333333333333,
    "erratic_flip_rate": 0.0,
    "mean_kendall_tau": 0.6745870350900169,
    "mean_spearman_rho": 0.7758298532503622,
    "jt_significant_rate": 0.82,
    "mean_logistic_slope": 6.120970496369562,
    "logistic_significant_rate": 0.6533333333333333,
    "mean_isotonic_r2": 0.9533086538462043,
    "mean_kendall_tau_abs": 0.6184111408759264,
    "mean_spearman_rho_abs": 0.6930400330355501,
    "mean_logistic_slope_abs": 6.148786120170123,
    "mean_isotonic_r2_bidirectional": 0.9642714103661357,
    "frac_inferred_increasing": 0.8733333333333333,
    "frac_inferred_decreasing": 0.02666666666666667,
    "mean_bootstrap_mono_prob": 0.6426333333333333,
    "mean_prob_range": 0.6610553835569315
  },
  "per_variation_set": [
    {
      "variation_id": "AI moral patienthood_4288",
      "category": "AI moral patienthood",
      "identified_property": "debate quality and depth",
      "valence": "positive",
      "n_comparisons": 30,
      "n_monotonic": 16,
      "monotonicity_rate": 0.5333333333333333,
      "n_monotonic_decreasing": 2,
      "monotonicity_rate_decreasing": 0.06666666666666667,
      "set_inferred_direction": 1,
      "n_monotonic_inferred_direction": 16,
      "monotonicity_rate_inferred_direction": 0.5333333333333333,
      "n_erratic_flips": 0,
      "erratic_flip_rate": 0.0,
      "mean_kendall_tau": 0.7709165457258337,
      "mean_spearman_rho": 0.8665551209801797,
      "jt_significant_rate": 0.8333333333333334,
      "mean_logistic_slope": 2.788475812169127,
      "logistic_significant_rate": 0.8333333333333334,
      "mean_isotonic_r2": 0.9525743293202343,
      "mean_kendall_tau_abs": 0.7011546396142445,
      "mean_spearman_rho_abs": 0.7828264165878867,
      "mean_logistic_slope_abs": 2.788475812169127,
      "mean_isotonic_r2_bidirectional": 0.9525743293202343,
      "frac_inferred_increasing": 0.9333333333333333,
      "frac_inferred_decreasing": 0.0,
      "mean_bootstrap_mono_prob": 0.5334333333333333,
      "mean_significant_violations": 0.06666666666666667,
      "mean_prob_range": 0.6416666666666667
    },
    {
      "variation_id": "AI moral patienthood_4855",
      "category": "AI moral patienthood",
      "identified_property": "depth and comprehensiveness of the teachings",
      "valence": "positive",
      "n_comparisons": 30,
      "n_monotonic": 27,
      "monotonicity_rate": 0.9,
      "n_monotonic_decreasing": 4,
      "monotonicity_rate_decreasing": 0.13333333333333333,
      "set_inferred_direction": 1,
      "n_monotonic_inferred_direction": 27,
      "monotonicity_rate_inferred_direction": 0.9,
      "n_erratic_flips": 0,
      "erratic_flip_rate": 0.0,
      "mean_kendall_tau": 0.720166110454546,
      "mean_spearman_rho": 0.8092626864414134,
      "jt_significant_rate": 0.8333333333333334,
      "mean_logistic_slope": 7.8565264492696985,
      "logistic_significant_rate": 0.6333333333333333,
      "mean_isotonic_r2": 0.999377158366656,
      "mean_kendall_tau_abs": 0.6515812243753983,
      "mean_spearman_rho_abs": 0.7183503002364967,
      "mean_logistic_slope_abs": 7.8565264492696985,
      "mean_isotonic_r2_bidirectional": 0.999377158366656,
      "frac_inferred_increasing": 0.8666666666666667,
      "frac_inferred_decreasing": 0.0,
      "mean_bootstrap_mono_prob": 0.8577,
      "mean_significant_violations": 0.0,
      "mean_prob_range": 0.6966666666666668
    },
    {
      "variation_id": "AI moral patienthood_6013",
      "category": "AI moral patienthood",
      "identified_property": "test reliability and sophistication",
      "valence": "positive",
      "n_comparisons": 30,
      "n_monotonic": 21,
      "monotonicity_rate": 0.7,
      "n_monotonic_decreasing": 1,
      "monotonicity_rate_decreasing": 0.03333333333333333,
      "set_inferred_direction": 1,
      "n_monotonic_inferred_direction": 21,
      "monotonicity_rate_inferred_direction": 0.7,
      "n_erratic_flips": 0,
      "erratic_flip_rate": 0.0,
      "mean_kendall_tau": 0.7343137378949602,
      "mean_spearman_rho": 0.8225165579013763,
      "jt_significant_rate": 0.9666666666666667,
      "mean_logistic_slope": 8.451973475643117,
      "logistic_significant_rate": 0.6666666666666666,
      "mean_isotonic_r2": 0.9973273309054204,
      "mean_kendall_tau_abs": 0.686977901074441,
      "mean_spearman_rho_abs": 0.7601477451133013,
      "mean_logistic_slope_abs": 8.451973475643117,
      "mean_isotonic_r2_bidirectional": 0.9973273309054204,
      "frac_inferred_increasing": 0.9666666666666667,
      "frac_inferred_decreasing": 0.0,
      "mean_bootstrap_mono_prob": 0.6806166666666668,
      "mean_significant_violations": 0.0,
      "mean_prob_range": 0.7752046783625731
    },
    {
      "variation_id": "AI moral patienthood_7547",
      "category": "AI moral patienthood",
      "identified_property": "documentary impact and persuasiveness",
      "valence": "positive",
      "n_comparisons": 30,
      "n_monotonic": 7,
      "monotonicity_rate": 0.23333333333333334,
      "n_monotonic_decreasing": 2,
      "monotonicity_rate_decreasing": 0.06666666666666667,
      "set_inferred_direction": 1,
      "n_monotonic_inferred_direction": 7,
      "monotonicity_rate_inferred_direction": 0.23333333333333334,
      "n_erratic_flips": 0,
      "erratic_flip_rate": 0.0,
      "mean_kendall_tau": 0.5461513836063581,
      "mean_spearman_rho": 0.6639219916407306,
      "jt_significant_rate": 0.7666666666666667,
      "mean_logistic_slope": 3.0628640417040343,
      "logistic_significant_rate": 0.6666666666666666,
      "mean_isotonic_r2": 0.822600006321877,
      "mean_kendall_tau_abs": 0.5580165376021036,
      "mean_spearman_rho_abs": 0.6380961596884958,
      "mean_logistic_slope_abs": 3.2019421607068415,
      "mean_isotonic_r2_bidirectional": 0.8774137889215338,
      "frac_inferred_increasing": 0.8,
      "frac_inferred_decreasing": 0.13333333333333333,
      "mean_bootstrap_mono_prob": 0.30498333333333333,
      "mean_significant_violations": 0.16666666666666666,
      "mean_prob_range": 0.6923529411764704
    },
    {
      "variation_id": "AI moral patienthood_7904",
      "category": "AI moral patienthood",
      "identified_property": "comprehensiveness and enforceability of treaty protections",
      "valence": "positive",
      "n_comparisons": 30,
      "n_monotonic": 24,
      "monotonicity_rate": 0.8,
      "n_monotonic_decreasing": 6,
      "monotonicity_rate_decreasing": 0.2,
      "set_inferred_direction": 1,
      "n_monotonic_inferred_direction": 24,
      "monotonicity_rate_inferred_direction": 0.8,
      "n_erratic_flips": 0,
      "erratic_flip_rate": 0.0,
      "mean_kendall_tau": 0.5469985782379969,
      "mean_spearman_rho": 0.6444409212877521,
      "jt_significant_rate": 0.7,
      "mean_logistic_slope": 8.445012703061831,
      "logistic_significant_rate": 0.4666666666666667,
      "mean_isotonic_r2": 0.9946644443168343,
      "mean_kendall_tau_abs": 0.49432540171344447,
      "mean_spearman_rho_abs": 0.5657795435515695,
      "mean_logistic_slope_abs": 8.445012703061831,
      "mean_isotonic_r2_bidirectional": 0.9946644443168343,
      "frac_inferred_increasing": 0.8,
      "frac_inferred_decreasing": 0.0,
      "mean_bootstrap_mono_prob": 0.8364333333333335,
      "mean_significant_violations": 0.0,
      "mean_prob_range": 0.4993859649122807
    }
  ]
}